# Human 3D Model
mtllib human.mtl

v 0.0000 174.5000 0.5000
v 0.0000 174.5000 0.5000
v 0.0000 174.5000 0.5000
v 0.0000 174.5000 0.5000
v 0.0000 174.5000 0.5000
v 0.0000 174.5000 0.5000
v 0.0000 174.5000 0.5000
v 0.0000 174.5000 0.5000
v 0.0000 174.5000 0.5000
v 0.0000 174.5000 0.5000
v 0.0000 174.5000 0.5000
v 0.0000 174.5000 0.5000
v 0.0000 174.5000 0.5000
v 0.0000 174.5000 0.5000
v 0.0000 174.5000 0.5000
v 0.0000 174.5000 0.5000
v 0.0000 174.5000 0.5000
v 0.0000 174.5000 0.5000
v 0.0000 174.5000 0.5000
v 0.0000 174.5000 0.5000
v 2.1139 174.2117 0.5000
v 2.0105 174.2117 1.2220
v 1.7102 174.2117 1.8733
v 1.2425 174.2117 2.3902
v 0.6532 174.2117 2.7221
v 0.0000 174.2117 2.8365
v -0.6532 174.2117 2.7221
v -1.2425 174.2117 2.3902
v -1.7102 174.2117 1.8733
v -2.0105 174.2117 1.2220
v -2.1139 174.2117 0.5000
v -2.0105 174.2117 -0.2220
v -1.7102 174.2117 -0.8733
v -1.2425 174.2117 -1.3902
v -0.6532 174.2117 -1.7221
v -0.0000 174.2117 -1.8365
v 0.6532 174.2117 -1.7221
v 1.2425 174.2117 -1.3902
v 1.7102 174.2117 -0.8733
v 2.0105 174.2117 -0.2220
v 4.1219 173.3611 0.5000
v 3.9202 173.3611 1.9078
v 3.3347 173.3611 3.1778
v 2.4228 173.3611 4.1857
v 1.2737 173.3611 4.8328
v 0.0000 173.3611 5.0558
v -1.2737 173.3611 4.8328
v -2.4228 173.3611 4.1857
v -3.3347 173.3611 3.1778
v -3.9202 173.3611 1.9078
v -4.1219 173.3611 0.5000
v -3.9202 173.3611 -0.9078
v -3.3347 173.3611 -2.1778
v -2.4228 173.3611 -3.1857
v -1.2737 173.3611 -3.8328
v -0.0000 173.3611 -4.0558
v 1.2737 173.3611 -3.8328
v 2.4228 173.3611 -3.1857
v 3.3347 173.3611 -2.1778
v 3.9202 173.3611 -0.9078
v 5.9232 171.9911 0.5000
v 5.6333 171.9911 2.5230
v 4.7919 171.9911 4.3480
v 3.4815 171.9911 5.7963
v 1.8304 171.9911 6.7262
v 0.0000 171.9911 7.0466
v -1.8304 171.9911 6.7262
v -3.4815 171.9911 5.7963
v -4.7919 171.9911 4.3480
v -5.6333 171.9911 2.5230
v -5.9232 171.9911 0.5000
v -5.6333 171.9911 -1.5230
v -4.7919 171.9911 -3.3480
v -3.4815 171.9911 -4.7963
v -1.8304 171.9911 -5.7262
v -0.0000 171.9911 -6.0466
v 1.8304 171.9911 -5.7262
v 3.4815 171.9911 -4.7963
v 4.7919 171.9911 -3.3480
v 5.6333 171.9911 -1.5230
v 7.4274 170.1701 0.5000
v 7.0639 170.1701 3.0368
v 6.0089 170.1701 5.3253
v 4.3657 170.1701 7.1414
v 2.2952 170.1701 8.3074
v 0.0000 170.1701 8.7092
v -2.2952 170.1701 8.3074
v -4.3657 170.1701 7.1414
v -6.0089 170.1701 5.3253
v -7.0639 170.1701 3.0368
v -7.4274 170.1701 0.5000
v -7.0639 170.1701 -2.0368
v -6.0089 170.1701 -4.3253
v -4.3657 170.1701 -6.1414
v -2.2952 170.1701 -7.3074
v -0.0000 170.1701 -7.7092
v 2.2952 170.1701 -7.3074
v 4.3657 170.1701 -6.1414
v 6.0089 170.1701 -4.3253
v 7.0639 170.1701 -2.0368
v 8.5592 167.9897 0.5000
v 8.1403 167.9897 3.4234
v 6.9245 167.9897 6.0606
v 5.0310 167.9897 8.1534
v 2.6449 167.9897 9.4972
v 0.0000 167.9897 9.9602
v -2.6449 167.9897 9.4972
v -5.0310 167.9897 8.1534
v -6.9245 167.9897 6.0606
v -8.1403 167.9897 3.4234
v -8.5592 167.9897 0.5000
v -8.1403 167.9897 -2.4234
v -6.9245 167.9897 -5.0606
v -5.0310 167.9897 -7.1534
v -2.6449 167.9897 -8.4972
v -0.0000 167.9897 -8.9602
v 2.6449 167.9897 -8.4972
v 5.0310 167.9897 -7.1534
v 6.9245 167.9897 -5.0606
v 8.1403 167.9897 -2.4234
v 9.2618 165.5590 0.5000
v 8.8085 165.5590 3.6633
v 7.4930 165.5590 6.5170
v 5.4440 165.5590 8.7817
v 2.8621 165.5590 10.2357
v 0.0000 165.5590 10.7367
v -2.8621 165.5590 10.2357
v -5.4440 165.5590 8.7817
v -7.4930 165.5590 6.5170
v -8.8085 165.5590 3.6633
v -9.2618 165.5590 0.5000
v -8.8085 165.5590 -2.6633
v -7.4930 165.5590 -5.5170
v -5.4440 165.5590 -7.7817
v -2.8621 165.5590 -9.2357
v -0.0000 165.5590 -9.7367
v 2.8621 165.5590 -9.2357
v 5.4440 165.5590 -7.7817
v 7.4930 165.5590 -5.5170
v 8.8085 165.5590 -2.6633
v 9.5000 163.0000 0.5000
v 9.0350 163.0000 3.7447
v 7.6857 163.0000 6.6717
v 5.5840 163.0000 8.9947
v 2.9357 163.0000 10.4861
v 0.0000 163.0000 11.0000
v -2.9357 163.0000 10.4861
v -5.5840 163.0000 8.9947
v -7.6857 163.0000 6.6717
v -9.0350 163.0000 3.7447
v -9.5000 163.0000 0.5000
v -9.0350 163.0000 -2.7447
v -7.6857 163.0000 -5.6717
v -5.5840 163.0000 -7.9947
v -2.9357 163.0000 -9.4861
v -0.0000 163.0000 -10.0000
v 2.9357 163.0000 -9.4861
v 5.5840 163.0000 -7.9947
v 7.6857 163.0000 -5.6717
v 9.0350 163.0000 -2.7447
v 9.2618 160.4410 0.5000
v 8.8085 160.4410 3.6633
v 7.4930 160.4410 6.5170
v 5.4440 160.4410 8.7817
v 2.8621 160.4410 10.2357
v 0.0000 160.4410 10.7367
v -2.8621 160.4410 10.2357
v -5.4440 160.4410 8.7817
v -7.4930 160.4410 6.5170
v -8.8085 160.4410 3.6633
v -9.2618 160.4410 0.5000
v -8.8085 160.4410 -2.6633
v -7.4930 160.4410 -5.5170
v -5.4440 160.4410 -7.7817
v -2.8621 160.4410 -9.2357
v -0.0000 160.4410 -9.7367
v 2.8621 160.4410 -9.2357
v 5.4440 160.4410 -7.7817
v 7.4930 160.4410 -5.5170
v 8.8085 160.4410 -2.6633
v 8.5592 158.0103 0.5000
v 8.1403 158.0103 3.4234
v 6.9245 158.0103 6.0606
v 5.0310 158.0103 8.1534
v 2.6449 158.0103 9.4972
v 0.0000 158.0103 9.9602
v -2.6449 158.0103 9.4972
v -5.0310 158.0103 8.1534
v -6.9245 158.0103 6.0606
v -8.1403 158.0103 3.4234
v -8.5592 158.0103 0.5000
v -8.1403 158.0103 -2.4234
v -6.9245 158.0103 -5.0606
v -5.0310 158.0103 -7.1534
v -2.6449 158.0103 -8.4972
v -0.0000 158.0103 -8.9602
v 2.6449 158.0103 -8.4972
v 5.0310 158.0103 -7.1534
v 6.9245 158.0103 -5.0606
v 8.1403 158.0103 -2.4234
v 7.4274 155.8299 0.5000
v 7.0639 155.8299 3.0368
v 6.0089 155.8299 5.3253
v 4.3657 155.8299 7.1414
v 2.2952 155.8299 8.3074
v 0.0000 155.8299 8.7092
v -2.2952 155.8299 8.3074
v -4.3657 155.8299 7.1414
v -6.0089 155.8299 5.3253
v -7.0639 155.8299 3.0368
v -7.4274 155.8299 0.5000
v -7.0639 155.8299 -2.0368
v -6.0089 155.8299 -4.3253
v -4.3657 155.8299 -6.1414
v -2.2952 155.8299 -7.3074
v -0.0000 155.8299 -7.7092
v 2.2952 155.8299 -7.3074
v 4.3657 155.8299 -6.1414
v 6.0089 155.8299 -4.3253
v 7.0639 155.8299 -2.0368
v 5.9232 154.0089 0.5000
v 5.6333 154.0089 2.5230
v 4.7919 154.0089 4.3480
v 3.4815 154.0089 5.7963
v 1.8304 154.0089 6.7262
v 0.0000 154.0089 7.0466
v -1.8304 154.0089 6.7262
v -3.4815 154.0089 5.7963
v -4.7919 154.0089 4.3480
v -5.6333 154.0089 2.5230
v -5.9232 154.0089 0.5000
v -5.6333 154.0089 -1.5230
v -4.7919 154.0089 -3.3480
v -3.4815 154.0089 -4.7963
v -1.8304 154.0089 -5.7262
v -0.0000 154.0089 -6.0466
v 1.8304 154.0089 -5.7262
v 3.4815 154.0089 -4.7963
v 4.7919 154.0089 -3.3480
v 5.6333 154.0089 -1.5230
v 4.1219 152.6389 0.5000
v 3.9202 152.6389 1.9078
v 3.3347 152.6389 3.1778
v 2.4228 152.6389 4.1857
v 1.2737 152.6389 4.8328
v 0.0000 152.6389 5.0558
v -1.2737 152.6389 4.8328
v -2.4228 152.6389 4.1857
v -3.3347 152.6389 3.1778
v -3.9202 152.6389 1.9078
v -4.1219 152.6389 0.5000
v -3.9202 152.6389 -0.9078
v -3.3347 152.6389 -2.1778
v -2.4228 152.6389 -3.1857
v -1.2737 152.6389 -3.8328
v -0.0000 152.6389 -4.0558
v 1.2737 152.6389 -3.8328
v 2.4228 152.6389 -3.1857
v 3.3347 152.6389 -2.1778
v 3.9202 152.6389 -0.9078
v 2.1139 151.7883 0.5000
v 2.0105 151.7883 1.2220
v 1.7102 151.7883 1.8733
v 1.2425 151.7883 2.3902
v 0.6532 151.7883 2.7221
v 0.0000 151.7883 2.8365
v -0.6532 151.7883 2.7221
v -1.2425 151.7883 2.3902
v -1.7102 151.7883 1.8733
v -2.0105 151.7883 1.2220
v -2.1139 151.7883 0.5000
v -2.0105 151.7883 -0.2220
v -1.7102 151.7883 -0.8733
v -1.2425 151.7883 -1.3902
v -0.6532 151.7883 -1.7221
v -0.0000 151.7883 -1.8365
v 0.6532 151.7883 -1.7221
v 1.2425 151.7883 -1.3902
v 1.7102 151.7883 -0.8733
v 2.0105 151.7883 -0.2220
v 0.0000 151.5000 0.5000
v 0.0000 151.5000 0.5000
v 0.0000 151.5000 0.5000
v 0.0000 151.5000 0.5000
v 0.0000 151.5000 0.5000
v 0.0000 151.5000 0.5000
v -0.0000 151.5000 0.5000
v -0.0000 151.5000 0.5000
v -0.0000 151.5000 0.5000
v -0.0000 151.5000 0.5000
v -0.0000 151.5000 0.5000
v -0.0000 151.5000 0.5000
v -0.0000 151.5000 0.5000
v -0.0000 151.5000 0.5000
v -0.0000 151.5000 0.5000
v -0.0000 151.5000 0.5000
v 0.0000 151.5000 0.5000
v 0.0000 151.5000 0.5000
v 0.0000 151.5000 0.5000
v 0.0000 151.5000 0.5000
v 0.0000 176.0000 -0.5000
v 0.0000 176.0000 -0.5000
v 0.0000 176.0000 -0.5000
v 0.0000 176.0000 -0.5000
v 0.0000 176.0000 -0.5000
v 0.0000 176.0000 -0.5000
v 0.0000 176.0000 -0.5000
v 0.0000 176.0000 -0.5000
v 0.0000 176.0000 -0.5000
v 0.0000 176.0000 -0.5000
v 0.0000 176.0000 -0.5000
v 0.0000 176.0000 -0.5000
v 0.0000 176.0000 -0.5000
v 0.0000 176.0000 -0.5000
v 0.0000 176.0000 -0.5000
v 0.0000 176.0000 -0.5000
v 0.0000 176.0000 -0.5000
v 0.0000 176.0000 -0.5000
v 0.0000 176.0000 -0.5000
v 0.0000 176.0000 -0.5000
v 2.5882 175.6933 -0.5000
v 2.4615 175.6933 0.3798
v 2.0939 175.6933 1.1734
v 1.5213 175.6933 1.8033
v 0.7998 175.6933 2.2077
v 0.0000 175.6933 2.3470
v -0.7998 175.6933 2.2077
v -1.5213 175.6933 1.8033
v -2.0939 175.6933 1.1734
v -2.4615 175.6933 0.3798
v -2.5882 175.6933 -0.5000
v -2.4615 175.6933 -1.3798
v -2.0939 175.6933 -2.1734
v -1.5213 175.6933 -2.8033
v -0.7998 175.6933 -3.2077
v -0.0000 175.6933 -3.3470
v 0.7998 175.6933 -3.2077
v 1.5213 175.6933 -2.8033
v 2.0939 175.6933 -2.1734
v 2.4615 175.6933 -1.3798
v 5.0000 174.7942 -0.5000
v 4.7553 174.7942 1.1996
v 4.0451 174.7942 2.7328
v 2.9389 174.7942 3.9496
v 1.5451 174.7942 4.7308
v 0.0000 174.7942 5.0000
v -1.5451 174.7942 4.7308
v -2.9389 174.7942 3.9496
v -4.0451 174.7942 2.7328
v -4.7553 174.7942 1.1996
v -5.0000 174.7942 -0.5000
v -4.7553 174.7942 -2.1996
v -4.0451 174.7942 -3.7328
v -2.9389 174.7942 -4.9496
v -1.5451 174.7942 -5.7308
v -0.0000 174.7942 -6.0000
v 1.5451 174.7942 -5.7308
v 2.9389 174.7942 -4.9496
v 4.0451 174.7942 -3.7328
v 4.7553 174.7942 -2.1996
v 7.0711 173.3640 -0.5000
v 6.7250 173.3640 1.9036
v 5.7206 173.3640 4.0719
v 4.1563 173.3640 5.7927
v 2.1851 173.3640 6.8975
v 0.0000 173.3640 7.2782
v -2.1851 173.3640 6.8975
v -4.1563 173.3640 5.7927
v -5.7206 173.3640 4.0719
v -6.7250 173.3640 1.9036
v -7.0711 173.3640 -0.5000
v -6.7250 173.3640 -2.9036
v -5.7206 173.3640 -5.0719
v -4.1563 173.3640 -6.7927
v -2.1851 173.3640 -7.8975
v -0.0000 173.3640 -8.2782
v 2.1851 173.3640 -7.8975
v 4.1563 173.3640 -6.7927
v 5.7206 173.3640 -5.0719
v 6.7250 173.3640 -2.9036
v 8.6603 171.5000 -0.5000
v 8.2364 171.5000 2.4438
v 7.0063 171.5000 5.0994
v 5.0904 171.5000 7.2069
v 2.6762 171.5000 8.5600
v 0.0000 171.5000 9.0263
v -2.6762 171.5000 8.5600
v -5.0904 171.5000 7.2069
v -7.0063 171.5000 5.0994
v -8.2364 171.5000 2.4438
v -8.6603 171.5000 -0.5000
v -8.2364 171.5000 -3.4438
v -7.0063 171.5000 -6.0994
v -5.0904 171.5000 -8.2069
v -2.6762 171.5000 -9.5600
v -0.0000 171.5000 -10.0263
v 2.6762 171.5000 -9.5600
v 5.0904 171.5000 -8.2069
v 7.0063 171.5000 -6.0994
v 8.2364 171.5000 -3.4438
v 9.6593 169.3294 -0.5000
v 9.1865 169.3294 2.7834
v 7.8145 169.3294 5.7453
v 5.6776 169.3294 8.0960
v 2.9849 169.3294 9.6052
v 0.0000 169.3294 10.1252
v -2.9849 169.3294 9.6052
v -5.6776 169.3294 8.0960
v -7.8145 169.3294 5.7453
v -9.1865 169.3294 2.7834
v -9.6593 169.3294 -0.5000
v -9.1865 169.3294 -3.7834
v -7.8145 169.3294 -6.7453
v -5.6776 169.3294 -9.0960
v -2.9849 169.3294 -10.6052
v -0.0000 169.3294 -11.1252
v 2.9849 169.3294 -10.6052
v 5.6776 169.3294 -9.0960
v 7.8145 169.3294 -6.7453
v 9.1865 169.3294 -3.7834
v 10.0000 167.0000 -0.5000
v 9.5106 167.0000 2.8992
v 8.0902 167.0000 5.9656
v 5.8779 167.0000 8.3992
v 3.0902 167.0000 9.9616
v 0.0000 167.0000 10.5000
v -3.0902 167.0000 9.9616
v -5.8779 167.0000 8.3992
v -8.0902 167.0000 5.9656
v -9.5106 167.0000 2.8992
v -10.0000 167.0000 -0.5000
v -9.5106 167.0000 -3.8992
v -8.0902 167.0000 -6.9656
v -5.8779 167.0000 -9.3992
v -3.0902 167.0000 -10.9616
v -0.0000 167.0000 -11.5000
v 3.0902 167.0000 -10.9616
v 5.8779 167.0000 -9.3992
v 8.0902 167.0000 -6.9656
v 9.5106 167.0000 -3.8992
v 9.6593 164.6706 -0.5000
v 9.1865 164.6706 2.7834
v 7.8145 164.6706 5.7453
v 5.6776 164.6706 8.0960
v 2.9849 164.6706 9.6052
v 0.0000 164.6706 10.1252
v -2.9849 164.6706 9.6052
v -5.6776 164.6706 8.0960
v -7.8145 164.6706 5.7453
v -9.1865 164.6706 2.7834
v -9.6593 164.6706 -0.5000
v -9.1865 164.6706 -3.7834
v -7.8145 164.6706 -6.7453
v -5.6776 164.6706 -9.0960
v -2.9849 164.6706 -10.6052
v -0.0000 164.6706 -11.1252
v 2.9849 164.6706 -10.6052
v 5.6776 164.6706 -9.0960
v 7.8145 164.6706 -6.7453
v 9.1865 164.6706 -3.7834
v 8.6603 162.5000 -0.5000
v 8.2364 162.5000 2.4438
v 7.0063 162.5000 5.0994
v 5.0904 162.5000 7.2069
v 2.6762 162.5000 8.5600
v 0.0000 162.5000 9.0263
v -2.6762 162.5000 8.5600
v -5.0904 162.5000 7.2069
v -7.0063 162.5000 5.0994
v -8.2364 162.5000 2.4438
v -8.6603 162.5000 -0.5000
v -8.2364 162.5000 -3.4438
v -7.0063 162.5000 -6.0994
v -5.0904 162.5000 -8.2069
v -2.6762 162.5000 -9.5600
v -0.0000 162.5000 -10.0263
v 2.6762 162.5000 -9.5600
v 5.0904 162.5000 -8.2069
v 7.0063 162.5000 -6.0994
v 8.2364 162.5000 -3.4438
v 7.0711 160.6360 -0.5000
v 6.7250 160.6360 1.9036
v 5.7206 160.6360 4.0719
v 4.1563 160.6360 5.7927
v 2.1851 160.6360 6.8975
v 0.0000 160.6360 7.2782
v -2.1851 160.6360 6.8975
v -4.1563 160.6360 5.7927
v -5.7206 160.6360 4.0719
v -6.7250 160.6360 1.9036
v -7.0711 160.6360 -0.5000
v -6.7250 160.6360 -2.9036
v -5.7206 160.6360 -5.0719
v -4.1563 160.6360 -6.7927
v -2.1851 160.6360 -7.8975
v -0.0000 160.6360 -8.2782
v 2.1851 160.6360 -7.8975
v 4.1563 160.6360 -6.7927
v 5.7206 160.6360 -5.0719
v 6.7250 160.6360 -2.9036
v 5.0000 159.2058 -0.5000
v 4.7553 159.2058 1.1996
v 4.0451 159.2058 2.7328
v 2.9389 159.2058 3.9496
v 1.5451 159.2058 4.7308
v 0.0000 159.2058 5.0000
v -1.5451 159.2058 4.7308
v -2.9389 159.2058 3.9496
v -4.0451 159.2058 2.7328
v -4.7553 159.2058 1.1996
v -5.0000 159.2058 -0.5000
v -4.7553 159.2058 -2.1996
v -4.0451 159.2058 -3.7328
v -2.9389 159.2058 -4.9496
v -1.5451 159.2058 -5.7308
v -0.0000 159.2058 -6.0000
v 1.5451 159.2058 -5.7308
v 2.9389 159.2058 -4.9496
v 4.0451 159.2058 -3.7328
v 4.7553 159.2058 -2.1996
v 2.5882 158.3067 -0.5000
v 2.4615 158.3067 0.3798
v 2.0939 158.3067 1.1734
v 1.5213 158.3067 1.8033
v 0.7998 158.3067 2.2077
v 0.0000 158.3067 2.3470
v -0.7998 158.3067 2.2077
v -1.5213 158.3067 1.8033
v -2.0939 158.3067 1.1734
v -2.4615 158.3067 0.3798
v -2.5882 158.3067 -0.5000
v -2.4615 158.3067 -1.3798
v -2.0939 158.3067 -2.1734
v -1.5213 158.3067 -2.8033
v -0.7998 158.3067 -3.2077
v -0.0000 158.3067 -3.3470
v 0.7998 158.3067 -3.2077
v 1.5213 158.3067 -2.8033
v 2.0939 158.3067 -2.1734
v 2.4615 158.3067 -1.3798
v 0.0000 158.0000 -0.5000
v 0.0000 158.0000 -0.5000
v 0.0000 158.0000 -0.5000
v 0.0000 158.0000 -0.5000
v 0.0000 158.0000 -0.5000
v 0.0000 158.0000 -0.5000
v -0.0000 158.0000 -0.5000
v -0.0000 158.0000 -0.5000
v -0.0000 158.0000 -0.5000
v -0.0000 158.0000 -0.5000
v -0.0000 158.0000 -0.5000
v -0.0000 158.0000 -0.5000
v -0.0000 158.0000 -0.5000
v -0.0000 158.0000 -0.5000
v -0.0000 158.0000 -0.5000
v -0.0000 158.0000 -0.5000
v 0.0000 158.0000 -0.5000
v 0.0000 158.0000 -0.5000
v 0.0000 158.0000 -0.5000
v 0.0000 158.0000 -0.5000
v 0.0000 159.5000 3.0000
v 0.0000 159.5000 3.0000
v 0.0000 159.5000 3.0000
v 0.0000 159.5000 3.0000
v 0.0000 159.5000 3.0000
v 0.0000 159.5000 3.0000
v 0.0000 159.5000 3.0000
v 0.0000 159.5000 3.0000
v 0.0000 159.5000 3.0000
v 0.0000 159.5000 3.0000
v 0.0000 159.5000 3.0000
v 0.0000 159.5000 3.0000
v 0.0000 159.5000 3.0000
v 0.0000 159.5000 3.0000
v 2.2961 159.1575 3.0000
v 2.0687 159.1575 4.0793
v 1.4316 159.1575 4.9448
v 0.5109 159.1575 5.4251
v -0.5109 159.1575 5.4251
v -1.4316 159.1575 4.9448
v -2.0687 159.1575 4.0793
v -2.2961 159.1575 3.0000
v -2.0687 159.1575 1.9207
v -1.4316 159.1575 1.0552
v -0.5109 159.1575 0.5749
v 0.5109 159.1575 0.5749
v 1.4316 159.1575 1.0552
v 2.0687 159.1575 1.9207
v 4.2426 158.1820 3.0000
v 3.8225 158.1820 4.9942
v 2.6452 158.1820 6.5934
v 0.9441 158.1820 7.4810
v -0.9441 158.1820 7.4810
v -2.6452 158.1820 6.5934
v -3.8225 158.1820 4.9942
v -4.2426 158.1820 3.0000
v -3.8225 158.1820 1.0058
v -2.6452 158.1820 -0.5934
v -0.9441 158.1820 -1.4810
v 0.9441 158.1820 -1.4810
v 2.6452 158.1820 -0.5934
v 3.8225 158.1820 1.0058
v 5.5433 156.7221 3.0000
v 4.9943 156.7221 5.6056
v 3.4562 156.7221 7.6951
v 1.2335 156.7221 8.8547
v -1.2335 156.7221 8.8547
v -3.4562 156.7221 7.6951
v -4.9943 156.7221 5.6056
v -5.5433 156.7221 3.0000
v -4.9943 156.7221 0.3944
v -3.4562 156.7221 -1.6951
v -1.2335 156.7221 -2.8547
v 1.2335 156.7221 -2.8547
v 3.4562 156.7221 -1.6951
v 4.9943 156.7221 0.3944
v 6.0000 155.0000 3.0000
v 5.4058 155.0000 5.8202
v 3.7409 155.0000 8.0819
v 1.3351 155.0000 9.3370
v -1.3351 155.0000 9.3370
v -3.7409 155.0000 8.0819
v -5.4058 155.0000 5.8202
v -6.0000 155.0000 3.0000
v -5.4058 155.0000 0.1798
v -3.7409 155.0000 -2.0819
v -1.3351 155.0000 -3.3370
v 1.3351 155.0000 -3.3370
v 3.7409 155.0000 -2.0819
v 5.4058 155.0000 0.1798
v 5.5433 153.2779 3.0000
v 4.9943 153.2779 5.6056
v 3.4562 153.2779 7.6951
v 1.2335 153.2779 8.8547
v -1.2335 153.2779 8.8547
v -3.4562 153.2779 7.6951
v -4.9943 153.2779 5.6056
v -5.5433 153.2779 3.0000
v -4.9943 153.2779 0.3944
v -3.4562 153.2779 -1.6951
v -1.2335 153.2779 -2.8547
v 1.2335 153.2779 -2.8547
v 3.4562 153.2779 -1.6951
v 4.9943 153.2779 0.3944
v 4.2426 151.8180 3.0000
v 3.8225 151.8180 4.9942
v 2.6452 151.8180 6.5934
v 0.9441 151.8180 7.4810
v -0.9441 151.8180 7.4810
v -2.6452 151.8180 6.5934
v -3.8225 151.8180 4.9942
v -4.2426 151.8180 3.0000
v -3.8225 151.8180 1.0058
v -2.6452 151.8180 -0.5934
v -0.9441 151.8180 -1.4810
v 0.9441 151.8180 -1.4810
v 2.6452 151.8180 -0.5934
v 3.8225 151.8180 1.0058
v 2.2961 150.8425 3.0000
v 2.0687 150.8425 4.0793
v 1.4316 150.8425 4.9448
v 0.5109 150.8425 5.4251
v -0.5109 150.8425 5.4251
v -1.4316 150.8425 4.9448
v -2.0687 150.8425 4.0793
v -2.2961 150.8425 3.0000
v -2.0687 150.8425 1.9207
v -1.4316 150.8425 1.0552
v -0.5109 150.8425 0.5749
v 0.5109 150.8425 0.5749
v 1.4316 150.8425 1.0552
v 2.0687 150.8425 1.9207
v 0.0000 150.5000 3.0000
v 0.0000 150.5000 3.0000
v 0.0000 150.5000 3.0000
v 0.0000 150.5000 3.0000
v -0.0000 150.5000 3.0000
v -0.0000 150.5000 3.0000
v -0.0000 150.5000 3.0000
v -0.0000 150.5000 3.0000
v -0.0000 150.5000 3.0000
v -0.0000 150.5000 3.0000
v -0.0000 150.5000 3.0000
v 0.0000 150.5000 3.0000
v 0.0000 150.5000 3.0000
v 0.0000 150.5000 3.0000
v 0.0000 163.9000 11.2000
v 0.0000 163.9000 11.2000
v 0.0000 163.9000 11.2000
v 0.0000 163.9000 11.2000
v 0.0000 163.9000 11.2000
v 0.0000 163.9000 11.2000
v 0.0000 163.9000 11.2000
v 0.0000 163.9000 11.2000
v 0.0000 163.9000 11.2000
v 0.0000 163.9000 11.2000
v 0.6000 163.5785 11.2000
v 0.4854 163.5785 11.7878
v 0.1854 163.5785 12.1511
v -0.1854 163.5785 12.1511
v -0.4854 163.5785 11.7878
v -0.6000 163.5785 11.2000
v -0.4854 163.5785 10.6122
v -0.1854 163.5785 10.2489
v 0.1854 163.5785 10.2489
v 0.4854 163.5785 10.6122
v 1.0392 162.7000 11.2000
v 0.8408 162.7000 12.2181
v 0.3211 162.7000 12.8473
v -0.3211 162.7000 12.8473
v -0.8408 162.7000 12.2181
v -1.0392 162.7000 11.2000
v -0.8408 162.7000 10.1819
v -0.3211 162.7000 9.5527
v 0.3211 162.7000 9.5527
v 0.8408 162.7000 10.1819
v 1.2000 161.5000 11.2000
v 0.9708 161.5000 12.3756
v 0.3708 161.5000 13.1021
v -0.3708 161.5000 13.1021
v -0.9708 161.5000 12.3756
v -1.2000 161.5000 11.2000
v -0.9708 161.5000 10.0244
v -0.3708 161.5000 9.2979
v 0.3708 161.5000 9.2979
v 0.9708 161.5000 10.0244
v 1.0392 160.3000 11.2000
v 0.8408 160.3000 12.2181
v 0.3211 160.3000 12.8473
v -0.3211 160.3000 12.8473
v -0.8408 160.3000 12.2181
v -1.0392 160.3000 11.2000
v -0.8408 160.3000 10.1819
v -0.3211 160.3000 9.5527
v 0.3211 160.3000 9.5527
v 0.8408 160.3000 10.1819
v 0.6000 159.4215 11.2000
v 0.4854 159.4215 11.7878
v 0.1854 159.4215 12.1511
v -0.1854 159.4215 12.1511
v -0.4854 159.4215 11.7878
v -0.6000 159.4215 11.2000
v -0.4854 159.4215 10.6122
v -0.1854 159.4215 10.2489
v 0.1854 159.4215 10.2489
v 0.4854 159.4215 10.6122
v 0.0000 159.1000 11.2000
v 0.0000 159.1000 11.2000
v 0.0000 159.1000 11.2000
v -0.0000 159.1000 11.2000
v -0.0000 159.1000 11.2000
v -0.0000 159.1000 11.2000
v -0.0000 159.1000 11.2000
v -0.0000 159.1000 11.2000
v 0.0000 159.1000 11.2000
v 0.0000 159.1000 11.2000
v -9.6000 165.7000 0.0000
v -9.6000 165.7000 0.0000
v -9.6000 165.7000 0.0000
v -9.6000 165.7000 0.0000
v -9.6000 165.7000 0.0000
v -9.6000 165.7000 0.0000
v -9.6000 165.7000 0.0000
v -9.6000 165.7000 0.0000
v -9.6000 165.7000 0.0000
v -9.6000 165.7000 0.0000
v -8.9000 165.2713 0.0000
v -9.0337 165.2713 0.5878
v -9.3837 165.2713 0.9511
v -9.8163 165.2713 0.9511
v -10.1663 165.2713 0.5878
v -10.3000 165.2713 0.0000
v -10.1663 165.2713 -0.5878
v -9.8163 165.2713 -0.9511
v -9.3837 165.2713 -0.9511
v -9.0337 165.2713 -0.5878
v -8.3876 164.1000 0.0000
v -8.6191 164.1000 1.0181
v -9.2253 164.1000 1.6473
v -9.9747 164.1000 1.6473
v -10.5809 164.1000 1.0181
v -10.8124 164.1000 0.0000
v -10.5809 164.1000 -1.0181
v -9.9747 164.1000 -1.6473
v -9.2253 164.1000 -1.6473
v -8.6191 164.1000 -1.0181
v -8.2000 162.5000 0.0000
v -8.4674 162.5000 1.1756
v -9.1674 162.5000 1.9021
v -10.0326 162.5000 1.9021
v -10.7326 162.5000 1.1756
v -11.0000 162.5000 0.0000
v -10.7326 162.5000 -1.1756
v -10.0326 162.5000 -1.9021
v -9.1674 162.5000 -1.9021
v -8.4674 162.5000 -1.1756
v -8.3876 160.9000 0.0000
v -8.6191 160.9000 1.0181
v -9.2253 160.9000 1.6473
v -9.9747 160.9000 1.6473
v -10.5809 160.9000 1.0181
v -10.8124 160.9000 0.0000
v -10.5809 160.9000 -1.0181
v -9.9747 160.9000 -1.6473
v -9.2253 160.9000 -1.6473
v -8.6191 160.9000 -1.0181
v -8.9000 159.7287 0.0000
v -9.0337 159.7287 0.5878
v -9.3837 159.7287 0.9511
v -9.8163 159.7287 0.9511
v -10.1663 159.7287 0.5878
v -10.3000 159.7287 0.0000
v -10.1663 159.7287 -0.5878
v -9.8163 159.7287 -0.9511
v -9.3837 159.7287 -0.9511
v -9.0337 159.7287 -0.5878
v -9.6000 159.3000 0.0000
v -9.6000 159.3000 0.0000
v -9.6000 159.3000 0.0000
v -9.6000 159.3000 0.0000
v -9.6000 159.3000 0.0000
v -9.6000 159.3000 0.0000
v -9.6000 159.3000 -0.0000
v -9.6000 159.3000 -0.0000
v -9.6000 159.3000 -0.0000
v -9.6000 159.3000 -0.0000
v 9.6000 165.7000 0.0000
v 9.6000 165.7000 0.0000
v 9.6000 165.7000 0.0000
v 9.6000 165.7000 0.0000
v 9.6000 165.7000 0.0000
v 9.6000 165.7000 0.0000
v 9.6000 165.7000 0.0000
v 9.6000 165.7000 0.0000
v 9.6000 165.7000 0.0000
v 9.6000 165.7000 0.0000
v 10.3000 165.2713 0.0000
v 10.1663 165.2713 0.5878
v 9.8163 165.2713 0.9511
v 9.3837 165.2713 0.9511
v 9.0337 165.2713 0.5878
v 8.9000 165.2713 0.0000
v 9.0337 165.2713 -0.5878
v 9.3837 165.2713 -0.9511
v 9.8163 165.2713 -0.9511
v 10.1663 165.2713 -0.5878
v 10.8124 164.1000 0.0000
v 10.5809 164.1000 1.0181
v 9.9747 164.1000 1.6473
v 9.2253 164.1000 1.6473
v 8.6191 164.1000 1.0181
v 8.3876 164.1000 0.0000
v 8.6191 164.1000 -1.0181
v 9.2253 164.1000 -1.6473
v 9.9747 164.1000 -1.6473
v 10.5809 164.1000 -1.0181
v 11.0000 162.5000 0.0000
v 10.7326 162.5000 1.1756
v 10.0326 162.5000 1.9021
v 9.1674 162.5000 1.9021
v 8.4674 162.5000 1.1756
v 8.2000 162.5000 0.0000
v 8.4674 162.5000 -1.1756
v 9.1674 162.5000 -1.9021
v 10.0326 162.5000 -1.9021
v 10.7326 162.5000 -1.1756
v 10.8124 160.9000 0.0000
v 10.5809 160.9000 1.0181
v 9.9747 160.9000 1.6473
v 9.2253 160.9000 1.6473
v 8.6191 160.9000 1.0181
v 8.3876 160.9000 0.0000
v 8.6191 160.9000 -1.0181
v 9.2253 160.9000 -1.6473
v 9.9747 160.9000 -1.6473
v 10.5809 160.9000 -1.0181
v 10.3000 159.7287 0.0000
v 10.1663 159.7287 0.5878
v 9.8163 159.7287 0.9511
v 9.3837 159.7287 0.9511
v 9.0337 159.7287 0.5878
v 8.9000 159.7287 0.0000
v 9.0337 159.7287 -0.5878
v 9.3837 159.7287 -0.9511
v 9.8163 159.7287 -0.9511
v 10.1663 159.7287 -0.5878
v 9.6000 159.3000 0.0000
v 9.6000 159.3000 0.0000
v 9.6000 159.3000 0.0000
v 9.6000 159.3000 0.0000
v 9.6000 159.3000 0.0000
v 9.6000 159.3000 0.0000
v 9.6000 159.3000 -0.0000
v 9.6000 159.3000 -0.0000
v 9.6000 159.3000 -0.0000
v 9.6000 159.3000 -0.0000
v -3.5000 164.9000 9.6000
v -3.5000 164.9000 9.6000
v -3.5000 164.9000 9.6000
v -3.5000 164.9000 9.6000
v -3.5000 164.9000 9.6000
v -3.5000 164.9000 9.6000
v -3.5000 164.9000 9.6000
v -3.5000 164.9000 9.6000
v -3.5000 164.9000 9.6000
v -3.5000 164.9000 9.6000
v -2.5000 164.7124 9.6000
v -2.6910 164.7124 9.9527
v -3.1910 164.7124 10.1706
v -3.8090 164.7124 10.1706
v -4.3090 164.7124 9.9527
v -4.5000 164.7124 9.6000
v -4.3090 164.7124 9.2473
v -3.8090 164.7124 9.0294
v -3.1910 164.7124 9.0294
v -2.6910 164.7124 9.2473
v -1.7679 164.2000 9.6000
v -2.0987 164.2000 10.2108
v -2.9648 164.2000 10.5884
v -4.0352 164.2000 10.5884
v -4.9013 164.2000 10.2108
v -5.2321 164.2000 9.6000
v -4.9013 164.2000 8.9892
v -4.0352 164.2000 8.6116
v -2.9648 164.2000 8.6116
v -2.0987 164.2000 8.9892
v -1.5000 163.5000 9.6000
v -1.8820 163.5000 10.3053
v -2.8820 163.5000 10.7413
v -4.1180 163.5000 10.7413
v -5.1180 163.5000 10.3053
v -5.5000 163.5000 9.6000
v -5.1180 163.5000 8.8947
v -4.1180 163.5000 8.4587
v -2.8820 163.5000 8.4587
v -1.8820 163.5000 8.8947
v -1.7679 162.8000 9.6000
v -2.0987 162.8000 10.2108
v -2.9648 162.8000 10.5884
v -4.0352 162.8000 10.5884
v -4.9013 162.8000 10.2108
v -5.2321 162.8000 9.6000
v -4.9013 162.8000 8.9892
v -4.0352 162.8000 8.6116
v -2.9648 162.8000 8.6116
v -2.0987 162.8000 8.9892
v -2.5000 162.2876 9.6000
v -2.6910 162.2876 9.9527
v -3.1910 162.2876 10.1706
v -3.8090 162.2876 10.1706
v -4.3090 162.2876 9.9527
v -4.5000 162.2876 9.6000
v -4.3090 162.2876 9.2473
v -3.8090 162.2876 9.0294
v -3.1910 162.2876 9.0294
v -2.6910 162.2876 9.2473
v -3.5000 162.1000 9.6000
v -3.5000 162.1000 9.6000
v -3.5000 162.1000 9.6000
v -3.5000 162.1000 9.6000
v -3.5000 162.1000 9.6000
v -3.5000 162.1000 9.6000
v -3.5000 162.1000 9.6000
v -3.5000 162.1000 9.6000
v -3.5000 162.1000 9.6000
v -3.5000 162.1000 9.6000
v 3.5000 164.9000 9.6000
v 3.5000 164.9000 9.6000
v 3.5000 164.9000 9.6000
v 3.5000 164.9000 9.6000
v 3.5000 164.9000 9.6000
v 3.5000 164.9000 9.6000
v 3.5000 164.9000 9.6000
v 3.5000 164.9000 9.6000
v 3.5000 164.9000 9.6000
v 3.5000 164.9000 9.6000
v 4.5000 164.7124 9.6000
v 4.3090 164.7124 9.9527
v 3.8090 164.7124 10.1706
v 3.1910 164.7124 10.1706
v 2.6910 164.7124 9.9527
v 2.5000 164.7124 9.6000
v 2.6910 164.7124 9.2473
v 3.1910 164.7124 9.0294
v 3.8090 164.7124 9.0294
v 4.3090 164.7124 9.2473
v 5.2321 164.2000 9.6000
v 4.9013 164.2000 10.2108
v 4.0352 164.2000 10.5884
v 2.9648 164.2000 10.5884
v 2.0987 164.2000 10.2108
v 1.7679 164.2000 9.6000
v 2.0987 164.2000 8.9892
v 2.9648 164.2000 8.6116
v 4.0352 164.2000 8.6116
v 4.9013 164.2000 8.9892
v 5.5000 163.5000 9.6000
v 5.1180 163.5000 10.3053
v 4.1180 163.5000 10.7413
v 2.8820 163.5000 10.7413
v 1.8820 163.5000 10.3053
v 1.5000 163.5000 9.6000
v 1.8820 163.5000 8.8947
v 2.8820 163.5000 8.4587
v 4.1180 163.5000 8.4587
v 5.1180 163.5000 8.8947
v 5.2321 162.8000 9.6000
v 4.9013 162.8000 10.2108
v 4.0352 162.8000 10.5884
v 2.9648 162.8000 10.5884
v 2.0987 162.8000 10.2108
v 1.7679 162.8000 9.6000
v 2.0987 162.8000 8.9892
v 2.9648 162.8000 8.6116
v 4.0352 162.8000 8.6116
v 4.9013 162.8000 8.9892
v 4.5000 162.2876 9.6000
v 4.3090 162.2876 9.9527
v 3.8090 162.2876 10.1706
v 3.1910 162.2876 10.1706
v 2.6910 162.2876 9.9527
v 2.5000 162.2876 9.6000
v 2.6910 162.2876 9.2473
v 3.1910 162.2876 9.0294
v 3.8090 162.2876 9.0294
v 4.3090 162.2876 9.2473
v 3.5000 162.1000 9.6000
v 3.5000 162.1000 9.6000
v 3.5000 162.1000 9.6000
v 3.5000 162.1000 9.6000
v 3.5000 162.1000 9.6000
v 3.5000 162.1000 9.6000
v 3.5000 162.1000 9.6000
v 3.5000 162.1000 9.6000
v 3.5000 162.1000 9.6000
v 3.5000 162.1000 9.6000
v 5.2000 154.0000 0.5000
v 4.6850 153.9323 2.7552
v 3.2421 153.8781 4.5637
v 1.1571 153.8480 5.5673
v -1.1571 153.8480 5.5673
v -3.2421 153.8781 4.5637
v -4.6850 153.9323 2.7552
v -5.2000 154.0000 0.5000
v -4.6850 154.0677 -1.7552
v -3.2421 154.1219 -3.5637
v -1.1571 154.1520 -4.5673
v 1.1571 154.1520 -4.5673
v 3.2421 154.1219 -3.5637
v 4.6850 154.0677 -1.7552
v 5.3500 151.5000 0.4250
v 4.8202 151.4304 2.7452
v 3.3357 151.3746 4.6059
v 1.1905 151.3436 5.6385
v -1.1905 151.3436 5.6385
v -3.3357 151.3746 4.6059
v -4.8202 151.4304 2.7452
v -5.3500 151.5000 0.4250
v -4.8202 151.5696 -1.8952
v -3.3357 151.6254 -3.7559
v -1.1905 151.6564 -4.7885
v 1.1905 151.6564 -4.7885
v 3.3357 151.6254 -3.7559
v 4.8202 151.5696 -1.8952
v 5.5000 149.0000 0.3500
v 4.9553 148.9284 2.7353
v 3.4292 148.8711 4.6481
v 1.2239 148.8392 5.7097
v -1.2239 148.8392 5.7097
v -3.4292 148.8711 4.6481
v -4.9553 148.9284 2.7353
v -5.5000 149.0000 0.3500
v -4.9553 149.0716 -2.0353
v -3.4292 149.1289 -3.9481
v -1.2239 149.1608 -5.0097
v 1.2239 149.1608 -5.0097
v 3.4292 149.1289 -3.9481
v 4.9553 149.0716 -2.0353
v 5.6500 146.5000 0.2750
v 5.0905 146.4265 2.7253
v 3.5227 146.3675 4.6904
v 1.2572 146.3348 5.7809
v -1.2572 146.3348 5.7809
v -3.5227 146.3675 4.6904
v -5.0905 146.4265 2.7253
v -5.6500 146.5000 0.2750
v -5.0905 146.5735 -2.1753
v -3.5227 146.6325 -4.1404
v -1.2572 146.6652 -5.2309
v 1.2572 146.6652 -5.2309
v 3.5227 146.6325 -4.1404
v 5.0905 146.5735 -2.1753
v 5.8000 144.0000 0.2000
v 5.2256 143.9245 2.7154
v 3.6162 143.8640 4.7326
v 1.2906 143.8304 5.8520
v -1.2906 143.8304 5.8520
v -3.6162 143.8640 4.7326
v -5.2256 143.9245 2.7154
v -5.8000 144.0000 0.2000
v -5.2256 144.0755 -2.3154
v -3.6162 144.1360 -4.3326
v -1.2906 144.1696 -5.4520
v 1.2906 144.1696 -5.4520
v 3.6162 144.1360 -4.3326
v 5.2256 144.0755 -2.3154
v 17.5000 128.0000 0.0000
v 19.5000 144.0000 0.0000
v 16.6435 128.0000 3.2447
v 18.5456 144.0000 3.5537
v 14.1578 128.0000 6.1717
v 15.7758 144.0000 6.7595
v 10.2862 128.0000 8.4947
v 11.4618 144.0000 9.3037
v 5.4078 128.0000 9.9861
v 6.0258 144.0000 10.9371
v 0.0000 128.0000 10.5000
v 0.0000 144.0000 11.5000
v -5.4078 128.0000 9.9861
v -6.0258 144.0000 10.9371
v -10.2862 128.0000 8.4947
v -11.4618 144.0000 9.3037
v -14.1578 128.0000 6.1717
v -15.7758 144.0000 6.7595
v -16.6435 128.0000 3.2447
v -18.5456 144.0000 3.5537
v -17.5000 128.0000 0.0000
v -19.5000 144.0000 0.0000
v -16.6435 128.0000 -3.2447
v -18.5456 144.0000 -3.5537
v -14.1578 128.0000 -6.1717
v -15.7758 144.0000 -6.7595
v -10.2862 128.0000 -8.4947
v -11.4618 144.0000 -9.3037
v -5.4078 128.0000 -9.9861
v -6.0258 144.0000 -10.9371
v -0.0000 128.0000 -10.5000
v -0.0000 144.0000 -11.5000
v 5.4078 128.0000 -9.9861
v 6.0258 144.0000 -10.9371
v 10.2862 128.0000 -8.4947
v 11.4618 144.0000 -9.3037
v 14.1578 128.0000 -6.1717
v 15.7758 144.0000 -6.7595
v 16.6435 128.0000 -3.2447
v 18.5456 144.0000 -3.5537
v -7.5000 139.5000 6.0000
v -7.5000 139.5000 6.0000
v -7.5000 139.5000 6.0000
v -7.5000 139.5000 6.0000
v -7.5000 139.5000 6.0000
v -7.5000 139.5000 6.0000
v -7.5000 139.5000 6.0000
v -7.5000 139.5000 6.0000
v -7.5000 139.5000 6.0000
v -7.5000 139.5000 6.0000
v -7.5000 139.5000 6.0000
v -7.5000 139.5000 6.0000
v -7.5000 139.5000 6.0000
v -7.5000 139.5000 6.0000
v -5.0126 139.0813 6.0000
v -5.2589 139.0813 6.8302
v -5.9491 139.0813 7.4960
v -6.9465 139.0813 7.8654
v -8.0535 139.0813 7.8654
v -9.0509 139.0813 7.4960
v -9.7411 139.0813 6.8302
v -9.9874 139.0813 6.0000
v -9.7411 139.0813 5.1698
v -9.0509 139.0813 4.5040
v -8.0535 139.0813 4.1346
v -6.9465 139.0813 4.1346
v -5.9491 139.0813 4.5040
v -5.2589 139.0813 5.1698
v -2.9038 137.8891 6.0000
v -3.3590 137.8891 7.5340
v -4.6343 137.8891 8.7642
v -6.4773 137.8891 9.4469
v -8.5227 137.8891 9.4469
v -10.3657 137.8891 8.7642
v -11.6410 137.8891 7.5340
v -12.0962 137.8891 6.0000
v -11.6410 137.8891 4.4660
v -10.3657 137.8891 3.2358
v -8.5227 137.8891 2.5531
v -6.4773 137.8891 2.5531
v -4.6343 137.8891 3.2358
v -3.3590 137.8891 4.4660
v -1.4948 136.1048 6.0000
v -2.0895 136.1048 8.0043
v -3.7558 136.1048 9.6116
v -6.1637 136.1048 10.5036
v -8.8363 136.1048 10.5036
v -11.2442 136.1048 9.6116
v -12.9105 136.1048 8.0043
v -13.5052 136.1048 6.0000
v -12.9105 136.1048 3.9957
v -11.2442 136.1048 2.3884
v -8.8363 136.1048 1.4964
v -6.1637 136.1048 1.4964
v -3.7558 136.1048 2.3884
v -2.0895 136.1048 3.9957
v -1.0000 134.0000 6.0000
v -1.6437 134.0000 8.1694
v -3.4473 134.0000 9.9092
v -6.0536 134.0000 10.8746
v -8.9464 134.0000 10.8746
v -11.5527 134.0000 9.9092
v -13.3563 134.0000 8.1694
v -14.0000 134.0000 6.0000
v -13.3563 134.0000 3.8306
v -11.5527 134.0000 2.0908
v -8.9464 134.0000 1.1254
v -6.0536 134.0000 1.1254
v -3.4473 134.0000 2.0908
v -1.6437 134.0000 3.8306
v -1.4948 131.8952 6.0000
v -2.0895 131.8952 8.0043
v -3.7558 131.8952 9.6116
v -6.1637 131.8952 10.5036
v -8.8363 131.8952 10.5036
v -11.2442 131.8952 9.6116
v -12.9105 131.8952 8.0043
v -13.5052 131.8952 6.0000
v -12.9105 131.8952 3.9957
v -11.2442 131.8952 2.3884
v -8.8363 131.8952 1.4964
v -6.1637 131.8952 1.4964
v -3.7558 131.8952 2.3884
v -2.0895 131.8952 3.9957
v -2.9038 130.1109 6.0000
v -3.3590 130.1109 7.5340
v -4.6343 130.1109 8.7642
v -6.4773 130.1109 9.4469
v -8.5227 130.1109 9.4469
v -10.3657 130.1109 8.7642
v -11.6410 130.1109 7.5340
v -12.0962 130.1109 6.0000
v -11.6410 130.1109 4.4660
v -10.3657 130.1109 3.2358
v -8.5227 130.1109 2.5531
v -6.4773 130.1109 2.5531
v -4.6343 130.1109 3.2358
v -3.3590 130.1109 4.4660
v -5.0126 128.9187 6.0000
v -5.2589 128.9187 6.8302
v -5.9491 128.9187 7.4960
v -6.9465 128.9187 7.8654
v -8.0535 128.9187 7.8654
v -9.0509 128.9187 7.4960
v -9.7411 128.9187 6.8302
v -9.9874 128.9187 6.0000
v -9.7411 128.9187 5.1698
v -9.0509 128.9187 4.5040
v -8.0535 128.9187 4.1346
v -6.9465 128.9187 4.1346
v -5.9491 128.9187 4.5040
v -5.2589 128.9187 5.1698
v -7.5000 128.5000 6.0000
v -7.5000 128.5000 6.0000
v -7.5000 128.5000 6.0000
v -7.5000 128.5000 6.0000
v -7.5000 128.5000 6.0000
v -7.5000 128.5000 6.0000
v -7.5000 128.5000 6.0000
v -7.5000 128.5000 6.0000
v -7.5000 128.5000 6.0000
v -7.5000 128.5000 6.0000
v -7.5000 128.5000 6.0000
v -7.5000 128.5000 6.0000
v -7.5000 128.5000 6.0000
v -7.5000 128.5000 6.0000
v 7.5000 139.5000 6.0000
v 7.5000 139.5000 6.0000
v 7.5000 139.5000 6.0000
v 7.5000 139.5000 6.0000
v 7.5000 139.5000 6.0000
v 7.5000 139.5000 6.0000
v 7.5000 139.5000 6.0000
v 7.5000 139.5000 6.0000
v 7.5000 139.5000 6.0000
v 7.5000 139.5000 6.0000
v 7.5000 139.5000 6.0000
v 7.5000 139.5000 6.0000
v 7.5000 139.5000 6.0000
v 7.5000 139.5000 6.0000
v 9.9874 139.0813 6.0000
v 9.7411 139.0813 6.8302
v 9.0509 139.0813 7.4960
v 8.0535 139.0813 7.8654
v 6.9465 139.0813 7.8654
v 5.9491 139.0813 7.4960
v 5.2589 139.0813 6.8302
v 5.0126 139.0813 6.0000
v 5.2589 139.0813 5.1698
v 5.9491 139.0813 4.5040
v 6.9465 139.0813 4.1346
v 8.0535 139.0813 4.1346
v 9.0509 139.0813 4.5040
v 9.7411 139.0813 5.1698
v 12.0962 137.8891 6.0000
v 11.6410 137.8891 7.5340
v 10.3657 137.8891 8.7642
v 8.5227 137.8891 9.4469
v 6.4773 137.8891 9.4469
v 4.6343 137.8891 8.7642
v 3.3590 137.8891 7.5340
v 2.9038 137.8891 6.0000
v 3.3590 137.8891 4.4660
v 4.6343 137.8891 3.2358
v 6.4773 137.8891 2.5531
v 8.5227 137.8891 2.5531
v 10.3657 137.8891 3.2358
v 11.6410 137.8891 4.4660
v 13.5052 136.1048 6.0000
v 12.9105 136.1048 8.0043
v 11.2442 136.1048 9.6116
v 8.8363 136.1048 10.5036
v 6.1637 136.1048 10.5036
v 3.7558 136.1048 9.6116
v 2.0895 136.1048 8.0043
v 1.4948 136.1048 6.0000
v 2.0895 136.1048 3.9957
v 3.7558 136.1048 2.3884
v 6.1637 136.1048 1.4964
v 8.8363 136.1048 1.4964
v 11.2442 136.1048 2.3884
v 12.9105 136.1048 3.9957
v 14.0000 134.0000 6.0000
v 13.3563 134.0000 8.1694
v 11.5527 134.0000 9.9092
v 8.9464 134.0000 10.8746
v 6.0536 134.0000 10.8746
v 3.4473 134.0000 9.9092
v 1.6437 134.0000 8.1694
v 1.0000 134.0000 6.0000
v 1.6437 134.0000 3.8306
v 3.4473 134.0000 2.0908
v 6.0536 134.0000 1.1254
v 8.9464 134.0000 1.1254
v 11.5527 134.0000 2.0908
v 13.3563 134.0000 3.8306
v 13.5052 131.8952 6.0000
v 12.9105 131.8952 8.0043
v 11.2442 131.8952 9.6116
v 8.8363 131.8952 10.5036
v 6.1637 131.8952 10.5036
v 3.7558 131.8952 9.6116
v 2.0895 131.8952 8.0043
v 1.4948 131.8952 6.0000
v 2.0895 131.8952 3.9957
v 3.7558 131.8952 2.3884
v 6.1637 131.8952 1.4964
v 8.8363 131.8952 1.4964
v 11.2442 131.8952 2.3884
v 12.9105 131.8952 3.9957
v 12.0962 130.1109 6.0000
v 11.6410 130.1109 7.5340
v 10.3657 130.1109 8.7642
v 8.5227 130.1109 9.4469
v 6.4773 130.1109 9.4469
v 4.6343 130.1109 8.7642
v 3.3590 130.1109 7.5340
v 2.9038 130.1109 6.0000
v 3.3590 130.1109 4.4660
v 4.6343 130.1109 3.2358
v 6.4773 130.1109 2.5531
v 8.5227 130.1109 2.5531
v 10.3657 130.1109 3.2358
v 11.6410 130.1109 4.4660
v 9.9874 128.9187 6.0000
v 9.7411 128.9187 6.8302
v 9.0509 128.9187 7.4960
v 8.0535 128.9187 7.8654
v 6.9465 128.9187 7.8654
v 5.9491 128.9187 7.4960
v 5.2589 128.9187 6.8302
v 5.0126 128.9187 6.0000
v 5.2589 128.9187 5.1698
v 5.9491 128.9187 4.5040
v 6.9465 128.9187 4.1346
v 8.0535 128.9187 4.1346
v 9.0509 128.9187 4.5040
v 9.7411 128.9187 5.1698
v 7.5000 128.5000 6.0000
v 7.5000 128.5000 6.0000
v 7.5000 128.5000 6.0000
v 7.5000 128.5000 6.0000
v 7.5000 128.5000 6.0000
v 7.5000 128.5000 6.0000
v 7.5000 128.5000 6.0000
v 7.5000 128.5000 6.0000
v 7.5000 128.5000 6.0000
v 7.5000 128.5000 6.0000
v 7.5000 128.5000 6.0000
v 7.5000 128.5000 6.0000
v 7.5000 128.5000 6.0000
v 7.5000 128.5000 6.0000
v 15.0000 106.0000 -0.5000
v 17.5000 128.0000 0.0000
v 14.2658 106.0000 2.5902
v 16.6435 128.0000 3.2447
v 12.1353 106.0000 5.3779
v 14.1578 128.0000 6.1717
v 8.8168 106.0000 7.5902
v 10.2862 128.0000 8.4947
v 4.6353 106.0000 9.0106
v 5.4078 128.0000 9.9861
v 0.0000 106.0000 9.5000
v 0.0000 128.0000 10.5000
v -4.6353 106.0000 9.0106
v -5.4078 128.0000 9.9861
v -8.8168 106.0000 7.5902
v -10.2862 128.0000 8.4947
v -12.1353 106.0000 5.3779
v -14.1578 128.0000 6.1717
v -14.2658 106.0000 2.5902
v -16.6435 128.0000 3.2447
v -15.0000 106.0000 -0.5000
v -17.5000 128.0000 0.0000
v -14.2658 106.0000 -3.5902
v -16.6435 128.0000 -3.2447
v -12.1353 106.0000 -6.3779
v -14.1578 128.0000 -6.1717
v -8.8168 106.0000 -8.5902
v -10.2862 128.0000 -8.4947
v -4.6353 106.0000 -10.0106
v -5.4078 128.0000 -9.9861
v -0.0000 106.0000 -10.5000
v -0.0000 128.0000 -10.5000
v 4.6353 106.0000 -10.0106
v 5.4078 128.0000 -9.9861
v 8.8168 106.0000 -8.5902
v 10.2862 128.0000 -8.4947
v 12.1353 106.0000 -6.3779
v 14.1578 128.0000 -6.1717
v 14.2658 106.0000 -3.5902
v 16.6435 128.0000 -3.2447
v 16.5000 90.0000 -0.5000
v 15.0000 106.0000 -0.5000
v 15.6924 90.0000 2.8992
v 14.2658 106.0000 2.5902
v 13.3488 90.0000 5.9656
v 12.1353 106.0000 5.3779
v 9.6985 90.0000 8.3992
v 8.8168 106.0000 7.5902
v 5.0988 90.0000 9.9616
v 4.6353 106.0000 9.0106
v 0.0000 90.0000 10.5000
v 0.0000 106.0000 9.5000
v -5.0988 90.0000 9.9616
v -4.6353 106.0000 9.0106
v -9.6985 90.0000 8.3992
v -8.8168 106.0000 7.5902
v -13.3488 90.0000 5.9656
v -12.1353 106.0000 5.3779
v -15.6924 90.0000 2.8992
v -14.2658 106.0000 2.5902
v -16.5000 90.0000 -0.5000
v -15.0000 106.0000 -0.5000
v -15.6924 90.0000 -3.8992
v -14.2658 106.0000 -3.5902
v -13.3488 90.0000 -6.9656
v -12.1353 106.0000 -6.3779
v -9.6985 90.0000 -9.3992
v -8.8168 106.0000 -8.5902
v -5.0988 90.0000 -10.9616
v -4.6353 106.0000 -10.0106
v -0.0000 90.0000 -11.5000
v -0.0000 106.0000 -10.5000
v 5.0988 90.0000 -10.9616
v 4.6353 106.0000 -10.0106
v 9.6985 90.0000 -9.3992
v 8.8168 106.0000 -8.5902
v 13.3488 90.0000 -6.9656
v 12.1353 106.0000 -6.3779
v 15.6924 90.0000 -3.8992
v 14.2658 106.0000 -3.5902
v -7.5000 98.0000 -3.0000
v -7.5000 98.0000 -3.0000
v -7.5000 98.0000 -3.0000
v -7.5000 98.0000 -3.0000
v -7.5000 98.0000 -3.0000
v -7.5000 98.0000 -3.0000
v -7.5000 98.0000 -3.0000
v -7.5000 98.0000 -3.0000
v -7.5000 98.0000 -3.0000
v -7.5000 98.0000 -3.0000
v -7.5000 98.0000 -3.0000
v -7.5000 98.0000 -3.0000
v -7.5000 98.0000 -3.0000
v -7.5000 98.0000 -3.0000
v -4.8212 97.5433 -3.0000
v -5.0865 97.5433 -1.9207
v -5.8298 97.5433 -1.0552
v -6.9039 97.5433 -0.5749
v -8.0961 97.5433 -0.5749
v -9.1702 97.5433 -1.0552
v -9.9135 97.5433 -1.9207
v -10.1788 97.5433 -3.0000
v -9.9135 97.5433 -4.0793
v -9.1702 97.5433 -4.9448
v -8.0961 97.5433 -5.4251
v -6.9039 97.5433 -5.4251
v -5.8298 97.5433 -4.9448
v -5.0865 97.5433 -4.0793
v -2.5503 96.2426 -3.0000
v -3.0404 96.2426 -1.0058
v -4.4139 96.2426 0.5934
v -6.3986 96.2426 1.4810
v -8.6014 96.2426 1.4810
v -10.5861 96.2426 0.5934
v -11.9596 96.2426 -1.0058
v -12.4497 96.2426 -3.0000
v -11.9596 96.2426 -4.9942
v -10.5861 96.2426 -6.5934
v -8.6014 96.2426 -7.4810
v -6.3986 96.2426 -7.4810
v -4.4139 96.2426 -6.5934
v -3.0404 96.2426 -4.9942
v -1.0328 94.2961 -3.0000
v -1.6733 94.2961 -0.3944
v -3.4678 94.2961 1.6951
v -6.0609 94.2961 2.8547
v -8.9391 94.2961 2.8547
v -11.5322 94.2961 1.6951
v -13.3267 94.2961 -0.3944
v -13.9672 94.2961 -3.0000
v -13.3267 94.2961 -5.6056
v -11.5322 94.2961 -7.6951
v -8.9391 94.2961 -8.8547
v -6.0609 94.2961 -8.8547
v -3.4678 94.2961 -7.6951
v -1.6733 94.2961 -5.6056
v -0.5000 92.0000 -3.0000
v -1.1932 92.0000 -0.1798
v -3.1356 92.0000 2.0819
v -5.9424 92.0000 3.3370
v -9.0576 92.0000 3.3370
v -11.8644 92.0000 2.0819
v -13.8068 92.0000 -0.1798
v -14.5000 92.0000 -3.0000
v -13.8068 92.0000 -5.8202
v -11.8644 92.0000 -8.0819
v -9.0576 92.0000 -9.3370
v -5.9424 92.0000 -9.3370
v -3.1356 92.0000 -8.0819
v -1.1932 92.0000 -5.8202
v -1.0328 89.7039 -3.0000
v -1.6733 89.7039 -0.3944
v -3.4678 89.7039 1.6951
v -6.0609 89.7039 2.8547
v -8.9391 89.7039 2.8547
v -11.5322 89.7039 1.6951
v -13.3267 89.7039 -0.3944
v -13.9672 89.7039 -3.0000
v -13.3267 89.7039 -5.6056
v -11.5322 89.7039 -7.6951
v -8.9391 89.7039 -8.8547
v -6.0609 89.7039 -8.8547
v -3.4678 89.7039 -7.6951
v -1.6733 89.7039 -5.6056
v -2.5503 87.7574 -3.0000
v -3.0404 87.7574 -1.0058
v -4.4139 87.7574 0.5934
v -6.3986 87.7574 1.4810
v -8.6014 87.7574 1.4810
v -10.5861 87.7574 0.5934
v -11.9596 87.7574 -1.0058
v -12.4497 87.7574 -3.0000
v -11.9596 87.7574 -4.9942
v -10.5861 87.7574 -6.5934
v -8.6014 87.7574 -7.4810
v -6.3986 87.7574 -7.4810
v -4.4139 87.7574 -6.5934
v -3.0404 87.7574 -4.9942
v -4.8212 86.4567 -3.0000
v -5.0865 86.4567 -1.9207
v -5.8298 86.4567 -1.0552
v -6.9039 86.4567 -0.5749
v -8.0961 86.4567 -0.5749
v -9.1702 86.4567 -1.0552
v -9.9135 86.4567 -1.9207
v -10.1788 86.4567 -3.0000
v -9.9135 86.4567 -4.0793
v -9.1702 86.4567 -4.9448
v -8.0961 86.4567 -5.4251
v -6.9039 86.4567 -5.4251
v -5.8298 86.4567 -4.9448
v -5.0865 86.4567 -4.0793
v -7.5000 86.0000 -3.0000
v -7.5000 86.0000 -3.0000
v -7.5000 86.0000 -3.0000
v -7.5000 86.0000 -3.0000
v -7.5000 86.0000 -3.0000
v -7.5000 86.0000 -3.0000
v -7.5000 86.0000 -3.0000
v -7.5000 86.0000 -3.0000
v -7.5000 86.0000 -3.0000
v -7.5000 86.0000 -3.0000
v -7.5000 86.0000 -3.0000
v -7.5000 86.0000 -3.0000
v -7.5000 86.0000 -3.0000
v -7.5000 86.0000 -3.0000
v 7.5000 98.0000 -3.0000
v 7.5000 98.0000 -3.0000
v 7.5000 98.0000 -3.0000
v 7.5000 98.0000 -3.0000
v 7.5000 98.0000 -3.0000
v 7.5000 98.0000 -3.0000
v 7.5000 98.0000 -3.0000
v 7.5000 98.0000 -3.0000
v 7.5000 98.0000 -3.0000
v 7.5000 98.0000 -3.0000
v 7.5000 98.0000 -3.0000
v 7.5000 98.0000 -3.0000
v 7.5000 98.0000 -3.0000
v 7.5000 98.0000 -3.0000
v 10.1788 97.5433 -3.0000
v 9.9135 97.5433 -1.9207
v 9.1702 97.5433 -1.0552
v 8.0961 97.5433 -0.5749
v 6.9039 97.5433 -0.5749
v 5.8298 97.5433 -1.0552
v 5.0865 97.5433 -1.9207
v 4.8212 97.5433 -3.0000
v 5.0865 97.5433 -4.0793
v 5.8298 97.5433 -4.9448
v 6.9039 97.5433 -5.4251
v 8.0961 97.5433 -5.4251
v 9.1702 97.5433 -4.9448
v 9.9135 97.5433 -4.0793
v 12.4497 96.2426 -3.0000
v 11.9596 96.2426 -1.0058
v 10.5861 96.2426 0.5934
v 8.6014 96.2426 1.4810
v 6.3986 96.2426 1.4810
v 4.4139 96.2426 0.5934
v 3.0404 96.2426 -1.0058
v 2.5503 96.2426 -3.0000
v 3.0404 96.2426 -4.9942
v 4.4139 96.2426 -6.5934
v 6.3986 96.2426 -7.4810
v 8.6014 96.2426 -7.4810
v 10.5861 96.2426 -6.5934
v 11.9596 96.2426 -4.9942
v 13.9672 94.2961 -3.0000
v 13.3267 94.2961 -0.3944
v 11.5322 94.2961 1.6951
v 8.9391 94.2961 2.8547
v 6.0609 94.2961 2.8547
v 3.4678 94.2961 1.6951
v 1.6733 94.2961 -0.3944
v 1.0328 94.2961 -3.0000
v 1.6733 94.2961 -5.6056
v 3.4678 94.2961 -7.6951
v 6.0609 94.2961 -8.8547
v 8.9391 94.2961 -8.8547
v 11.5322 94.2961 -7.6951
v 13.3267 94.2961 -5.6056
v 14.5000 92.0000 -3.0000
v 13.8068 92.0000 -0.1798
v 11.8644 92.0000 2.0819
v 9.0576 92.0000 3.3370
v 5.9424 92.0000 3.3370
v 3.1356 92.0000 2.0819
v 1.1932 92.0000 -0.1798
v 0.5000 92.0000 -3.0000
v 1.1932 92.0000 -5.8202
v 3.1356 92.0000 -8.0819
v 5.9424 92.0000 -9.3370
v 9.0576 92.0000 -9.3370
v 11.8644 92.0000 -8.0819
v 13.8068 92.0000 -5.8202
v 13.9672 89.7039 -3.0000
v 13.3267 89.7039 -0.3944
v 11.5322 89.7039 1.6951
v 8.9391 89.7039 2.8547
v 6.0609 89.7039 2.8547
v 3.4678 89.7039 1.6951
v 1.6733 89.7039 -0.3944
v 1.0328 89.7039 -3.0000
v 1.6733 89.7039 -5.6056
v 3.4678 89.7039 -7.6951
v 6.0609 89.7039 -8.8547
v 8.9391 89.7039 -8.8547
v 11.5322 89.7039 -7.6951
v 13.3267 89.7039 -5.6056
v 12.4497 87.7574 -3.0000
v 11.9596 87.7574 -1.0058
v 10.5861 87.7574 0.5934
v 8.6014 87.7574 1.4810
v 6.3986 87.7574 1.4810
v 4.4139 87.7574 0.5934
v 3.0404 87.7574 -1.0058
v 2.5503 87.7574 -3.0000
v 3.0404 87.7574 -4.9942
v 4.4139 87.7574 -6.5934
v 6.3986 87.7574 -7.4810
v 8.6014 87.7574 -7.4810
v 10.5861 87.7574 -6.5934
v 11.9596 87.7574 -4.9942
v 10.1788 86.4567 -3.0000
v 9.9135 86.4567 -1.9207
v 9.1702 86.4567 -1.0552
v 8.0961 86.4567 -0.5749
v 6.9039 86.4567 -0.5749
v 5.8298 86.4567 -1.0552
v 5.0865 86.4567 -1.9207
v 4.8212 86.4567 -3.0000
v 5.0865 86.4567 -4.0793
v 5.8298 86.4567 -4.9448
v 6.9039 86.4567 -5.4251
v 8.0961 86.4567 -5.4251
v 9.1702 86.4567 -4.9448
v 9.9135 86.4567 -4.0793
v 7.5000 86.0000 -3.0000
v 7.5000 86.0000 -3.0000
v 7.5000 86.0000 -3.0000
v 7.5000 86.0000 -3.0000
v 7.5000 86.0000 -3.0000
v 7.5000 86.0000 -3.0000
v 7.5000 86.0000 -3.0000
v 7.5000 86.0000 -3.0000
v 7.5000 86.0000 -3.0000
v 7.5000 86.0000 -3.0000
v 7.5000 86.0000 -3.0000
v 7.5000 86.0000 -3.0000
v 7.5000 86.0000 -3.0000
v 7.5000 86.0000 -3.0000
v -20.0000 146.0000 0.0000
v -20.0000 146.0000 0.0000
v -20.0000 146.0000 0.0000
v -20.0000 146.0000 0.0000
v -20.0000 146.0000 0.0000
v -20.0000 146.0000 0.0000
v -20.0000 146.0000 0.0000
v -20.0000 146.0000 0.0000
v -20.0000 146.0000 0.0000
v -20.0000 146.0000 0.0000
v -20.0000 146.0000 0.0000
v -20.0000 146.0000 0.0000
v -20.0000 146.0000 0.0000
v -20.0000 146.0000 0.0000
v -17.8952 145.5433 0.0000
v -18.1037 145.5433 0.9132
v -18.6877 145.5433 1.6456
v -19.5316 145.5433 2.0520
v -20.4684 145.5433 2.0520
v -21.3123 145.5433 1.6456
v -21.8963 145.5433 0.9132
v -22.1048 145.5433 0.0000
v -21.8963 145.5433 -0.9132
v -21.3123 145.5433 -1.6456
v -20.4684 145.5433 -2.0520
v -19.5316 145.5433 -2.0520
v -18.6877 145.5433 -1.6456
v -18.1037 145.5433 -0.9132
v -16.1109 144.2426 0.0000
v -16.4961 144.2426 1.6874
v -17.5752 144.2426 3.0406
v -19.1346 144.2426 3.7916
v -20.8654 144.2426 3.7916
v -22.4248 144.2426 3.0406
v -23.5039 144.2426 1.6874
v -23.8891 144.2426 0.0000
v -23.5039 144.2426 -1.6874
v -22.4248 144.2426 -3.0406
v -20.8654 144.2426 -3.7916
v -19.1346 144.2426 -3.7916
v -17.5752 144.2426 -3.0406
v -16.4961 144.2426 -1.6874
v -14.9187 142.2961 0.0000
v -15.4219 142.2961 2.2047
v -16.8318 142.2961 3.9727
v -18.8693 142.2961 4.9539
v -21.1307 142.2961 4.9539
v -23.1682 142.2961 3.9727
v -24.5781 142.2961 2.2047
v -25.0813 142.2961 0.0000
v -24.5781 142.2961 -2.2047
v -23.1682 142.2961 -3.9727
v -21.1307 142.2961 -4.9539
v -18.8693 142.2961 -4.9539
v -16.8318 142.2961 -3.9727
v -15.4219 142.2961 -2.2047
v -14.5000 140.0000 0.0000
v -15.0447 140.0000 2.3864
v -16.5708 140.0000 4.3001
v -18.7761 140.0000 5.3621
v -21.2239 140.0000 5.3621
v -23.4292 140.0000 4.3001
v -24.9553 140.0000 2.3864
v -25.5000 140.0000 0.0000
v -24.9553 140.0000 -2.3864
v -23.4292 140.0000 -4.3001
v -21.2239 140.0000 -5.3621
v -18.7761 140.0000 -5.3621
v -16.5708 140.0000 -4.3001
v -15.0447 140.0000 -2.3864
v -14.9187 137.7039 0.0000
v -15.4219 137.7039 2.2047
v -16.8318 137.7039 3.9727
v -18.8693 137.7039 4.9539
v -21.1307 137.7039 4.9539
v -23.1682 137.7039 3.9727
v -24.5781 137.7039 2.2047
v -25.0813 137.7039 0.0000
v -24.5781 137.7039 -2.2047
v -23.1682 137.7039 -3.9727
v -21.1307 137.7039 -4.9539
v -18.8693 137.7039 -4.9539
v -16.8318 137.7039 -3.9727
v -15.4219 137.7039 -2.2047
v -16.1109 135.7574 0.0000
v -16.4961 135.7574 1.6874
v -17.5752 135.7574 3.0406
v -19.1346 135.7574 3.7916
v -20.8654 135.7574 3.7916
v -22.4248 135.7574 3.0406
v -23.5039 135.7574 1.6874
v -23.8891 135.7574 0.0000
v -23.5039 135.7574 -1.6874
v -22.4248 135.7574 -3.0406
v -20.8654 135.7574 -3.7916
v -19.1346 135.7574 -3.7916
v -17.5752 135.7574 -3.0406
v -16.4961 135.7574 -1.6874
v -17.8952 134.4567 0.0000
v -18.1037 134.4567 0.9132
v -18.6877 134.4567 1.6456
v -19.5316 134.4567 2.0520
v -20.4684 134.4567 2.0520
v -21.3123 134.4567 1.6456
v -21.8963 134.4567 0.9132
v -22.1048 134.4567 0.0000
v -21.8963 134.4567 -0.9132
v -21.3123 134.4567 -1.6456
v -20.4684 134.4567 -2.0520
v -19.5316 134.4567 -2.0520
v -18.6877 134.4567 -1.6456
v -18.1037 134.4567 -0.9132
v -20.0000 134.0000 0.0000
v -20.0000 134.0000 0.0000
v -20.0000 134.0000 0.0000
v -20.0000 134.0000 0.0000
v -20.0000 134.0000 0.0000
v -20.0000 134.0000 0.0000
v -20.0000 134.0000 0.0000
v -20.0000 134.0000 0.0000
v -20.0000 134.0000 -0.0000
v -20.0000 134.0000 -0.0000
v -20.0000 134.0000 -0.0000
v -20.0000 134.0000 -0.0000
v -20.0000 134.0000 -0.0000
v -20.0000 134.0000 -0.0000
v -15.2862 137.0948 -0.0348
v -15.9178 137.1239 2.3681
v -17.6431 137.3877 4.1364
v -20.0000 137.8155 4.7965
v -22.3569 138.2928 4.1713
v -24.0822 138.6916 2.4284
v -24.7138 138.9052 0.0348
v -24.0822 138.8761 -2.3681
v -22.3569 138.6123 -4.1364
v -20.0000 138.1845 -4.7965
v -17.6431 137.7072 -4.1713
v -15.9178 137.3084 -2.4284
v -16.4434 131.9250 -0.2337
v -17.0538 131.9531 2.0891
v -18.7217 132.2081 3.7986
v -21.0000 132.6217 4.4366
v -23.2783 133.0831 3.8322
v -24.9462 133.4686 2.1474
v -25.5566 133.6750 -0.1663
v -24.9462 133.6469 -2.4891
v -23.2783 133.3919 -4.1986
v -21.0000 132.9783 -4.8366
v -18.7217 132.5169 -4.2322
v -17.0538 132.1314 -2.5474
v -17.6005 126.7552 -0.4325
v -18.1899 126.7823 1.8102
v -19.8002 127.0285 3.4607
v -22.0000 127.4278 4.0767
v -24.1998 127.8733 3.4932
v -25.8101 128.2455 1.8665
v -26.3995 128.4448 -0.3675
v -25.8101 128.4177 -2.6102
v -24.1998 128.1715 -4.2607
v -22.0000 127.7722 -4.8767
v -19.8002 127.3267 -4.2932
v -18.1899 126.9545 -2.6665
v -18.7576 121.5854 -0.6313
v -19.3260 121.6115 1.5313
v -20.8788 121.8489 3.1228
v -23.0000 122.2340 3.7168
v -25.1212 122.6635 3.1541
v -26.6740 123.0225 1.5855
v -27.2424 123.2146 -0.5687
v -26.6740 123.1885 -2.7313
v -25.1212 122.9511 -4.3228
v -23.0000 122.5660 -4.9168
v -20.8788 122.1365 -4.3541
v -19.3260 121.7775 -2.7855
v -19.9147 116.4155 -0.8302
v -20.4621 116.4407 1.2523
v -21.9574 116.6693 2.7849
v -24.0000 117.0401 3.3569
v -26.0426 117.4538 2.8151
v -27.5379 117.7994 1.3046
v -28.0853 117.9845 -0.7698
v -27.5379 117.9593 -2.8523
v -26.0426 117.7307 -4.3849
v -24.0000 117.3599 -4.9569
v -21.9574 116.9462 -4.4151
v -20.4621 116.6006 -2.9046
v -21.0719 111.2457 -1.0290
v -21.5981 111.2699 0.9734
v -23.0359 111.4897 2.4470
v -25.0000 111.8463 2.9970
v -26.9641 112.2440 2.4760
v -28.4019 112.5764 1.0236
v -28.9281 112.7543 -0.9710
v -28.4019 112.7301 -2.9734
v -26.9641 112.5103 -4.4470
v -25.0000 112.1537 -4.9970
v -23.0359 111.7560 -4.4760
v -21.5981 111.4236 -3.0236
v -25.0000 115.8000 -1.0000
v -25.0000 115.8000 -1.0000
v -25.0000 115.8000 -1.0000
v -25.0000 115.8000 -1.0000
v -25.0000 115.8000 -1.0000
v -25.0000 115.8000 -1.0000
v -25.0000 115.8000 -1.0000
v -25.0000 115.8000 -1.0000
v -25.0000 115.8000 -1.0000
v -25.0000 115.8000 -1.0000
v -25.0000 115.8000 -1.0000
v -25.0000 115.8000 -1.0000
v -23.1000 115.2909 -1.0000
v -23.3546 115.2909 -0.0500
v -24.0500 115.2909 0.6454
v -25.0000 115.2909 0.9000
v -25.9500 115.2909 0.6454
v -26.6454 115.2909 -0.0500
v -26.9000 115.2909 -1.0000
v -26.6454 115.2909 -1.9500
v -25.9500 115.2909 -2.6454
v -25.0000 115.2909 -2.9000
v -24.0500 115.2909 -2.6454
v -23.3546 115.2909 -1.9500
v -21.7091 113.9000 -1.0000
v -22.1500 113.9000 0.6454
v -23.3546 113.9000 1.8500
v -25.0000 113.9000 2.2909
v -26.6454 113.9000 1.8500
v -27.8500 113.9000 0.6454
v -28.2909 113.9000 -1.0000
v -27.8500 113.9000 -2.6454
v -26.6454 113.9000 -3.8500
v -25.0000 113.9000 -4.2909
v -23.3546 113.9000 -3.8500
v -22.1500 113.9000 -2.6454
v -21.2000 112.0000 -1.0000
v -21.7091 112.0000 0.9000
v -23.1000 112.0000 2.2909
v -25.0000 112.0000 2.8000
v -26.9000 112.0000 2.2909
v -28.2909 112.0000 0.9000
v -28.8000 112.0000 -1.0000
v -28.2909 112.0000 -2.9000
v -26.9000 112.0000 -4.2909
v -25.0000 112.0000 -4.8000
v -23.1000 112.0000 -4.2909
v -21.7091 112.0000 -2.9000
v -21.7091 110.1000 -1.0000
v -22.1500 110.1000 0.6454
v -23.3546 110.1000 1.8500
v -25.0000 110.1000 2.2909
v -26.6454 110.1000 1.8500
v -27.8500 110.1000 0.6454
v -28.2909 110.1000 -1.0000
v -27.8500 110.1000 -2.6454
v -26.6454 110.1000 -3.8500
v -25.0000 110.1000 -4.2909
v -23.3546 110.1000 -3.8500
v -22.1500 110.1000 -2.6454
v -23.1000 108.7091 -1.0000
v -23.3546 108.7091 -0.0500
v -24.0500 108.7091 0.6454
v -25.0000 108.7091 0.9000
v -25.9500 108.7091 0.6454
v -26.6454 108.7091 -0.0500
v -26.9000 108.7091 -1.0000
v -26.6454 108.7091 -1.9500
v -25.9500 108.7091 -2.6454
v -25.0000 108.7091 -2.9000
v -24.0500 108.7091 -2.6454
v -23.3546 108.7091 -1.9500
v -25.0000 108.2000 -1.0000
v -25.0000 108.2000 -1.0000
v -25.0000 108.2000 -1.0000
v -25.0000 108.2000 -1.0000
v -25.0000 108.2000 -1.0000
v -25.0000 108.2000 -1.0000
v -25.0000 108.2000 -1.0000
v -25.0000 108.2000 -1.0000
v -25.0000 108.2000 -1.0000
v -25.0000 108.2000 -1.0000
v -25.0000 108.2000 -1.0000
v -25.0000 108.2000 -1.0000
v -21.1274 111.5419 -0.9450
v -21.6462 111.8356 0.9837
v -23.0637 112.1734 2.3809
v -25.0000 112.4647 2.8722
v -26.9363 112.6315 2.3260
v -28.3538 112.6291 0.8885
v -28.8726 112.4581 -1.0550
v -28.3538 112.1644 -2.9837
v -26.9363 111.8266 -4.3809
v -25.0000 111.5353 -4.8722
v -23.0637 111.3685 -4.3260
v -21.6462 111.3709 -2.8885
v -21.9061 106.5630 -0.3476
v -22.4010 106.8432 1.4922
v -23.7531 107.1654 2.8249
v -25.6000 107.4432 3.2935
v -27.4469 107.6023 2.7724
v -28.7990 107.6000 1.4013
v -29.2939 107.4370 -0.4524
v -28.7990 107.1568 -2.2922
v -27.4469 106.8346 -3.6249
v -25.6000 106.5568 -4.0935
v -23.7531 106.3977 -3.5724
v -22.4010 106.4000 -2.2013
v -22.6849 101.5842 0.2499
v -23.1558 101.8508 2.0006
v -24.4424 102.1574 3.2688
v -26.2000 102.4218 3.7148
v -27.9576 102.5732 3.2189
v -29.2442 102.5710 1.9142
v -29.7151 102.4158 0.1501
v -29.2442 102.1492 -1.6006
v -27.9576 101.8426 -2.8688
v -26.2000 101.5782 -3.3148
v -24.4424 101.4268 -2.8189
v -23.1558 101.4290 -1.5142
v -23.4636 96.6053 0.8474
v -23.9106 96.8584 2.5090
v -25.1318 97.1494 3.7128
v -26.8000 97.4003 4.1361
v -28.4682 97.5440 3.6654
v -29.6894 97.5420 2.4270
v -30.1364 97.3947 0.7526
v -29.6894 97.1416 -0.9090
v -28.4682 96.8506 -2.1128
v -26.8000 96.5997 -2.5361
v -25.1318 96.4560 -2.0654
v -23.9106 96.4580 -0.8270
v -24.2423 91.6265 1.4448
v -24.6654 91.8659 3.0175
v -25.8212 92.1414 4.1568
v -27.4000 92.3789 4.5573
v -28.9788 92.5149 4.1119
v -30.1346 92.5129 2.9399
v -30.5577 92.3735 1.3552
v -30.1346 92.1341 -0.2175
v -28.9788 91.8586 -1.3568
v -27.4000 91.6211 -1.7573
v -25.8212 91.4851 -1.3119
v -24.6654 91.4871 -0.1399
v -25.0211 86.6476 2.0423
v -25.4202 86.8735 3.5259
v -26.5105 87.1333 4.6007
v -28.0000 87.3574 4.9786
v -29.4895 87.4857 4.5584
v -30.5798 87.4839 3.4527
v -30.9789 87.3524 1.9577
v -30.5798 87.1265 0.4741
v -29.4895 86.8667 -0.6007
v -28.0000 86.6426 -0.9786
v -26.5105 86.5143 -0.5584
v -25.4202 86.5161 0.5473
v -29.5000 84.5000 3.0000
v -29.5000 84.5000 3.0000
v -29.5000 84.5000 3.0000
v -29.5000 84.5000 3.0000
v -29.5000 84.5000 3.0000
v -29.5000 84.5000 3.0000
v -29.5000 84.5000 3.0000
v -29.5000 84.5000 3.0000
v -29.5000 84.5000 3.0000
v -29.5000 84.5000 3.0000
v -29.5000 84.5000 3.0000
v -29.5000 84.5000 3.0000
v -27.9000 83.8971 3.0000
v -28.1144 83.8971 3.4500
v -28.7000 83.8971 3.7794
v -29.5000 83.8971 3.9000
v -30.3000 83.8971 3.7794
v -30.8856 83.8971 3.4500
v -31.1000 83.8971 3.0000
v -30.8856 83.8971 2.5500
v -30.3000 83.8971 2.2206
v -29.5000 83.8971 2.1000
v -28.7000 83.8971 2.2206
v -28.1144 83.8971 2.5500
v -26.7287 82.2500 3.0000
v -27.1000 82.2500 3.7794
v -28.1144 82.2500 4.3500
v -29.5000 82.2500 4.5588
v -30.8856 82.2500 4.3500
v -31.9000 82.2500 3.7794
v -32.2713 82.2500 3.0000
v -31.9000 82.2500 2.2206
v -30.8856 82.2500 1.6500
v -29.5000 82.2500 1.4412
v -28.1144 82.2500 1.6500
v -27.1000 82.2500 2.2206
v -26.3000 80.0000 3.0000
v -26.7287 80.0000 3.9000
v -27.9000 80.0000 4.5588
v -29.5000 80.0000 4.8000
v -31.1000 80.0000 4.5588
v -32.2713 80.0000 3.9000
v -32.7000 80.0000 3.0000
v -32.2713 80.0000 2.1000
v -31.1000 80.0000 1.4412
v -29.5000 80.0000 1.2000
v -27.9000 80.0000 1.4412
v -26.7287 80.0000 2.1000
v -26.7287 77.7500 3.0000
v -27.1000 77.7500 3.7794
v -28.1144 77.7500 4.3500
v -29.5000 77.7500 4.5588
v -30.8856 77.7500 4.3500
v -31.9000 77.7500 3.7794
v -32.2713 77.7500 3.0000
v -31.9000 77.7500 2.2206
v -30.8856 77.7500 1.6500
v -29.5000 77.7500 1.4412
v -28.1144 77.7500 1.6500
v -27.1000 77.7500 2.2206
v -27.9000 76.1029 3.0000
v -28.1144 76.1029 3.4500
v -28.7000 76.1029 3.7794
v -29.5000 76.1029 3.9000
v -30.3000 76.1029 3.7794
v -30.8856 76.1029 3.4500
v -31.1000 76.1029 3.0000
v -30.8856 76.1029 2.5500
v -30.3000 76.1029 2.2206
v -29.5000 76.1029 2.1000
v -28.7000 76.1029 2.2206
v -28.1144 76.1029 2.5500
v -29.5000 75.5000 3.0000
v -29.5000 75.5000 3.0000
v -29.5000 75.5000 3.0000
v -29.5000 75.5000 3.0000
v -29.5000 75.5000 3.0000
v -29.5000 75.5000 3.0000
v -29.5000 75.5000 3.0000
v -29.5000 75.5000 3.0000
v -29.5000 75.5000 3.0000
v -29.5000 75.5000 3.0000
v -29.5000 75.5000 3.0000
v -29.5000 75.5000 3.0000
v -26.4310 81.7515 3.9371
v -26.9655 81.8568 4.8927
v -28.0345 81.6053 4.9556
v -28.5690 81.2485 4.0629
v -28.0345 81.1432 3.1073
v -26.9655 81.3947 3.0444
v -26.0282 79.7287 4.4428
v -26.5141 79.8244 5.3116
v -27.4859 79.5957 5.3688
v -27.9718 79.2713 4.5572
v -27.4859 79.1756 3.6884
v -26.5141 79.4043 3.6312
v -25.6254 77.7058 4.9486
v -26.0627 77.7919 5.7304
v -26.9373 77.5861 5.7819
v -27.3746 77.2942 5.0514
v -26.9373 77.2081 4.2696
v -26.0627 77.4139 4.2181
v -26.7062 79.8137 3.0000
v -27.5245 79.8683 4.9799
v -29.5000 80.0000 5.8000
v -31.4755 80.1317 4.9799
v -32.2938 80.1863 3.0000
v -31.4755 80.1317 1.0201
v -29.5000 80.0000 0.2000
v -27.5245 79.8683 1.0201
v -27.1389 77.3315 3.0000
v -27.8793 77.3808 4.7913
v -29.6667 77.5000 5.5333
v -31.4540 77.6192 4.7913
v -32.1944 77.6685 3.0000
v -31.4540 77.6192 1.2087
v -29.6667 77.5000 0.4667
v -27.8793 77.3808 1.2087
v -27.5717 74.8492 3.0000
v -28.2341 74.8934 4.6028
v -29.8333 75.0000 5.2667
v -31.4326 75.1066 4.6028
v -32.0950 75.1508 3.0000
v -31.4326 75.1066 1.3972
v -29.8333 75.0000 0.7333
v -28.2341 74.8934 1.3972
v -28.0044 72.3670 3.0000
v -28.5889 72.4059 4.4142
v -30.0000 72.5000 5.0000
v -31.4111 72.5941 4.4142
v -31.9956 72.6330 3.0000
v -31.4111 72.5941 1.5858
v -30.0000 72.5000 1.0000
v -28.5889 72.4059 1.5858
v 20.0000 146.0000 0.0000
v 20.0000 146.0000 0.0000
v 20.0000 146.0000 0.0000
v 20.0000 146.0000 0.0000
v 20.0000 146.0000 0.0000
v 20.0000 146.0000 0.0000
v 20.0000 146.0000 0.0000
v 20.0000 146.0000 0.0000
v 20.0000 146.0000 0.0000
v 20.0000 146.0000 0.0000
v 20.0000 146.0000 0.0000
v 20.0000 146.0000 0.0000
v 20.0000 146.0000 0.0000
v 20.0000 146.0000 0.0000
v 22.1048 145.5433 0.0000
v 21.8963 145.5433 0.9132
v 21.3123 145.5433 1.6456
v 20.4684 145.5433 2.0520
v 19.5316 145.5433 2.0520
v 18.6877 145.5433 1.6456
v 18.1037 145.5433 0.9132
v 17.8952 145.5433 0.0000
v 18.1037 145.5433 -0.9132
v 18.6877 145.5433 -1.6456
v 19.5316 145.5433 -2.0520
v 20.4684 145.5433 -2.0520
v 21.3123 145.5433 -1.6456
v 21.8963 145.5433 -0.9132
v 23.8891 144.2426 0.0000
v 23.5039 144.2426 1.6874
v 22.4248 144.2426 3.0406
v 20.8654 144.2426 3.7916
v 19.1346 144.2426 3.7916
v 17.5752 144.2426 3.0406
v 16.4961 144.2426 1.6874
v 16.1109 144.2426 0.0000
v 16.4961 144.2426 -1.6874
v 17.5752 144.2426 -3.0406
v 19.1346 144.2426 -3.7916
v 20.8654 144.2426 -3.7916
v 22.4248 144.2426 -3.0406
v 23.5039 144.2426 -1.6874
v 25.0813 142.2961 0.0000
v 24.5781 142.2961 2.2047
v 23.1682 142.2961 3.9727
v 21.1307 142.2961 4.9539
v 18.8693 142.2961 4.9539
v 16.8318 142.2961 3.9727
v 15.4219 142.2961 2.2047
v 14.9187 142.2961 0.0000
v 15.4219 142.2961 -2.2047
v 16.8318 142.2961 -3.9727
v 18.8693 142.2961 -4.9539
v 21.1307 142.2961 -4.9539
v 23.1682 142.2961 -3.9727
v 24.5781 142.2961 -2.2047
v 25.5000 140.0000 0.0000
v 24.9553 140.0000 2.3864
v 23.4292 140.0000 4.3001
v 21.2239 140.0000 5.3621
v 18.7761 140.0000 5.3621
v 16.5708 140.0000 4.3001
v 15.0447 140.0000 2.3864
v 14.5000 140.0000 0.0000
v 15.0447 140.0000 -2.3864
v 16.5708 140.0000 -4.3001
v 18.7761 140.0000 -5.3621
v 21.2239 140.0000 -5.3621
v 23.4292 140.0000 -4.3001
v 24.9553 140.0000 -2.3864
v 25.0813 137.7039 0.0000
v 24.5781 137.7039 2.2047
v 23.1682 137.7039 3.9727
v 21.1307 137.7039 4.9539
v 18.8693 137.7039 4.9539
v 16.8318 137.7039 3.9727
v 15.4219 137.7039 2.2047
v 14.9187 137.7039 0.0000
v 15.4219 137.7039 -2.2047
v 16.8318 137.7039 -3.9727
v 18.8693 137.7039 -4.9539
v 21.1307 137.7039 -4.9539
v 23.1682 137.7039 -3.9727
v 24.5781 137.7039 -2.2047
v 23.8891 135.7574 0.0000
v 23.5039 135.7574 1.6874
v 22.4248 135.7574 3.0406
v 20.8654 135.7574 3.7916
v 19.1346 135.7574 3.7916
v 17.5752 135.7574 3.0406
v 16.4961 135.7574 1.6874
v 16.1109 135.7574 0.0000
v 16.4961 135.7574 -1.6874
v 17.5752 135.7574 -3.0406
v 19.1346 135.7574 -3.7916
v 20.8654 135.7574 -3.7916
v 22.4248 135.7574 -3.0406
v 23.5039 135.7574 -1.6874
v 22.1048 134.4567 0.0000
v 21.8963 134.4567 0.9132
v 21.3123 134.4567 1.6456
v 20.4684 134.4567 2.0520
v 19.5316 134.4567 2.0520
v 18.6877 134.4567 1.6456
v 18.1037 134.4567 0.9132
v 17.8952 134.4567 0.0000
v 18.1037 134.4567 -0.9132
v 18.6877 134.4567 -1.6456
v 19.5316 134.4567 -2.0520
v 20.4684 134.4567 -2.0520
v 21.3123 134.4567 -1.6456
v 21.8963 134.4567 -0.9132
v 20.0000 134.0000 0.0000
v 20.0000 134.0000 0.0000
v 20.0000 134.0000 0.0000
v 20.0000 134.0000 0.0000
v 20.0000 134.0000 0.0000
v 20.0000 134.0000 0.0000
v 20.0000 134.0000 0.0000
v 20.0000 134.0000 0.0000
v 20.0000 134.0000 -0.0000
v 20.0000 134.0000 -0.0000
v 20.0000 134.0000 -0.0000
v 20.0000 134.0000 -0.0000
v 20.0000 134.0000 -0.0000
v 20.0000 134.0000 -0.0000
v 24.7138 138.9052 0.0348
v 24.0822 138.6916 2.4284
v 22.3569 138.2928 4.1713
v 20.0000 137.8155 4.7965
v 17.6431 137.3877 4.1364
v 15.9178 137.1239 2.3681
v 15.2862 137.0948 -0.0348
v 15.9178 137.3084 -2.4284
v 17.6431 137.7072 -4.1713
v 20.0000 138.1845 -4.7965
v 22.3569 138.6123 -4.1364
v 24.0822 138.8761 -2.3681
v 25.5566 133.6750 -0.1663
v 24.9462 133.4686 2.1474
v 23.2783 133.0831 3.8322
v 21.0000 132.6217 4.4366
v 18.7217 132.2081 3.7986
v 17.0538 131.9531 2.0891
v 16.4434 131.9250 -0.2337
v 17.0538 132.1314 -2.5474
v 18.7217 132.5169 -4.2322
v 21.0000 132.9783 -4.8366
v 23.2783 133.3919 -4.1986
v 24.9462 133.6469 -2.4891
v 26.3995 128.4448 -0.3675
v 25.8101 128.2455 1.8665
v 24.1998 127.8733 3.4932
v 22.0000 127.4278 4.0767
v 19.8002 127.0285 3.4607
v 18.1899 126.7823 1.8102
v 17.6005 126.7552 -0.4325
v 18.1899 126.9545 -2.6665
v 19.8002 127.3267 -4.2932
v 22.0000 127.7722 -4.8767
v 24.1998 128.1715 -4.2607
v 25.8101 128.4177 -2.6102
v 27.2424 123.2146 -0.5687
v 26.6740 123.0225 1.5855
v 25.1212 122.6635 3.1541
v 23.0000 122.2340 3.7168
v 20.8788 121.8489 3.1228
v 19.3260 121.6115 1.5313
v 18.7576 121.5854 -0.6313
v 19.3260 121.7775 -2.7855
v 20.8788 122.1365 -4.3541
v 23.0000 122.5660 -4.9168
v 25.1212 122.9511 -4.3228
v 26.6740 123.1885 -2.7313
v 28.0853 117.9845 -0.7698
v 27.5379 117.7994 1.3046
v 26.0426 117.4538 2.8151
v 24.0000 117.0401 3.3569
v 21.9574 116.6693 2.7849
v 20.4621 116.4407 1.2523
v 19.9147 116.4155 -0.8302
v 20.4621 116.6006 -2.9046
v 21.9574 116.9462 -4.4151
v 24.0000 117.3599 -4.9569
v 26.0426 117.7307 -4.3849
v 27.5379 117.9593 -2.8523
v 28.9281 112.7543 -0.9710
v 28.4019 112.5764 1.0236
v 26.9641 112.2440 2.4760
v 25.0000 111.8463 2.9970
v 23.0359 111.4897 2.4470
v 21.5981 111.2699 0.9734
v 21.0719 111.2457 -1.0290
v 21.5981 111.4236 -3.0236
v 23.0359 111.7560 -4.4760
v 25.0000 112.1537 -4.9970
v 26.9641 112.5103 -4.4470
v 28.4019 112.7301 -2.9734
v 25.0000 115.8000 -1.0000
v 25.0000 115.8000 -1.0000
v 25.0000 115.8000 -1.0000
v 25.0000 115.8000 -1.0000
v 25.0000 115.8000 -1.0000
v 25.0000 115.8000 -1.0000
v 25.0000 115.8000 -1.0000
v 25.0000 115.8000 -1.0000
v 25.0000 115.8000 -1.0000
v 25.0000 115.8000 -1.0000
v 25.0000 115.8000 -1.0000
v 25.0000 115.8000 -1.0000
v 26.9000 115.2909 -1.0000
v 26.6454 115.2909 -0.0500
v 25.9500 115.2909 0.6454
v 25.0000 115.2909 0.9000
v 24.0500 115.2909 0.6454
v 23.3546 115.2909 -0.0500
v 23.1000 115.2909 -1.0000
v 23.3546 115.2909 -1.9500
v 24.0500 115.2909 -2.6454
v 25.0000 115.2909 -2.9000
v 25.9500 115.2909 -2.6454
v 26.6454 115.2909 -1.9500
v 28.2909 113.9000 -1.0000
v 27.8500 113.9000 0.6454
v 26.6454 113.9000 1.8500
v 25.0000 113.9000 2.2909
v 23.3546 113.9000 1.8500
v 22.1500 113.9000 0.6454
v 21.7091 113.9000 -1.0000
v 22.1500 113.9000 -2.6454
v 23.3546 113.9000 -3.8500
v 25.0000 113.9000 -4.2909
v 26.6454 113.9000 -3.8500
v 27.8500 113.9000 -2.6454
v 28.8000 112.0000 -1.0000
v 28.2909 112.0000 0.9000
v 26.9000 112.0000 2.2909
v 25.0000 112.0000 2.8000
v 23.1000 112.0000 2.2909
v 21.7091 112.0000 0.9000
v 21.2000 112.0000 -1.0000
v 21.7091 112.0000 -2.9000
v 23.1000 112.0000 -4.2909
v 25.0000 112.0000 -4.8000
v 26.9000 112.0000 -4.2909
v 28.2909 112.0000 -2.9000
v 28.2909 110.1000 -1.0000
v 27.8500 110.1000 0.6454
v 26.6454 110.1000 1.8500
v 25.0000 110.1000 2.2909
v 23.3546 110.1000 1.8500
v 22.1500 110.1000 0.6454
v 21.7091 110.1000 -1.0000
v 22.1500 110.1000 -2.6454
v 23.3546 110.1000 -3.8500
v 25.0000 110.1000 -4.2909
v 26.6454 110.1000 -3.8500
v 27.8500 110.1000 -2.6454
v 26.9000 108.7091 -1.0000
v 26.6454 108.7091 -0.0500
v 25.9500 108.7091 0.6454
v 25.0000 108.7091 0.9000
v 24.0500 108.7091 0.6454
v 23.3546 108.7091 -0.0500
v 23.1000 108.7091 -1.0000
v 23.3546 108.7091 -1.9500
v 24.0500 108.7091 -2.6454
v 25.0000 108.7091 -2.9000
v 25.9500 108.7091 -2.6454
v 26.6454 108.7091 -1.9500
v 25.0000 108.2000 -1.0000
v 25.0000 108.2000 -1.0000
v 25.0000 108.2000 -1.0000
v 25.0000 108.2000 -1.0000
v 25.0000 108.2000 -1.0000
v 25.0000 108.2000 -1.0000
v 25.0000 108.2000 -1.0000
v 25.0000 108.2000 -1.0000
v 25.0000 108.2000 -1.0000
v 25.0000 108.2000 -1.0000
v 25.0000 108.2000 -1.0000
v 25.0000 108.2000 -1.0000
v 28.8726 112.4581 -1.0550
v 28.3538 112.6291 0.8885
v 26.9363 112.6315 2.3260
v 25.0000 112.4647 2.8722
v 23.0637 112.1734 2.3809
v 21.6462 111.8356 0.9837
v 21.1274 111.5419 -0.9450
v 21.6462 111.3709 -2.8885
v 23.0637 111.3685 -4.3260
v 25.0000 111.5353 -4.8722
v 26.9363 111.8266 -4.3809
v 28.3538 112.1644 -2.9837
v 29.2939 107.4370 -0.4524
v 28.7990 107.6000 1.4013
v 27.4469 107.6023 2.7724
v 25.6000 107.4432 3.2935
v 23.7531 107.1654 2.8249
v 22.4010 106.8432 1.4922
v 21.9061 106.5630 -0.3476
v 22.4010 106.4000 -2.2013
v 23.7531 106.3977 -3.5724
v 25.6000 106.5568 -4.0935
v 27.4469 106.8346 -3.6249
v 28.7990 107.1568 -2.2922
v 29.7151 102.4158 0.1501
v 29.2442 102.5710 1.9142
v 27.9576 102.5732 3.2189
v 26.2000 102.4218 3.7148
v 24.4424 102.1574 3.2688
v 23.1558 101.8508 2.0006
v 22.6849 101.5842 0.2499
v 23.1558 101.4290 -1.5142
v 24.4424 101.4268 -2.8189
v 26.2000 101.5782 -3.3148
v 27.9576 101.8426 -2.8688
v 29.2442 102.1492 -1.6006
v 30.1364 97.3947 0.7526
v 29.6894 97.5420 2.4270
v 28.4682 97.5440 3.6654
v 26.8000 97.4003 4.1361
v 25.1318 97.1494 3.7128
v 23.9106 96.8584 2.5090
v 23.4636 96.6053 0.8474
v 23.9106 96.4580 -0.8270
v 25.1318 96.4560 -2.0654
v 26.8000 96.5997 -2.5361
v 28.4682 96.8506 -2.1128
v 29.6894 97.1416 -0.9090
v 30.5577 92.3735 1.3552
v 30.1346 92.5129 2.9399
v 28.9788 92.5149 4.1119
v 27.4000 92.3789 4.5573
v 25.8212 92.1414 4.1568
v 24.6654 91.8659 3.0175
v 24.2423 91.6265 1.4448
v 24.6654 91.4871 -0.1399
v 25.8212 91.4851 -1.3119
v 27.4000 91.6211 -1.7573
v 28.9788 91.8586 -1.3568
v 30.1346 92.1341 -0.2175
v 30.9789 87.3524 1.9577
v 30.5798 87.4839 3.4527
v 29.4895 87.4857 4.5584
v 28.0000 87.3574 4.9786
v 26.5105 87.1333 4.6007
v 25.4202 86.8735 3.5259
v 25.0211 86.6476 2.0423
v 25.4202 86.5161 0.5473
v 26.5105 86.5143 -0.5584
v 28.0000 86.6426 -0.9786
v 29.4895 86.8667 -0.6007
v 30.5798 87.1265 0.4741
v 29.5000 84.5000 3.0000
v 29.5000 84.5000 3.0000
v 29.5000 84.5000 3.0000
v 29.5000 84.5000 3.0000
v 29.5000 84.5000 3.0000
v 29.5000 84.5000 3.0000
v 29.5000 84.5000 3.0000
v 29.5000 84.5000 3.0000
v 29.5000 84.5000 3.0000
v 29.5000 84.5000 3.0000
v 29.5000 84.5000 3.0000
v 29.5000 84.5000 3.0000
v 31.1000 83.8971 3.0000
v 30.8856 83.8971 3.4500
v 30.3000 83.8971 3.7794
v 29.5000 83.8971 3.9000
v 28.7000 83.8971 3.7794
v 28.1144 83.8971 3.4500
v 27.9000 83.8971 3.0000
v 28.1144 83.8971 2.5500
v 28.7000 83.8971 2.2206
v 29.5000 83.8971 2.1000
v 30.3000 83.8971 2.2206
v 30.8856 83.8971 2.5500
v 32.2713 82.2500 3.0000
v 31.9000 82.2500 3.7794
v 30.8856 82.2500 4.3500
v 29.5000 82.2500 4.5588
v 28.1144 82.2500 4.3500
v 27.1000 82.2500 3.7794
v 26.7287 82.2500 3.0000
v 27.1000 82.2500 2.2206
v 28.1144 82.2500 1.6500
v 29.5000 82.2500 1.4412
v 30.8856 82.2500 1.6500
v 31.9000 82.2500 2.2206
v 32.7000 80.0000 3.0000
v 32.2713 80.0000 3.9000
v 31.1000 80.0000 4.5588
v 29.5000 80.0000 4.8000
v 27.9000 80.0000 4.5588
v 26.7287 80.0000 3.9000
v 26.3000 80.0000 3.0000
v 26.7287 80.0000 2.1000
v 27.9000 80.0000 1.4412
v 29.5000 80.0000 1.2000
v 31.1000 80.0000 1.4412
v 32.2713 80.0000 2.1000
v 32.2713 77.7500 3.0000
v 31.9000 77.7500 3.7794
v 30.8856 77.7500 4.3500
v 29.5000 77.7500 4.5588
v 28.1144 77.7500 4.3500
v 27.1000 77.7500 3.7794
v 26.7287 77.7500 3.0000
v 27.1000 77.7500 2.2206
v 28.1144 77.7500 1.6500
v 29.5000 77.7500 1.4412
v 30.8856 77.7500 1.6500
v 31.9000 77.7500 2.2206
v 31.1000 76.1029 3.0000
v 30.8856 76.1029 3.4500
v 30.3000 76.1029 3.7794
v 29.5000 76.1029 3.9000
v 28.7000 76.1029 3.7794
v 28.1144 76.1029 3.4500
v 27.9000 76.1029 3.0000
v 28.1144 76.1029 2.5500
v 28.7000 76.1029 2.2206
v 29.5000 76.1029 2.1000
v 30.3000 76.1029 2.2206
v 30.8856 76.1029 2.5500
v 29.5000 75.5000 3.0000
v 29.5000 75.5000 3.0000
v 29.5000 75.5000 3.0000
v 29.5000 75.5000 3.0000
v 29.5000 75.5000 3.0000
v 29.5000 75.5000 3.0000
v 29.5000 75.5000 3.0000
v 29.5000 75.5000 3.0000
v 29.5000 75.5000 3.0000
v 29.5000 75.5000 3.0000
v 29.5000 75.5000 3.0000
v 29.5000 75.5000 3.0000
v 28.5690 81.2485 4.0629
v 28.0345 81.6053 4.9556
v 26.9655 81.8568 4.8927
v 26.4310 81.7515 3.9371
v 26.9655 81.3947 3.0444
v 28.0345 81.1432 3.1073
v 27.9718 79.2713 4.5572
v 27.4859 79.5957 5.3688
v 26.5141 79.8244 5.3116
v 26.0282 79.7287 4.4428
v 26.5141 79.4043 3.6312
v 27.4859 79.1756 3.6884
v 27.3746 77.2942 5.0514
v 26.9373 77.5861 5.7819
v 26.0627 77.7919 5.7304
v 25.6254 77.7058 4.9486
v 26.0627 77.4139 4.2181
v 26.9373 77.2081 4.2696
v 32.2938 80.1863 3.0000
v 31.4755 80.1317 4.9799
v 29.5000 80.0000 5.8000
v 27.5245 79.8683 4.9799
v 26.7062 79.8137 3.0000
v 27.5245 79.8683 1.0201
v 29.5000 80.0000 0.2000
v 31.4755 80.1317 1.0201
v 32.1944 77.6685 3.0000
v 31.4540 77.6192 4.7913
v 29.6667 77.5000 5.5333
v 27.8793 77.3808 4.7913
v 27.1389 77.3315 3.0000
v 27.8793 77.3808 1.2087
v 29.6667 77.5000 0.4667
v 31.4540 77.6192 1.2087
v 32.0950 75.1508 3.0000
v 31.4326 75.1066 4.6028
v 29.8333 75.0000 5.2667
v 28.2341 74.8934 4.6028
v 27.5717 74.8492 3.0000
v 28.2341 74.8934 1.3972
v 29.8333 75.0000 0.7333
v 31.4326 75.1066 1.3972
v 31.9956 72.6330 3.0000
v 31.4111 72.5941 4.4142
v 30.0000 72.5000 5.0000
v 28.5889 72.4059 4.4142
v 28.0044 72.3670 3.0000
v 28.5889 72.4059 1.5858
v 30.0000 72.5000 1.0000
v 31.4111 72.5941 1.5858
v -1.7013 87.8601 0.0036
v -2.4736 87.9607 3.3864
v -4.6376 88.0691 6.0985
v -7.7646 88.1638 7.6027
v -11.2354 88.2260 7.6011
v -14.3624 88.2435 6.0940
v -16.5264 88.2128 3.3799
v -17.2987 88.1399 -0.0036
v -16.5264 88.0393 -3.3864
v -14.3624 87.9309 -6.0985
v -11.2354 87.8362 -7.6027
v -7.7646 87.7740 -7.6011
v -4.6376 87.7565 -6.0940
v -2.4736 87.7872 -3.3799
v -2.1845 81.3667 0.1701
v -2.9205 81.4626 3.3939
v -4.9828 81.5658 5.9785
v -7.9629 81.6561 7.4120
v -11.2705 81.7154 7.4105
v -14.2505 81.7321 5.9742
v -16.3128 81.7028 3.3877
v -17.0488 81.6333 0.1632
v -16.3128 81.5374 -3.0606
v -14.2505 81.4342 -5.6452
v -11.2705 81.3439 -7.0787
v -7.9629 81.2846 -7.0772
v -4.9828 81.2679 -5.6409
v -2.9205 81.2972 -3.0544
v -2.6678 74.8733 0.3366
v -3.3675 74.9644 3.4014
v -5.3280 75.0626 5.8585
v -8.1611 75.1484 7.2213
v -11.3056 75.2048 7.2198
v -14.1386 75.2206 5.8544
v -16.0992 75.1928 3.3955
v -16.7989 75.1267 0.3301
v -16.0992 75.0356 -2.7347
v -14.1386 74.9374 -5.1918
v -11.3056 74.8516 -6.5546
v -8.1611 74.7952 -6.5532
v -5.3280 74.7794 -5.1878
v -3.3675 74.8072 -2.7288
v -3.1511 68.3798 0.5031
v -3.8145 68.4663 3.4088
v -5.6733 68.5594 5.7385
v -8.3593 68.6407 7.0306
v -11.3407 68.6942 7.0292
v -14.0267 68.7092 5.7346
v -15.8855 68.6828 3.4033
v -16.5489 68.6202 0.4969
v -15.8855 68.5337 -2.4088
v -14.0267 68.4406 -4.7385
v -11.3407 68.3593 -6.0306
v -8.3593 68.3058 -6.0292
v -5.6733 68.2908 -4.7346
v -3.8145 68.3172 -2.4033
v -3.6344 61.8864 0.6696
v -4.2614 61.9681 3.4163
v -6.0185 62.0561 5.6185
v -8.5576 62.1330 6.8398
v -11.3757 62.1835 6.8385
v -13.9148 62.1977 5.6148
v -15.6719 62.1728 3.4111
v -16.2990 62.1136 0.6638
v -15.6719 62.0319 -2.0830
v -13.9148 61.9439 -4.2851
v -11.3757 61.8670 -5.5065
v -8.5576 61.8165 -5.5052
v -6.0185 61.8023 -4.2815
v -4.2614 61.8272 -2.0777
v -4.1176 55.3930 0.8361
v -4.7084 55.4699 3.4238
v -6.3638 55.5529 5.4984
v -8.7558 55.6253 6.6491
v -11.4108 55.6729 6.6479
v -13.8029 55.6863 5.4950
v -15.4582 55.6628 3.4189
v -16.0490 55.6070 0.8306
v -15.4582 55.5301 -1.7571
v -13.8029 55.4471 -3.8318
v -11.4108 55.3747 -4.9824
v -8.7558 55.3271 -4.9812
v -6.3638 55.3137 -3.8284
v -4.7084 55.3372 -1.7522
v -4.6009 48.8996 1.0026
v -5.1554 48.9718 3.4313
v -6.7090 49.0496 5.3784
v -8.9541 49.1176 6.4584
v -11.4459 49.1623 6.4572
v -13.6910 49.1748 5.3752
v -15.2446 49.1528 3.4266
v -15.7991 49.1004 0.9974
v -15.2446 49.0282 -1.4313
v -13.6910 48.9504 -3.3784
v -11.4459 48.8824 -4.4584
v -8.9541 48.8377 -4.4572
v -6.7090 48.8252 -3.3752
v -5.1554 48.8472 -1.4266
v -10.2000 54.0000 1.0000
v -10.2000 54.0000 1.0000
v -10.2000 54.0000 1.0000
v -10.2000 54.0000 1.0000
v -10.2000 54.0000 1.0000
v -10.2000 54.0000 1.0000
v -10.2000 54.0000 1.0000
v -10.2000 54.0000 1.0000
v -10.2000 54.0000 1.0000
v -10.2000 54.0000 1.0000
v -10.2000 54.0000 1.0000
v -10.2000 54.0000 1.0000
v -7.9438 53.5048 1.0000
v -8.2461 53.5048 2.0847
v -9.0719 53.5048 2.8788
v -10.2000 53.5048 3.1694
v -11.3281 53.5048 2.8788
v -12.1539 53.5048 2.0847
v -12.4562 53.5048 1.0000
v -12.1539 53.5048 -0.0847
v -11.3281 53.5048 -0.8788
v -10.2000 53.5048 -1.1694
v -9.0719 53.5048 -0.8788
v -8.2461 53.5048 -0.0847
v -6.1345 52.1174 1.0000
v -6.6792 52.1174 2.9546
v -8.1672 52.1174 4.3854
v -10.2000 52.1174 4.9092
v -12.2328 52.1174 4.3854
v -13.7208 52.1174 2.9546
v -14.2655 52.1174 1.0000
v -13.7208 52.1174 -0.9546
v -12.2328 52.1174 -2.3854
v -10.2000 52.1174 -2.9092
v -8.1672 52.1174 -2.3854
v -6.6792 52.1174 -0.9546
v -5.1304 50.1126 1.0000
v -5.8096 50.1126 3.4373
v -7.6652 50.1126 5.2216
v -10.2000 50.1126 5.8746
v -12.7348 50.1126 5.2216
v -14.5904 50.1126 3.4373
v -15.2696 50.1126 1.0000
v -14.5904 50.1126 -1.4373
v -12.7348 50.1126 -3.2216
v -10.2000 50.1126 -3.8746
v -7.6652 50.1126 -3.2216
v -5.8096 50.1126 -1.4373
v -5.1304 47.8874 1.0000
v -5.8096 47.8874 3.4373
v -7.6652 47.8874 5.2216
v -10.2000 47.8874 5.8746
v -12.7348 47.8874 5.2216
v -14.5904 47.8874 3.4373
v -15.2696 47.8874 1.0000
v -14.5904 47.8874 -1.4373
v -12.7348 47.8874 -3.2216
v -10.2000 47.8874 -3.8746
v -7.6652 47.8874 -3.2216
v -5.8096 47.8874 -1.4373
v -6.1345 45.8826 1.0000
v -6.6792 45.8826 2.9546
v -8.1672 45.8826 4.3854
v -10.2000 45.8826 4.9092
v -12.2328 45.8826 4.3854
v -13.7208 45.8826 2.9546
v -14.2655 45.8826 1.0000
v -13.7208 45.8826 -0.9546
v -12.2328 45.8826 -2.3854
v -10.2000 45.8826 -2.9092
v -8.1672 45.8826 -2.3854
v -6.6792 45.8826 -0.9546
v -7.9438 44.4952 1.0000
v -8.2461 44.4952 2.0847
v -9.0719 44.4952 2.8788
v -10.2000 44.4952 3.1694
v -11.3281 44.4952 2.8788
v -12.1539 44.4952 2.0847
v -12.4562 44.4952 1.0000
v -12.1539 44.4952 -0.0847
v -11.3281 44.4952 -0.8788
v -10.2000 44.4952 -1.1694
v -9.0719 44.4952 -0.8788
v -8.2461 44.4952 -0.0847
v -10.2000 44.0000 1.0000
v -10.2000 44.0000 1.0000
v -10.2000 44.0000 1.0000
v -10.2000 44.0000 1.0000
v -10.2000 44.0000 1.0000
v -10.2000 44.0000 1.0000
v -10.2000 44.0000 1.0000
v -10.2000 44.0000 1.0000
v -10.2000 44.0000 1.0000
v -10.2000 44.0000 1.0000
v -10.2000 44.0000 1.0000
v -10.2000 44.0000 1.0000
v -5.0001 48.9611 0.9981
v -5.5151 48.8523 3.2516
v -6.9579 48.7727 5.0592
v -9.0429 48.7382 6.0629
v -11.3571 48.7555 6.0637
v -13.4421 48.8212 5.0617
v -14.8849 48.9224 3.2551
v -15.3999 49.0389 1.0019
v -14.8849 49.1477 -1.2516
v -13.4421 49.2273 -3.0592
v -11.3571 49.2618 -4.0629
v -9.0429 49.2445 -4.0637
v -6.9579 49.1788 -3.0617
v -5.5151 49.0776 -1.2551
v -5.2835 42.2962 0.6648
v -5.7753 42.1922 2.8173
v -7.1534 42.1163 4.5438
v -9.1448 42.0833 5.5024
v -11.3552 42.0998 5.5032
v -13.3466 42.1626 4.5461
v -14.7247 42.2592 2.8206
v -15.2165 42.3705 0.6685
v -14.7247 42.4744 -1.4839
v -13.3466 42.5504 -3.2104
v -11.3552 42.5834 -4.1690
v -9.1448 42.5669 -4.1698
v -7.1534 42.5041 -3.2127
v -5.7753 42.4075 -1.4873
v -5.5668 35.6313 0.3316
v -6.0355 35.5322 2.3829
v -7.3489 35.4598 4.0283
v -9.2468 35.4283 4.9418
v -11.3532 35.4441 4.9426
v -13.2511 35.5039 4.0305
v -14.5645 35.5960 2.3861
v -15.0332 35.7021 0.3351
v -14.5645 35.8011 -1.7162
v -13.2511 35.8735 -3.3616
v -11.3532 35.9050 -4.2752
v -9.2468 35.8892 -4.2760
v -7.3489 35.8294 -3.3638
v -6.0355 35.7373 -1.7194
v -5.8501 28.9663 -0.0017
v -6.2958 28.8722 1.9485
v -7.5444 28.8033 3.5128
v -9.3487 28.7734 4.3813
v -11.3513 28.7884 4.3821
v -13.1556 28.8453 3.5149
v -14.4042 28.9328 1.9516
v -14.8499 29.0337 0.0017
v -14.4042 29.1278 -1.9485
v -13.1556 29.1967 -3.5128
v -11.3513 29.2266 -4.3813
v -9.3487 29.2116 -4.3821
v -7.5444 29.1547 -3.5149
v -6.2958 29.0672 -1.9516
v -6.1335 22.3014 -0.3349
v -6.5560 22.2121 1.5142
v -7.7399 22.1468 2.9973
v -9.4506 22.1185 3.8208
v -11.3494 22.1327 3.8215
v -13.0601 22.1867 2.9993
v -14.2440 22.2696 1.5170
v -14.6665 22.3653 -0.3317
v -14.2440 22.4545 -2.1808
v -13.0601 22.5198 -3.6640
v -11.3494 22.5482 -4.4875
v -9.4506 22.5340 -4.4882
v -7.7399 22.4800 -3.6660
v -6.5560 22.3970 -2.1837
v -6.4168 15.6365 -0.6682
v -6.8162 15.5521 1.0798
v -7.9353 15.4904 2.4818
v -9.5525 15.4636 3.2603
v -11.3475 15.4770 3.2610
v -12.9647 15.5280 2.4837
v -14.0838 15.6065 1.0825
v -14.4832 15.6968 -0.6652
v -14.0838 15.7812 -2.4131
v -12.9647 15.8430 -3.8152
v -11.3475 15.8697 -4.5936
v -9.5525 15.8563 -4.5943
v -7.9353 15.8053 -3.8171
v -6.8162 15.7269 -2.4158
v -6.7001 8.9716 -1.0014
v -7.0764 8.8921 0.6454
v -8.1308 8.8339 1.9664
v -9.6544 8.8087 2.6998
v -11.3456 8.8213 2.7004
v -12.8692 8.8694 1.9681
v -13.9236 8.9433 0.6480
v -14.2999 9.0284 -0.9986
v -13.9236 9.1079 -2.6454
v -12.8692 9.1661 -3.9664
v -11.3456 9.1913 -4.6998
v -9.6544 9.1787 -4.7004
v -8.1308 9.1306 -3.9681
v -7.0764 9.0567 -2.6480
v -10.5000 8.6907 -2.7206
v -12.6000 8.1293 -2.7580
v -14.1373 6.5953 -2.8603
v -14.7000 4.5000 -3.0000
v -14.1373 2.4047 -3.1397
v -12.6000 0.8707 -3.2420
v -10.5000 0.3093 -3.2794
v -8.4000 0.8707 -3.2420
v -6.8627 2.4047 -3.1397
v -6.3000 4.5000 -3.0000
v -6.8627 6.5953 -2.8603
v -8.4000 8.1293 -2.7580
v -10.5000 8.3510 0.2701
v -12.5300 7.8083 0.2339
v -14.0161 6.3255 0.1350
v -14.5600 4.3000 0.0000
v -14.0161 2.2745 -0.1350
v -12.5300 0.7917 -0.2339
v -10.5000 0.2490 -0.2701
v -8.4700 0.7917 -0.2339
v -6.9839 2.2745 -0.1350
v -6.4400 4.3000 -0.0000
v -6.9839 6.3255 0.1350
v -8.4700 7.8083 0.2339
v -10.5000 8.0113 3.2608
v -12.4600 7.4873 3.2258
v -13.8948 6.0557 3.1304
v -14.4200 4.1000 3.0000
v -13.8948 2.1443 2.8696
v -12.4600 0.7127 2.7742
v -10.5000 0.1887 2.7392
v -8.5400 0.7127 2.7742
v -7.1052 2.1443 2.8696
v -6.5800 4.1000 3.0000
v -7.1052 6.0557 3.1304
v -8.5400 7.4873 3.2258
v -10.5000 7.6716 6.2514
v -12.3900 7.1663 6.2178
v -13.7736 5.7858 6.1257
v -14.2800 3.9000 6.0000
v -13.7736 2.0142 5.8743
v -12.3900 0.6337 5.7822
v -10.5000 0.1284 5.7486
v -8.6100 0.6337 5.7822
v -7.2264 2.0142 5.8743
v -6.7200 3.9000 6.0000
v -7.2264 5.7858 6.1257
v -8.6100 7.1663 6.2178
v -10.5000 7.3319 9.2421
v -12.3200 6.8454 9.2097
v -13.6523 5.5160 9.1211
v -14.1400 3.7000 9.0000
v -13.6523 1.8840 8.8789
v -12.3200 0.5546 8.7903
v -10.5000 0.0681 8.7579
v -8.6800 0.5546 8.7903
v -7.3477 1.8840 8.8789
v -6.8600 3.7000 9.0000
v -7.3477 5.5160 9.1211
v -8.6800 6.8454 9.2097
v -10.5000 6.9922 12.2328
v -12.2500 6.5244 12.2016
v -13.5311 5.2461 12.1164
v -14.0000 3.5000 12.0000
v -13.5311 1.7539 11.8836
v -12.2500 0.4756 11.7984
v -10.5000 0.0078 11.7672
v -8.7500 0.4756 11.7984
v -7.4689 1.7539 11.8836
v -7.0000 3.5000 12.0000
v -7.4689 5.2461 12.1164
v -8.7500 6.5244 12.2016
v -10.5000 4.0000 4.0000
v -10.5000 4.0000 4.0000
v -10.5000 4.0000 4.0000
v -10.5000 4.0000 4.0000
v -10.5000 4.0000 4.0000
v -10.5000 4.0000 4.0000
v -10.5000 4.0000 4.0000
v -10.5000 4.0000 4.0000
v -10.5000 4.0000 4.0000
v -10.5000 4.0000 4.0000
v -10.5000 4.0000 4.0000
v -10.5000 4.0000 4.0000
v -8.4000 3.7321 4.0000
v -8.6813 3.7321 6.5000
v -9.4500 3.7321 8.3301
v -10.5000 3.7321 9.0000
v -11.5500 3.7321 8.3301
v -12.3187 3.7321 6.5000
v -12.6000 3.7321 4.0000
v -12.3187 3.7321 1.5000
v -11.5500 3.7321 -0.3301
v -10.5000 3.7321 -1.0000
v -9.4500 3.7321 -0.3301
v -8.6813 3.7321 1.5000
v -6.8627 3.0000 4.0000
v -7.3500 3.0000 8.3301
v -8.6813 3.0000 11.5000
v -10.5000 3.0000 12.6603
v -12.3187 3.0000 11.5000
v -13.6500 3.0000 8.3301
v -14.1373 3.0000 4.0000
v -13.6500 3.0000 -0.3301
v -12.3187 3.0000 -3.5000
v -10.5000 3.0000 -4.6603
v -8.6813 3.0000 -3.5000
v -7.3500 3.0000 -0.3301
v -6.3000 2.0000 4.0000
v -6.8627 2.0000 9.0000
v -8.4000 2.0000 12.6603
v -10.5000 2.0000 14.0000
v -12.6000 2.0000 12.6603
v -14.1373 2.0000 9.0000
v -14.7000 2.0000 4.0000
v -14.1373 2.0000 -1.0000
v -12.6000 2.0000 -4.6603
v -10.5000 2.0000 -6.0000
v -8.4000 2.0000 -4.6603
v -6.8627 2.0000 -1.0000
v -6.8627 1.0000 4.0000
v -7.3500 1.0000 8.3301
v -8.6813 1.0000 11.5000
v -10.5000 1.0000 12.6603
v -12.3187 1.0000 11.5000
v -13.6500 1.0000 8.3301
v -14.1373 1.0000 4.0000
v -13.6500 1.0000 -0.3301
v -12.3187 1.0000 -3.5000
v -10.5000 1.0000 -4.6603
v -8.6813 1.0000 -3.5000
v -7.3500 1.0000 -0.3301
v -8.4000 0.2679 4.0000
v -8.6813 0.2679 6.5000
v -9.4500 0.2679 8.3301
v -10.5000 0.2679 9.0000
v -11.5500 0.2679 8.3301
v -12.3187 0.2679 6.5000
v -12.6000 0.2679 4.0000
v -12.3187 0.2679 1.5000
v -11.5500 0.2679 -0.3301
v -10.5000 0.2679 -1.0000
v -9.4500 0.2679 -0.3301
v -8.6813 0.2679 1.5000
v -10.5000 0.0000 4.0000
v -10.5000 0.0000 4.0000
v -10.5000 0.0000 4.0000
v -10.5000 0.0000 4.0000
v -10.5000 0.0000 4.0000
v -10.5000 0.0000 4.0000
v -10.5000 0.0000 4.0000
v -10.5000 0.0000 4.0000
v -10.5000 0.0000 4.0000
v -10.5000 0.0000 4.0000
v -10.5000 0.0000 4.0000
v -10.5000 0.0000 4.0000
v 17.2987 88.1399 -0.0036
v 16.5264 88.2128 3.3799
v 14.3624 88.2435 6.0940
v 11.2354 88.2260 7.6011
v 7.7646 88.1638 7.6027
v 4.6376 88.0691 6.0985
v 2.4736 87.9607 3.3864
v 1.7013 87.8601 0.0036
v 2.4736 87.7872 -3.3799
v 4.6376 87.7565 -6.0940
v 7.7646 87.7740 -7.6011
v 11.2354 87.8362 -7.6027
v 14.3624 87.9309 -6.0985
v 16.5264 88.0393 -3.3864
v 17.0488 81.6333 0.1632
v 16.3128 81.7028 3.3877
v 14.2505 81.7321 5.9742
v 11.2705 81.7154 7.4105
v 7.9629 81.6561 7.4120
v 4.9828 81.5658 5.9785
v 2.9205 81.4626 3.3939
v 2.1845 81.3667 0.1701
v 2.9205 81.2972 -3.0544
v 4.9828 81.2679 -5.6409
v 7.9629 81.2846 -7.0772
v 11.2705 81.3439 -7.0787
v 14.2505 81.4342 -5.6452
v 16.3128 81.5374 -3.0606
v 16.7989 75.1267 0.3301
v 16.0992 75.1928 3.3955
v 14.1386 75.2206 5.8544
v 11.3056 75.2048 7.2198
v 8.1611 75.1484 7.2213
v 5.3280 75.0626 5.8585
v 3.3675 74.9644 3.4014
v 2.6678 74.8733 0.3366
v 3.3675 74.8072 -2.7288
v 5.3280 74.7794 -5.1878
v 8.1611 74.7952 -6.5532
v 11.3056 74.8516 -6.5546
v 14.1386 74.9374 -5.1918
v 16.0992 75.0356 -2.7347
v 16.5489 68.6202 0.4969
v 15.8855 68.6828 3.4033
v 14.0267 68.7092 5.7346
v 11.3407 68.6942 7.0292
v 8.3593 68.6407 7.0306
v 5.6733 68.5594 5.7385
v 3.8145 68.4663 3.4088
v 3.1511 68.3798 0.5031
v 3.8145 68.3172 -2.4033
v 5.6733 68.2908 -4.7346
v 8.3593 68.3058 -6.0292
v 11.3407 68.3593 -6.0306
v 14.0267 68.4406 -4.7385
v 15.8855 68.5337 -2.4088
v 16.2990 62.1136 0.6638
v 15.6719 62.1728 3.4111
v 13.9148 62.1977 5.6148
v 11.3757 62.1835 6.8385
v 8.5576 62.1330 6.8398
v 6.0185 62.0561 5.6185
v 4.2614 61.9681 3.4163
v 3.6344 61.8864 0.6696
v 4.2614 61.8272 -2.0777
v 6.0185 61.8023 -4.2815
v 8.5576 61.8165 -5.5052
v 11.3757 61.8670 -5.5065
v 13.9148 61.9439 -4.2851
v 15.6719 62.0319 -2.0830
v 16.0490 55.6070 0.8306
v 15.4582 55.6628 3.4189
v 13.8029 55.6863 5.4950
v 11.4108 55.6729 6.6479
v 8.7558 55.6253 6.6491
v 6.3638 55.5529 5.4984
v 4.7084 55.4699 3.4238
v 4.1176 55.3930 0.8361
v 4.7084 55.3372 -1.7522
v 6.3638 55.3137 -3.8284
v 8.7558 55.3271 -4.9812
v 11.4108 55.3747 -4.9824
v 13.8029 55.4471 -3.8318
v 15.4582 55.5301 -1.7571
v 15.7991 49.1004 0.9974
v 15.2446 49.1528 3.4266
v 13.6910 49.1748 5.3752
v 11.4459 49.1623 6.4572
v 8.9541 49.1176 6.4584
v 6.7090 49.0496 5.3784
v 5.1554 48.9718 3.4313
v 4.6009 48.8996 1.0026
v 5.1554 48.8472 -1.4266
v 6.7090 48.8252 -3.3752
v 8.9541 48.8377 -4.4572
v 11.4459 48.8824 -4.4584
v 13.6910 48.9504 -3.3784
v 15.2446 49.0282 -1.4313
v 10.2000 54.0000 1.0000
v 10.2000 54.0000 1.0000
v 10.2000 54.0000 1.0000
v 10.2000 54.0000 1.0000
v 10.2000 54.0000 1.0000
v 10.2000 54.0000 1.0000
v 10.2000 54.0000 1.0000
v 10.2000 54.0000 1.0000
v 10.2000 54.0000 1.0000
v 10.2000 54.0000 1.0000
v 10.2000 54.0000 1.0000
v 10.2000 54.0000 1.0000
v 12.4562 53.5048 1.0000
v 12.1539 53.5048 2.0847
v 11.3281 53.5048 2.8788
v 10.2000 53.5048 3.1694
v 9.0719 53.5048 2.8788
v 8.2461 53.5048 2.0847
v 7.9438 53.5048 1.0000
v 8.2461 53.5048 -0.0847
v 9.0719 53.5048 -0.8788
v 10.2000 53.5048 -1.1694
v 11.3281 53.5048 -0.8788
v 12.1539 53.5048 -0.0847
v 14.2655 52.1174 1.0000
v 13.7208 52.1174 2.9546
v 12.2328 52.1174 4.3854
v 10.2000 52.1174 4.9092
v 8.1672 52.1174 4.3854
v 6.6792 52.1174 2.9546
v 6.1345 52.1174 1.0000
v 6.6792 52.1174 -0.9546
v 8.1672 52.1174 -2.3854
v 10.2000 52.1174 -2.9092
v 12.2328 52.1174 -2.3854
v 13.7208 52.1174 -0.9546
v 15.2696 50.1126 1.0000
v 14.5904 50.1126 3.4373
v 12.7348 50.1126 5.2216
v 10.2000 50.1126 5.8746
v 7.6652 50.1126 5.2216
v 5.8096 50.1126 3.4373
v 5.1304 50.1126 1.0000
v 5.8096 50.1126 -1.4373
v 7.6652 50.1126 -3.2216
v 10.2000 50.1126 -3.8746
v 12.7348 50.1126 -3.2216
v 14.5904 50.1126 -1.4373
v 15.2696 47.8874 1.0000
v 14.5904 47.8874 3.4373
v 12.7348 47.8874 5.2216
v 10.2000 47.8874 5.8746
v 7.6652 47.8874 5.2216
v 5.8096 47.8874 3.4373
v 5.1304 47.8874 1.0000
v 5.8096 47.8874 -1.4373
v 7.6652 47.8874 -3.2216
v 10.2000 47.8874 -3.8746
v 12.7348 47.8874 -3.2216
v 14.5904 47.8874 -1.4373
v 14.2655 45.8826 1.0000
v 13.7208 45.8826 2.9546
v 12.2328 45.8826 4.3854
v 10.2000 45.8826 4.9092
v 8.1672 45.8826 4.3854
v 6.6792 45.8826 2.9546
v 6.1345 45.8826 1.0000
v 6.6792 45.8826 -0.9546
v 8.1672 45.8826 -2.3854
v 10.2000 45.8826 -2.9092
v 12.2328 45.8826 -2.3854
v 13.7208 45.8826 -0.9546
v 12.4562 44.4952 1.0000
v 12.1539 44.4952 2.0847
v 11.3281 44.4952 2.8788
v 10.2000 44.4952 3.1694
v 9.0719 44.4952 2.8788
v 8.2461 44.4952 2.0847
v 7.9438 44.4952 1.0000
v 8.2461 44.4952 -0.0847
v 9.0719 44.4952 -0.8788
v 10.2000 44.4952 -1.1694
v 11.3281 44.4952 -0.8788
v 12.1539 44.4952 -0.0847
v 10.2000 44.0000 1.0000
v 10.2000 44.0000 1.0000
v 10.2000 44.0000 1.0000
v 10.2000 44.0000 1.0000
v 10.2000 44.0000 1.0000
v 10.2000 44.0000 1.0000
v 10.2000 44.0000 1.0000
v 10.2000 44.0000 1.0000
v 10.2000 44.0000 1.0000
v 10.2000 44.0000 1.0000
v 10.2000 44.0000 1.0000
v 10.2000 44.0000 1.0000
v 15.3999 49.0389 1.0019
v 14.8849 48.9224 3.2551
v 13.4421 48.8212 5.0617
v 11.3571 48.7555 6.0637
v 9.0429 48.7382 6.0629
v 6.9579 48.7727 5.0592
v 5.5151 48.8523 3.2516
v 5.0001 48.9611 0.9981
v 5.5151 49.0776 -1.2551
v 6.9579 49.1788 -3.0617
v 9.0429 49.2445 -4.0637
v 11.3571 49.2618 -4.0629
v 13.4421 49.2273 -3.0592
v 14.8849 49.1477 -1.2516
v 15.2165 42.3705 0.6685
v 14.7247 42.2592 2.8206
v 13.3466 42.1626 4.5461
v 11.3552 42.0998 5.5032
v 9.1448 42.0833 5.5024
v 7.1534 42.1163 4.5438
v 5.7753 42.1922 2.8173
v 5.2835 42.2962 0.6648
v 5.7753 42.4075 -1.4873
v 7.1534 42.5041 -3.2127
v 9.1448 42.5669 -4.1698
v 11.3552 42.5834 -4.1690
v 13.3466 42.5504 -3.2104
v 14.7247 42.4744 -1.4839
v 15.0332 35.7021 0.3351
v 14.5645 35.5960 2.3861
v 13.2511 35.5039 4.0305
v 11.3532 35.4441 4.9426
v 9.2468 35.4283 4.9418
v 7.3489 35.4598 4.0283
v 6.0355 35.5322 2.3829
v 5.5668 35.6313 0.3316
v 6.0355 35.7373 -1.7194
v 7.3489 35.8294 -3.3638
v 9.2468 35.8892 -4.2760
v 11.3532 35.9050 -4.2752
v 13.2511 35.8735 -3.3616
v 14.5645 35.8011 -1.7162
v 14.8499 29.0337 0.0017
v 14.4042 28.9328 1.9516
v 13.1556 28.8453 3.5149
v 11.3513 28.7884 4.3821
v 9.3487 28.7734 4.3813
v 7.5444 28.8033 3.5128
v 6.2958 28.8722 1.9485
v 5.8501 28.9663 -0.0017
v 6.2958 29.0672 -1.9516
v 7.5444 29.1547 -3.5149
v 9.3487 29.2116 -4.3821
v 11.3513 29.2266 -4.3813
v 13.1556 29.1967 -3.5128
v 14.4042 29.1278 -1.9485
v 14.6665 22.3653 -0.3317
v 14.2440 22.2696 1.5170
v 13.0601 22.1867 2.9993
v 11.3494 22.1327 3.8215
v 9.4506 22.1185 3.8208
v 7.7399 22.1468 2.9973
v 6.5560 22.2121 1.5142
v 6.1335 22.3014 -0.3349
v 6.5560 22.3970 -2.1837
v 7.7399 22.4800 -3.6660
v 9.4506 22.5340 -4.4882
v 11.3494 22.5482 -4.4875
v 13.0601 22.5198 -3.6640
v 14.2440 22.4545 -2.1808
v 14.4832 15.6968 -0.6652
v 14.0838 15.6065 1.0825
v 12.9647 15.5280 2.4837
v 11.3475 15.4770 3.2610
v 9.5525 15.4636 3.2603
v 7.9353 15.4904 2.4818
v 6.8162 15.5521 1.0798
v 6.4168 15.6365 -0.6682
v 6.8162 15.7269 -2.4158
v 7.9353 15.8053 -3.8171
v 9.5525 15.8563 -4.5943
v 11.3475 15.8697 -4.5936
v 12.9647 15.8430 -3.8152
v 14.0838 15.7812 -2.4131
v 14.2999 9.0284 -0.9986
v 13.9236 8.9433 0.6480
v 12.8692 8.8694 1.9681
v 11.3456 8.8213 2.7004
v 9.6544 8.8087 2.6998
v 8.1308 8.8339 1.9664
v 7.0764 8.8921 0.6454
v 6.7001 8.9716 -1.0014
v 7.0764 9.0567 -2.6480
v 8.1308 9.1306 -3.9681
v 9.6544 9.1787 -4.7004
v 11.3456 9.1913 -4.6998
v 12.8692 9.1661 -3.9664
v 13.9236 9.1079 -2.6454
v 10.5000 8.6907 -2.7206
v 8.4000 8.1293 -2.7580
v 6.8627 6.5953 -2.8603
v 6.3000 4.5000 -3.0000
v 6.8627 2.4047 -3.1397
v 8.4000 0.8707 -3.2420
v 10.5000 0.3093 -3.2794
v 12.6000 0.8707 -3.2420
v 14.1373 2.4047 -3.1397
v 14.7000 4.5000 -3.0000
v 14.1373 6.5953 -2.8603
v 12.6000 8.1293 -2.7580
v 10.5000 8.3510 0.2701
v 8.4700 7.8083 0.2339
v 6.9839 6.3255 0.1350
v 6.4400 4.3000 0.0000
v 6.9839 2.2745 -0.1350
v 8.4700 0.7917 -0.2339
v 10.5000 0.2490 -0.2701
v 12.5300 0.7917 -0.2339
v 14.0161 2.2745 -0.1350
v 14.5600 4.3000 -0.0000
v 14.0161 6.3255 0.1350
v 12.5300 7.8083 0.2339
v 10.5000 8.0113 3.2608
v 8.5400 7.4873 3.2258
v 7.1052 6.0557 3.1304
v 6.5800 4.1000 3.0000
v 7.1052 2.1443 2.8696
v 8.5400 0.7127 2.7742
v 10.5000 0.1887 2.7392
v 12.4600 0.7127 2.7742
v 13.8948 2.1443 2.8696
v 14.4200 4.1000 3.0000
v 13.8948 6.0557 3.1304
v 12.4600 7.4873 3.2258
v 10.5000 7.6716 6.2514
v 8.6100 7.1663 6.2178
v 7.2264 5.7858 6.1257
v 6.7200 3.9000 6.0000
v 7.2264 2.0142 5.8743
v 8.6100 0.6337 5.7822
v 10.5000 0.1284 5.7486
v 12.3900 0.6337 5.7822
v 13.7736 2.0142 5.8743
v 14.2800 3.9000 6.0000
v 13.7736 5.7858 6.1257
v 12.3900 7.1663 6.2178
v 10.5000 7.3319 9.2421
v 8.6800 6.8454 9.2097
v 7.3477 5.5160 9.1211
v 6.8600 3.7000 9.0000
v 7.3477 1.8840 8.8789
v 8.6800 0.5546 8.7903
v 10.5000 0.0681 8.7579
v 12.3200 0.5546 8.7903
v 13.6523 1.8840 8.8789
v 14.1400 3.7000 9.0000
v 13.6523 5.5160 9.1211
v 12.3200 6.8454 9.2097
v 10.5000 6.9922 12.2328
v 8.7500 6.5244 12.2016
v 7.4689 5.2461 12.1164
v 7.0000 3.5000 12.0000
v 7.4689 1.7539 11.8836
v 8.7500 0.4756 11.7984
v 10.5000 0.0078 11.7672
v 12.2500 0.4756 11.7984
v 13.5311 1.7539 11.8836
v 14.0000 3.5000 12.0000
v 13.5311 5.2461 12.1164
v 12.2500 6.5244 12.2016
v 10.5000 4.0000 4.0000
v 10.5000 4.0000 4.0000
v 10.5000 4.0000 4.0000
v 10.5000 4.0000 4.0000
v 10.5000 4.0000 4.0000
v 10.5000 4.0000 4.0000
v 10.5000 4.0000 4.0000
v 10.5000 4.0000 4.0000
v 10.5000 4.0000 4.0000
v 10.5000 4.0000 4.0000
v 10.5000 4.0000 4.0000
v 10.5000 4.0000 4.0000
v 12.6000 3.7321 4.0000
v 12.3187 3.7321 6.5000
v 11.5500 3.7321 8.3301
v 10.5000 3.7321 9.0000
v 9.4500 3.7321 8.3301
v 8.6813 3.7321 6.5000
v 8.4000 3.7321 4.0000
v 8.6813 3.7321 1.5000
v 9.4500 3.7321 -0.3301
v 10.5000 3.7321 -1.0000
v 11.5500 3.7321 -0.3301
v 12.3187 3.7321 1.5000
v 14.1373 3.0000 4.0000
v 13.6500 3.0000 8.3301
v 12.3187 3.0000 11.5000
v 10.5000 3.0000 12.6603
v 8.6813 3.0000 11.5000
v 7.3500 3.0000 8.3301
v 6.8627 3.0000 4.0000
v 7.3500 3.0000 -0.3301
v 8.6813 3.0000 -3.5000
v 10.5000 3.0000 -4.6603
v 12.3187 3.0000 -3.5000
v 13.6500 3.0000 -0.3301
v 14.7000 2.0000 4.0000
v 14.1373 2.0000 9.0000
v 12.6000 2.0000 12.6603
v 10.5000 2.0000 14.0000
v 8.4000 2.0000 12.6603
v 6.8627 2.0000 9.0000
v 6.3000 2.0000 4.0000
v 6.8627 2.0000 -1.0000
v 8.4000 2.0000 -4.6603
v 10.5000 2.0000 -6.0000
v 12.6000 2.0000 -4.6603
v 14.1373 2.0000 -1.0000
v 14.1373 1.0000 4.0000
v 13.6500 1.0000 8.3301
v 12.3187 1.0000 11.5000
v 10.5000 1.0000 12.6603
v 8.6813 1.0000 11.5000
v 7.3500 1.0000 8.3301
v 6.8627 1.0000 4.0000
v 7.3500 1.0000 -0.3301
v 8.6813 1.0000 -3.5000
v 10.5000 1.0000 -4.6603
v 12.3187 1.0000 -3.5000
v 13.6500 1.0000 -0.3301
v 12.6000 0.2679 4.0000
v 12.3187 0.2679 6.5000
v 11.5500 0.2679 8.3301
v 10.5000 0.2679 9.0000
v 9.4500 0.2679 8.3301
v 8.6813 0.2679 6.5000
v 8.4000 0.2679 4.0000
v 8.6813 0.2679 1.5000
v 9.4500 0.2679 -0.3301
v 10.5000 0.2679 -1.0000
v 11.5500 0.2679 -0.3301
v 12.3187 0.2679 1.5000
v 10.5000 0.0000 4.0000
v 10.5000 0.0000 4.0000
v 10.5000 0.0000 4.0000
v 10.5000 0.0000 4.0000
v 10.5000 0.0000 4.0000
v 10.5000 0.0000 4.0000
v 10.5000 0.0000 4.0000
v 10.5000 0.0000 4.0000
v 10.5000 0.0000 4.0000
v 10.5000 0.0000 4.0000
v 10.5000 0.0000 4.0000
v 10.5000 0.0000 4.0000
vn 0.1351 0.9906 0.0194
vn 0.1219 0.9909 0.0562
vn 0.0968 0.9914 0.0876
vn 0.0622 0.9919 0.1104
vn 0.0214 0.9922 0.1224
vn -0.0214 0.9922 0.1224
vn -0.0622 0.9919 0.1104
vn -0.0968 0.9914 0.0876
vn -0.1219 0.9909 0.0562
vn -0.1351 0.9906 0.0194
vn -0.1351 0.9906 -0.0194
vn -0.1219 0.9909 -0.0562
vn -0.0968 0.9914 -0.0876
vn -0.0622 0.9919 -0.1104
vn -0.0214 0.9922 -0.1224
vn 0.0214 0.9922 -0.1224
vn 0.0622 0.9919 -0.1104
vn 0.0968 0.9914 -0.0876
vn 0.1219 0.9909 -0.0562
vn 0.1351 0.9906 -0.0194
vn 0.2904 0.9568 0.0113
vn 0.2727 0.9577 0.0921
vn 0.2285 0.9596 0.1643
vn 0.1617 0.9618 0.2208
vn 0.0786 0.9635 0.2558
vn -0.0126 0.9640 0.2655
vn -0.1025 0.9632 0.2486
vn -0.1819 0.9612 0.2073
vn -0.2430 0.9590 0.1458
vn -0.2802 0.9573 0.0706
vn -0.2904 0.9568 -0.0113
vn -0.2727 0.9577 -0.0921
vn -0.2285 0.9596 -0.1643
vn -0.1617 0.9618 -0.2208
vn -0.0786 0.9635 -0.2558
vn 0.0126 0.9640 -0.2655
vn 0.1025 0.9632 -0.2486
vn 0.1819 0.9612 -0.2073
vn 0.2430 0.9590 -0.1458
vn 0.2802 0.9573 -0.0706
vn 0.5015 0.8651 0.0052
vn 0.4764 0.8671 0.1457
vn 0.4059 0.8720 0.2737
vn 0.2948 0.8782 0.3768
vn 0.1527 0.8832 0.4435
vn -0.0061 0.8850 0.4655
vn -0.1641 0.8830 0.4398
vn -0.3041 0.8778 0.3700
vn -0.4123 0.8717 0.2648
vn -0.4797 0.8669 0.1357
vn -0.5015 0.8651 -0.0052
vn -0.4764 0.8671 -0.1457
vn -0.4059 0.8720 -0.2737
vn -0.2948 0.8782 -0.3768
vn -0.1527 0.8832 -0.4435
vn 0.0061 0.8850 -0.4655
vn 0.1641 0.8830 -0.4398
vn 0.3041 0.8778 -0.3700
vn 0.4123 0.8717 -0.2648
vn 0.4797 0.8669 -0.1357
vn 0.6927 0.7213 0.0039
vn 0.6603 0.7242 0.1987
vn 0.5665 0.7321 0.3783
vn 0.4154 0.7423 0.5258
vn 0.2182 0.7507 0.6235
vn -0.0050 0.7540 0.6568
vn -0.2274 0.7507 0.6203
vn -0.4226 0.7422 0.5202
vn -0.5712 0.7321 0.3712
vn -0.6626 0.7242 0.1910
vn -0.6927 0.7213 -0.0039
vn -0.6603 0.7242 -0.1987
vn -0.5665 0.7321 -0.3783
vn -0.4154 0.7423 -0.5258
vn -0.2182 0.7507 -0.6235
vn 0.0050 0.7540 -0.6568
vn 0.2274 0.7507 -0.6203
vn 0.4226 0.7422 -0.5202
vn 0.5712 0.7321 -0.3712
vn 0.6626 0.7242 -0.1910
vn 0.8339 0.5520 0.0028
vn 0.7970 0.5552 0.2380
vn 0.6877 0.5640 0.4572
vn 0.5083 0.5756 0.6405
vn 0.2697 0.5856 0.7644
vn -0.0037 0.5896 0.8077
vn -0.2765 0.5858 0.7619
vn -0.5134 0.5759 0.6362
vn -0.6908 0.5643 0.4520
vn -0.7984 0.5554 0.2325
vn -0.8339 0.5520 -0.0028
vn -0.7970 0.5552 -0.2380
vn -0.6877 0.5640 -0.4572
vn -0.5083 0.5756 -0.6405
vn -0.2697 0.5856 -0.7644
vn 0.0037 0.5896 -0.8077
vn 0.2765 0.5858 -0.7619
vn 0.5134 0.5759 -0.6362
vn 0.6908 0.5643 -0.4520
vn 0.7984 0.5554 -0.2325
vn 0.9286 0.3711 0.0017
vn 0.8891 0.3736 0.2643
vn 0.7706 0.3811 0.5109
vn 0.5731 0.3910 0.7202
vn 0.3064 0.3997 0.8639
vn -0.0024 0.4033 0.9150
vn -0.3107 0.4001 0.8622
vn -0.5763 0.3916 0.7173
vn -0.7725 0.3817 0.5075
vn -0.8900 0.3740 0.2608
vn -0.9286 0.3711 -0.0017
vn -0.8891 0.3736 -0.2643
vn -0.7706 0.3811 -0.5109
vn -0.5731 0.3910 -0.7202
vn -0.3064 0.3997 -0.8639
vn 0.0024 0.4033 -0.9150
vn 0.3107 0.4001 -0.8622
vn 0.5763 0.3916 -0.7173
vn 0.7725 0.3817 -0.5075
vn 0.8900 0.3740 -0.2608
vn 0.9825 0.1860 0.0008
vn 0.9418 0.1874 0.2790
vn 0.8185 0.1915 0.5416
vn 0.6112 0.1971 0.7665
vn 0.3284 0.2022 0.9226
vn -0.0012 0.2045 0.9789
vn -0.3306 0.2028 0.9217
vn -0.6128 0.1980 0.7651
vn -0.8194 0.1923 0.5400
vn -0.9422 0.1878 0.2773
vn -0.9825 0.1860 -0.0008
vn -0.9418 0.1874 -0.2790
vn -0.8185 0.1915 -0.5416
vn -0.6112 0.1971 -0.7665
vn -0.3284 0.2022 -0.9226
vn 0.0012 0.2045 -0.9789
vn 0.3306 0.2028 -0.9217
vn 0.6128 0.1980 -0.7651
vn 0.8194 0.1923 -0.5400
vn 0.9422 0.1878 -0.2773
vn 1.0000 0.0000 0.0000
vn 0.9591 -0.0003 0.2832
vn 0.8344 -0.0005 0.5511
vn 0.6242 -0.0005 0.7812
vn 0.3364 -0.0003 0.9417
vn 0.0000 -0.0000 1.0000
vn -0.3364 0.0003 0.9417
vn -0.6242 0.0005 0.7812
vn -0.8344 0.0005 0.5511
vn -0.9591 0.0003 0.2832
vn -1.0000 -0.0000 0.0000
vn -0.9591 -0.0003 -0.2832
vn -0.8344 -0.0005 -0.5511
vn -0.6242 -0.0005 -0.7812
vn -0.3364 -0.0003 -0.9417
vn -0.0000 -0.0000 -1.0000
vn 0.3364 0.0003 -0.9417
vn 0.6242 0.0005 -0.7812
vn 0.8344 0.0005 -0.5511
vn 0.9591 0.0003 -0.2832
vn 0.9825 -0.1860 -0.0008
vn 0.9422 -0.1878 0.2773
vn 0.8194 -0.1923 0.5400
vn 0.6128 -0.1980 0.7651
vn 0.3306 -0.2028 0.9217
vn 0.0012 -0.2045 0.9789
vn -0.3284 -0.2022 0.9226
vn -0.6112 -0.1971 0.7665
vn -0.8185 -0.1915 0.5416
vn -0.9418 -0.1874 0.2790
vn -0.9825 -0.1860 0.0008
vn -0.9422 -0.1878 -0.2773
vn -0.8194 -0.1923 -0.5400
vn -0.6128 -0.1980 -0.7651
vn -0.3306 -0.2028 -0.9217
vn -0.0012 -0.2045 -0.9789
vn 0.3284 -0.2022 -0.9226
vn 0.6112 -0.1971 -0.7665
vn 0.8185 -0.1915 -0.5416
vn 0.9418 -0.1874 -0.2790
vn 0.9286 -0.3711 -0.0017
vn 0.8900 -0.3740 0.2608
vn 0.7725 -0.3817 0.5075
vn 0.5763 -0.3916 0.7173
vn 0.3107 -0.4001 0.8622
vn 0.0024 -0.4033 0.9150
vn -0.3064 -0.3997 0.8639
vn -0.5731 -0.3910 0.7202
vn -0.7706 -0.3811 0.5109
vn -0.8891 -0.3736 0.2643
vn -0.9286 -0.3711 0.0017
vn -0.8900 -0.3740 -0.2608
vn -0.7725 -0.3817 -0.5075
vn -0.5763 -0.3916 -0.7173
vn -0.3107 -0.4001 -0.8622
vn -0.0024 -0.4033 -0.9150
vn 0.3064 -0.3997 -0.8639
vn 0.5731 -0.3910 -0.7202
vn 0.7706 -0.3811 -0.5109
vn 0.8891 -0.3736 -0.2643
vn 0.8339 -0.5520 -0.0028
vn 0.7984 -0.5554 0.2325
vn 0.6908 -0.5643 0.4520
vn 0.5134 -0.5759 0.6362
vn 0.2765 -0.5858 0.7619
vn 0.0037 -0.5896 0.8077
vn -0.2697 -0.5856 0.7644
vn -0.5083 -0.5756 0.6405
vn -0.6877 -0.5640 0.4572
vn -0.7970 -0.5552 0.2380
vn -0.8339 -0.5520 0.0028
vn -0.7984 -0.5554 -0.2325
vn -0.6908 -0.5643 -0.4520
vn -0.5134 -0.5759 -0.6362
vn -0.2765 -0.5858 -0.7619
vn -0.0037 -0.5896 -0.8077
vn 0.2697 -0.5856 -0.7644
vn 0.5083 -0.5756 -0.6405
vn 0.6877 -0.5640 -0.4572
vn 0.7970 -0.5552 -0.2380
vn 0.6927 -0.7213 -0.0039
vn 0.6626 -0.7242 0.1910
vn 0.5712 -0.7321 0.3712
vn 0.4226 -0.7422 0.5202
vn 0.2274 -0.7507 0.6203
vn 0.0050 -0.7540 0.6568
vn -0.2182 -0.7507 0.6235
vn -0.4154 -0.7423 0.5258
vn -0.5665 -0.7321 0.3783
vn -0.6603 -0.7242 0.1987
vn -0.6927 -0.7213 0.0039
vn -0.6626 -0.7242 -0.1910
vn -0.5712 -0.7321 -0.3712
vn -0.4226 -0.7422 -0.5202
vn -0.2274 -0.7507 -0.6203
vn -0.0050 -0.7540 -0.6568
vn 0.2182 -0.7507 -0.6235
vn 0.4154 -0.7423 -0.5258
vn 0.5665 -0.7321 -0.3783
vn 0.6603 -0.7242 -0.1987
vn 0.5015 -0.8651 -0.0052
vn 0.4797 -0.8669 0.1357
vn 0.4123 -0.8717 0.2648
vn 0.3041 -0.8778 0.3700
vn 0.1641 -0.8830 0.4398
vn 0.0061 -0.8850 0.4655
vn -0.1527 -0.8832 0.4435
vn -0.2948 -0.8782 0.3768
vn -0.4059 -0.8720 0.2737
vn -0.4764 -0.8671 0.1457
vn -0.5015 -0.8651 0.0052
vn -0.4797 -0.8669 -0.1357
vn -0.4123 -0.8717 -0.2648
vn -0.3041 -0.8778 -0.3700
vn -0.1641 -0.8830 -0.4398
vn -0.0061 -0.8850 -0.4655
vn 0.1527 -0.8832 -0.4435
vn 0.2948 -0.8782 -0.3768
vn 0.4059 -0.8720 -0.2737
vn 0.4764 -0.8671 -0.1457
vn 0.2904 -0.9568 -0.0113
vn 0.2802 -0.9573 0.0706
vn 0.2430 -0.9590 0.1458
vn 0.1819 -0.9612 0.2073
vn 0.1025 -0.9632 0.2486
vn 0.0126 -0.9640 0.2655
vn -0.0786 -0.9635 0.2558
vn -0.1617 -0.9618 0.2208
vn -0.2285 -0.9596 0.1643
vn -0.2727 -0.9577 0.0921
vn -0.2904 -0.9568 0.0113
vn -0.2802 -0.9573 -0.0706
vn -0.2430 -0.9590 -0.1458
vn -0.1819 -0.9612 -0.2073
vn -0.1025 -0.9632 -0.2486
vn -0.0126 -0.9640 -0.2655
vn 0.0786 -0.9635 -0.2558
vn 0.1617 -0.9618 -0.2208
vn 0.2285 -0.9596 -0.1643
vn 0.2727 -0.9577 -0.0921
vn 0.1351 -0.9906 -0.0194
vn 0.1351 -0.9906 0.0194
vn 0.1219 -0.9909 0.0562
vn 0.0968 -0.9914 0.0876
vn 0.0622 -0.9919 0.1104
vn 0.0214 -0.9922 0.1224
vn -0.0214 -0.9922 0.1224
vn -0.0622 -0.9919 0.1104
vn -0.0968 -0.9914 0.0876
vn -0.1219 -0.9909 0.0562
vn -0.1351 -0.9906 0.0194
vn -0.1351 -0.9906 -0.0194
vn -0.1219 -0.9909 -0.0562
vn -0.0968 -0.9914 -0.0876
vn -0.0622 -0.9919 -0.1104
vn -0.0214 -0.9922 -0.1224
vn 0.0214 -0.9922 -0.1224
vn 0.0622 -0.9919 -0.1104
vn 0.0968 -0.9914 -0.0876
vn 0.1219 -0.9909 -0.0562
vn 0.1176 0.9929 0.0169
vn 0.1062 0.9931 0.0492
vn 0.0843 0.9935 0.0766
vn 0.0541 0.9939 0.0966
vn 0.0187 0.9941 0.1071
vn -0.0187 0.9941 0.1071
vn -0.0541 0.9939 0.0966
vn -0.0843 0.9935 0.0766
vn -0.1062 0.9931 0.0492
vn -0.1176 0.9929 0.0169
vn -0.1176 0.9929 -0.0169
vn -0.1062 0.9931 -0.0492
vn -0.0843 0.9935 -0.0766
vn -0.0541 0.9939 -0.0966
vn -0.0187 0.9941 -0.1071
vn 0.0187 0.9941 -0.1071
vn 0.0541 0.9939 -0.0966
vn 0.0843 0.9935 -0.0766
vn 0.1062 0.9931 -0.0492
vn 0.1176 0.9929 -0.0169
vn 0.2583 0.9660 0.0101
vn 0.2425 0.9667 0.0823
vn 0.2030 0.9681 0.1467
vn 0.1436 0.9698 0.1971
vn 0.0697 0.9711 0.2282
vn -0.0112 0.9715 0.2367
vn -0.0910 0.9708 0.2218
vn -0.1616 0.9694 0.1849
vn -0.2160 0.9677 0.1302
vn -0.2493 0.9664 0.0630
vn -0.2583 0.9660 -0.0101
vn -0.2425 0.9667 -0.0823
vn -0.2030 0.9681 -0.1467
vn -0.1436 0.9698 -0.1971
vn -0.0697 0.9711 -0.2282
vn 0.0112 0.9715 -0.2367
vn 0.0910 0.9708 -0.2218
vn 0.1616 0.9694 -0.1849
vn 0.2160 0.9677 -0.1302
vn 0.2493 0.9664 -0.0630
vn 0.4622 0.8868 0.0053
vn 0.4387 0.8884 0.1353
vn 0.3732 0.8925 0.2534
vn 0.2705 0.8976 0.3481
vn 0.1397 0.9017 0.4092
vn -0.0061 0.9032 0.4291
vn -0.1512 0.9015 0.4055
vn -0.2799 0.8973 0.3414
vn -0.3798 0.8922 0.2445
vn -0.4421 0.8882 0.1251
vn -0.4622 0.8868 -0.0053
vn -0.4387 0.8884 -0.1353
vn -0.3732 0.8925 -0.2534
vn -0.2705 0.8976 -0.3481
vn -0.1397 0.9017 -0.4092
vn 0.0061 0.9032 -0.4291
vn 0.1512 0.9015 -0.4055
vn 0.2799 0.8973 -0.3414
vn 0.3798 0.8922 -0.2445
vn 0.4421 0.8882 -0.1251
vn 0.6702 0.7422 0.0046
vn 0.6384 0.7449 0.1939
vn 0.5468 0.7522 0.3678
vn 0.4001 0.7614 0.5102
vn 0.2094 0.7690 0.6039
vn -0.0057 0.7720 0.6356
vn -0.2200 0.7690 0.6003
vn -0.4084 0.7612 0.5037
vn -0.5523 0.7521 0.3596
vn -0.6411 0.7449 0.1848
vn -0.6702 0.7422 -0.0046
vn -0.6384 0.7449 -0.1939
vn -0.5468 0.7522 -0.3678
vn -0.4001 0.7614 -0.5102
vn -0.2094 0.7690 -0.6039
vn 0.0057 0.7720 -0.6356
vn 0.2200 0.7690 -0.6003
vn 0.4084 0.7612 -0.5037
vn 0.5523 0.7521 -0.3596
vn 0.6411 0.7449 -0.1848
vn 0.8425 0.5386 0.0035
vn 0.8050 0.5416 0.2423
vn 0.6941 0.5499 0.4646
vn 0.5126 0.5608 0.6502
vn 0.2714 0.5701 0.7754
vn -0.0047 0.5739 0.8189
vn -0.2799 0.5704 0.7722
vn -0.5190 0.5612 0.6448
vn -0.6982 0.5503 0.4580
vn -0.8068 0.5419 0.2353
vn -0.8425 0.5386 -0.0035
vn -0.8050 0.5416 -0.2423
vn -0.6941 0.5499 -0.4646
vn -0.5126 0.5608 -0.6502
vn -0.2714 0.5701 -0.7754
vn 0.0047 0.5739 -0.8189
vn 0.2799 0.5704 -0.7722
vn 0.5190 0.5612 -0.6448
vn 0.6982 0.5503 -0.4580
vn 0.8068 0.5419 -0.2353
vn 0.9587 0.2844 0.0019
vn 0.9181 0.2862 0.2743
vn 0.7959 0.2918 0.5304
vn 0.5922 0.2994 0.7481
vn 0.3166 0.3062 0.8978
vn -0.0027 0.3091 0.9510
vn -0.3215 0.3069 0.8958
vn -0.5958 0.3005 0.7448
vn -0.7980 0.2928 0.5267
vn -0.9190 0.2868 0.2704
vn -0.9587 0.2844 -0.0019
vn -0.9181 0.2862 -0.2743
vn -0.7959 0.2918 -0.5304
vn -0.5922 0.2994 -0.7481
vn -0.3166 0.3062 -0.8978
vn 0.0027 0.3091 -0.9510
vn 0.3215 0.3069 -0.8958
vn 0.5958 0.3005 -0.7448
vn 0.7980 0.2928 -0.5267
vn 0.9190 0.2868 -0.2704
vn 1.0000 0.0000 0.0000
vn 0.9587 -0.0004 0.2844
vn 0.8333 -0.0007 0.5528
vn 0.6225 -0.0007 0.7826
vn 0.3351 -0.0005 0.9422
vn 0.0000 0.0000 1.0000
vn -0.3351 0.0005 0.9422
vn -0.6225 0.0007 0.7826
vn -0.8333 0.0007 0.5528
vn -0.9587 0.0004 0.2844
vn -1.0000 -0.0000 0.0000
vn -0.9587 -0.0004 -0.2844
vn -0.8333 -0.0007 -0.5528
vn -0.6225 -0.0007 -0.7826
vn -0.3351 -0.0005 -0.9422
vn -0.0000 0.0000 -1.0000
vn 0.3351 0.0005 -0.9422
vn 0.6225 0.0007 -0.7826
vn 0.8333 0.0007 -0.5528
vn 0.9587 0.0004 -0.2844
vn 0.9587 -0.2844 -0.0019
vn 0.9190 -0.2868 0.2704
vn 0.7980 -0.2928 0.5267
vn 0.5958 -0.3005 0.7448
vn 0.3215 -0.3069 0.8958
vn 0.0027 -0.3091 0.9510
vn -0.3166 -0.3062 0.8978
vn -0.5922 -0.2994 0.7481
vn -0.7959 -0.2918 0.5304
vn -0.9181 -0.2862 0.2743
vn -0.9587 -0.2844 0.0019
vn -0.9190 -0.2868 -0.2704
vn -0.7980 -0.2928 -0.5267
vn -0.5958 -0.3005 -0.7448
vn -0.3215 -0.3069 -0.8958
vn -0.0027 -0.3091 -0.9510
vn 0.3166 -0.3062 -0.8978
vn 0.5922 -0.2994 -0.7481
vn 0.7959 -0.2918 -0.5304
vn 0.9181 -0.2862 -0.2743
vn 0.8425 -0.5386 -0.0035
vn 0.8068 -0.5419 0.2353
vn 0.6982 -0.5503 0.4580
vn 0.5190 -0.5612 0.6448
vn 0.2799 -0.5704 0.7722
vn 0.0047 -0.5739 0.8189
vn -0.2714 -0.5701 0.7754
vn -0.5126 -0.5608 0.6502
vn -0.6941 -0.5499 0.4646
vn -0.8050 -0.5416 0.2423
vn -0.8425 -0.5386 0.0035
vn -0.8068 -0.5419 -0.2353
vn -0.6982 -0.5503 -0.4580
vn -0.5190 -0.5612 -0.6448
vn -0.2799 -0.5704 -0.7722
vn -0.0047 -0.5739 -0.8189
vn 0.2714 -0.5701 -0.7754
vn 0.5126 -0.5608 -0.6502
vn 0.6941 -0.5499 -0.4646
vn 0.8050 -0.5416 -0.2423
vn 0.6702 -0.7422 -0.0046
vn 0.6411 -0.7449 0.1848
vn 0.5523 -0.7521 0.3596
vn 0.4084 -0.7612 0.5037
vn 0.2200 -0.7690 0.6003
vn 0.0057 -0.7720 0.6356
vn -0.2094 -0.7690 0.6039
vn -0.4001 -0.7614 0.5102
vn -0.5468 -0.7522 0.3678
vn -0.6384 -0.7449 0.1939
vn -0.6702 -0.7422 0.0046
vn -0.6411 -0.7449 -0.1848
vn -0.5523 -0.7521 -0.3596
vn -0.4084 -0.7612 -0.5037
vn -0.2200 -0.7690 -0.6003
vn -0.0057 -0.7720 -0.6356
vn 0.2094 -0.7690 -0.6039
vn 0.4001 -0.7614 -0.5102
vn 0.5468 -0.7522 -0.3678
vn 0.6384 -0.7449 -0.1939
vn 0.4622 -0.8868 -0.0053
vn 0.4421 -0.8882 0.1251
vn 0.3798 -0.8922 0.2445
vn 0.2799 -0.8973 0.3414
vn 0.1512 -0.9015 0.4055
vn 0.0061 -0.9032 0.4291
vn -0.1397 -0.9017 0.4092
vn -0.2705 -0.8976 0.3481
vn -0.3732 -0.8925 0.2534
vn -0.4387 -0.8884 0.1353
vn -0.4622 -0.8868 0.0053
vn -0.4421 -0.8882 -0.1251
vn -0.3798 -0.8922 -0.2445
vn -0.2799 -0.8973 -0.3414
vn -0.1512 -0.9015 -0.4055
vn -0.0061 -0.9032 -0.4291
vn 0.1397 -0.9017 -0.4092
vn 0.2705 -0.8976 -0.3481
vn 0.3732 -0.8925 -0.2534
vn 0.4387 -0.8884 -0.1353
vn 0.2583 -0.9660 -0.0101
vn 0.2493 -0.9664 0.0630
vn 0.2160 -0.9677 0.1302
vn 0.1616 -0.9694 0.1849
vn 0.0910 -0.9708 0.2218
vn 0.0112 -0.9715 0.2367
vn -0.0697 -0.9711 0.2282
vn -0.1436 -0.9698 0.1971
vn -0.2030 -0.9681 0.1467
vn -0.2425 -0.9667 0.0823
vn -0.2583 -0.9660 0.0101
vn -0.2493 -0.9664 -0.0630
vn -0.2160 -0.9677 -0.1302
vn -0.1616 -0.9694 -0.1849
vn -0.0910 -0.9708 -0.2218
vn -0.0112 -0.9715 -0.2367
vn 0.0697 -0.9711 -0.2282
vn 0.1436 -0.9698 -0.1971
vn 0.2030 -0.9681 -0.1467
vn 0.2425 -0.9667 -0.0823
vn 0.1176 -0.9929 -0.0169
vn 0.1176 -0.9929 0.0169
vn 0.1062 -0.9931 0.0492
vn 0.0843 -0.9935 0.0766
vn 0.0541 -0.9939 0.0966
vn 0.0187 -0.9941 0.1071
vn -0.0187 -0.9941 0.1071
vn -0.0541 -0.9939 0.0966
vn -0.0843 -0.9935 0.0766
vn -0.1062 -0.9931 0.0492
vn -0.1176 -0.9929 0.0169
vn -0.1176 -0.9929 -0.0169
vn -0.1062 -0.9931 -0.0492
vn -0.0843 -0.9935 -0.0766
vn -0.0541 -0.9939 -0.0966
vn -0.0187 -0.9941 -0.1071
vn 0.0187 -0.9941 -0.1071
vn 0.0541 -0.9939 -0.0966
vn 0.0843 -0.9935 -0.0766
vn 0.1062 -0.9931 -0.0492
vn 0.1475 0.9886 0.0311
vn 0.1183 0.9891 0.0871
vn 0.0657 0.9899 0.1260
vn 0.0000 0.9902 0.1399
vn -0.0657 0.9899 0.1260
vn -0.1183 0.9891 0.0871
vn -0.1475 0.9886 0.0311
vn -0.1475 0.9886 -0.0311
vn -0.1183 0.9891 -0.0871
vn -0.0657 0.9899 -0.1260
vn -0.0000 0.9902 -0.1399
vn 0.0657 0.9899 -0.1260
vn 0.1183 0.9891 -0.0871
vn 0.1475 0.9886 -0.0311
vn 0.3315 0.9433 0.0191
vn 0.2904 0.9450 0.1505
vn 0.1918 0.9482 0.2531
vn 0.0541 0.9505 0.3058
vn -0.0948 0.9501 0.2970
vn -0.2240 0.9474 0.2288
vn -0.3080 0.9443 0.1159
vn -0.3315 0.9433 -0.0191
vn -0.2904 0.9450 -0.1505
vn -0.1918 0.9482 -0.2531
vn -0.0541 0.9505 -0.3058
vn 0.0948 0.9501 -0.2970
vn 0.2240 0.9474 -0.2288
vn 0.3080 0.9443 -0.1159
vn 0.6076 0.7942 0.0105
vn 0.5457 0.7982 0.2552
vn 0.3764 0.8071 0.4548
vn 0.1269 0.8144 0.5662
vn -0.1507 0.8142 0.5606
vn -0.3942 0.8068 0.4401
vn -0.5548 0.7979 0.2356
vn -0.6076 0.7942 -0.0105
vn -0.5457 0.7982 -0.2552
vn -0.3764 0.8071 -0.4548
vn -0.1269 0.8144 -0.5662
vn 0.1507 0.8142 -0.5606
vn 0.3942 0.8068 -0.4401
vn 0.5548 0.7979 -0.2356
vn 0.8802 0.4746 0.0077
vn 0.7981 0.4788 0.3657
vn 0.5612 0.4898 0.6672
vn 0.1972 0.4997 0.8435
vn -0.2160 0.5002 0.8385
vn -0.5742 0.4911 0.6551
vn -0.8042 0.4798 0.3508
vn -0.8802 0.4746 -0.0077
vn -0.7981 0.4788 -0.3657
vn -0.5612 0.4898 -0.6672
vn -0.1972 0.4997 -0.8435
vn 0.2160 0.5002 -0.8385
vn 0.5742 0.4911 -0.6551
vn 0.8042 0.4798 -0.3508
vn 1.0000 -0.0000 0.0000
vn 0.9127 -0.0011 0.4086
vn 0.6509 -0.0015 0.7591
vn 0.2383 -0.0007 0.9712
vn -0.2383 0.0007 0.9712
vn -0.6509 0.0015 0.7591
vn -0.9127 0.0011 0.4086
vn -1.0000 0.0000 0.0000
vn -0.9127 -0.0011 -0.4086
vn -0.6509 -0.0015 -0.7591
vn -0.2383 -0.0007 -0.9712
vn 0.2383 0.0007 -0.9712
vn 0.6509 0.0015 -0.7591
vn 0.9127 0.0011 -0.4086
vn 0.8802 -0.4746 -0.0077
vn 0.8042 -0.4798 0.3508
vn 0.5742 -0.4911 0.6551
vn 0.2160 -0.5002 0.8385
vn -0.1972 -0.4997 0.8435
vn -0.5612 -0.4898 0.6672
vn -0.7981 -0.4788 0.3657
vn -0.8802 -0.4746 0.0077
vn -0.8042 -0.4798 -0.3508
vn -0.5742 -0.4911 -0.6551
vn -0.2160 -0.5002 -0.8385
vn 0.1972 -0.4997 -0.8435
vn 0.5612 -0.4898 -0.6672
vn 0.7981 -0.4788 -0.3657
vn 0.6076 -0.7942 -0.0105
vn 0.5548 -0.7979 0.2356
vn 0.3942 -0.8068 0.4401
vn 0.1507 -0.8142 0.5606
vn -0.1269 -0.8144 0.5662
vn -0.3764 -0.8071 0.4548
vn -0.5457 -0.7982 0.2552
vn -0.6076 -0.7942 0.0105
vn -0.5548 -0.7979 -0.2356
vn -0.3942 -0.8068 -0.4401
vn -0.1507 -0.8142 -0.5606
vn 0.1269 -0.8144 -0.5662
vn 0.3764 -0.8071 -0.4548
vn 0.5457 -0.7982 -0.2552
vn 0.3315 -0.9433 -0.0191
vn 0.3080 -0.9443 0.1159
vn 0.2240 -0.9474 0.2288
vn 0.0948 -0.9501 0.2970
vn -0.0541 -0.9505 0.3058
vn -0.1918 -0.9482 0.2531
vn -0.2904 -0.9450 0.1505
vn -0.3315 -0.9433 0.0191
vn -0.3080 -0.9443 -0.1159
vn -0.2240 -0.9474 -0.2288
vn -0.0948 -0.9501 -0.2970
vn 0.0541 -0.9505 -0.3058
vn 0.1918 -0.9482 -0.2531
vn 0.2904 -0.9450 -0.1505
vn 0.1475 -0.9886 -0.0311
vn 0.1475 -0.9886 0.0311
vn 0.1183 -0.9891 0.0871
vn 0.0657 -0.9899 0.1260
vn 0.0000 -0.9902 0.1399
vn -0.0657 -0.9899 0.1260
vn -0.1183 -0.9891 0.0871
vn -0.1475 -0.9886 0.0311
vn -0.1475 -0.9886 -0.0311
vn -0.1183 -0.9891 -0.0871
vn -0.0657 -0.9899 -0.1260
vn -0.0000 -0.9902 -0.1399
vn 0.0657 -0.9899 -0.1260
vn 0.1183 -0.9891 -0.0871
vn 0.4704 0.8777 0.0917
vn 0.3043 0.9188 0.2513
vn 0.0000 0.9473 0.3203
vn -0.3043 0.9188 0.2513
vn -0.4704 0.8777 0.0917
vn -0.4704 0.8777 -0.0917
vn -0.3043 0.9188 -0.2513
vn 0.0000 0.9473 -0.3203
vn 0.3043 0.9188 -0.2513
vn 0.4704 0.8777 -0.0917
vn 0.7582 0.6510 0.0363
vn 0.6292 0.6996 0.3386
vn 0.2075 0.7876 0.5801
vn -0.3510 0.7718 0.5302
vn -0.6808 0.6841 0.2617
vn -0.7582 0.6510 -0.0363
vn -0.6292 0.6996 -0.3386
vn -0.2075 0.7876 -0.5801
vn 0.3510 0.7718 -0.5302
vn 0.6808 0.6841 -0.2617
vn 0.9557 0.2943 0.0031
vn 0.8543 0.3254 0.4053
vn 0.3830 0.4184 0.8236
vn -0.4045 0.4294 0.8075
vn -0.8551 0.3361 0.3947
vn -0.9557 0.2943 -0.0031
vn -0.8543 0.3254 -0.4053
vn -0.3830 0.4184 -0.8236
vn 0.4045 0.4294 -0.8075
vn 0.8551 0.3361 -0.3947
vn 1.0000 0.0000 -0.0000
vn 0.9044 -0.0060 0.4266
vn 0.4279 -0.0080 0.9038
vn -0.4279 0.0080 0.9038
vn -0.9044 0.0060 0.4266
vn -1.0000 0.0000 0.0000
vn -0.9044 -0.0060 -0.4266
vn -0.4279 -0.0080 -0.9038
vn 0.4279 0.0080 -0.9038
vn 0.9044 0.0060 -0.4266
vn 0.9557 -0.2943 -0.0031
vn 0.8551 -0.3361 0.3947
vn 0.4045 -0.4294 0.8075
vn -0.3830 -0.4184 0.8236
vn -0.8543 -0.3254 0.4053
vn -0.9557 -0.2943 0.0031
vn -0.8551 -0.3361 -0.3947
vn -0.4045 -0.4294 -0.8075
vn 0.3830 -0.4184 -0.8236
vn 0.8543 -0.3254 -0.4053
vn 0.7582 -0.6510 -0.0363
vn 0.6808 -0.6841 0.2617
vn 0.3510 -0.7718 0.5302
vn -0.2075 -0.7876 0.5801
vn -0.6292 -0.6996 0.3386
vn -0.7582 -0.6510 0.0363
vn -0.6808 -0.6841 -0.2617
vn -0.3510 -0.7718 -0.5302
vn 0.2075 -0.7876 -0.5801
vn 0.6292 -0.6996 -0.3386
vn 0.4704 -0.8777 -0.0917
vn 0.4704 -0.8777 0.0917
vn 0.3043 -0.9188 0.2513
vn 0.0000 -0.9473 0.3203
vn -0.3043 -0.9188 0.2513
vn -0.4704 -0.8777 0.0917
vn -0.4704 -0.8777 -0.0917
vn -0.3043 -0.9188 -0.2513
vn 0.0000 -0.9473 -0.3203
vn 0.3043 -0.9188 -0.2513
vn 0.5186 0.8468 0.1180
vn 0.3351 0.8852 0.3228
vn 0.0000 0.9117 0.4110
vn -0.3351 0.8852 0.3228
vn -0.5186 0.8468 0.1180
vn -0.5186 0.8468 -0.1180
vn -0.3351 0.8852 -0.3228
vn -0.0000 0.9117 -0.4110
vn 0.3351 0.8852 -0.3228
vn 0.5186 0.8468 -0.1180
vn 0.7916 0.6096 0.0433
vn 0.6477 0.6475 0.4016
vn 0.2126 0.7126 0.6686
vn -0.3534 0.7023 0.6179
vn -0.7045 0.6364 0.3142
vn -0.7916 0.6096 -0.0433
vn -0.6477 0.6475 -0.4016
vn -0.2126 0.7126 -0.6686
vn 0.3534 0.7023 -0.6179
vn 0.7045 0.6364 -0.3142
vn 0.9651 0.2617 0.0028
vn 0.8430 0.2832 0.4574
vn 0.3638 0.3406 0.8670
vn -0.3777 0.3477 0.8582
vn -0.8448 0.2908 0.4491
vn -0.9651 0.2617 -0.0028
vn -0.8430 0.2832 -0.4574
vn -0.3638 0.3406 -0.8670
vn 0.3777 0.3477 -0.8582
vn 0.8448 0.2908 -0.4491
vn 1.0000 0.0000 0.0000
vn 0.8800 -0.0038 0.4749
vn 0.3919 -0.0040 0.9200
vn -0.3919 0.0040 0.9200
vn -0.8800 0.0038 0.4749
vn -1.0000 -0.0000 0.0000
vn -0.8800 -0.0038 -0.4749
vn -0.3919 -0.0040 -0.9200
vn 0.3919 0.0040 -0.9200
vn 0.8800 0.0038 -0.4749
vn 0.9651 -0.2617 -0.0028
vn 0.8448 -0.2908 0.4491
vn 0.3777 -0.3477 0.8582
vn -0.3638 -0.3406 0.8670
vn -0.8430 -0.2832 0.4574
vn -0.9651 -0.2617 0.0028
vn -0.8448 -0.2908 -0.4491
vn -0.3777 -0.3477 -0.8582
vn 0.3638 -0.3406 -0.8670
vn 0.8430 -0.2832 -0.4574
vn 0.7916 -0.6096 -0.0433
vn 0.7045 -0.6364 0.3142
vn 0.3534 -0.7023 0.6179
vn -0.2126 -0.7126 0.6686
vn -0.6477 -0.6475 0.4016
vn -0.7916 -0.6096 0.0433
vn -0.7045 -0.6364 -0.3142
vn -0.3534 -0.7023 -0.6179
vn 0.2126 -0.7126 -0.6686
vn 0.6477 -0.6475 -0.4016
vn 0.5186 -0.8468 -0.1180
vn 0.5186 -0.8468 0.1180
vn 0.3351 -0.8852 0.3228
vn 0.0000 -0.9117 0.4110
vn -0.3351 -0.8852 0.3228
vn -0.5186 -0.8468 0.1180
vn -0.5186 -0.8468 -0.1180
vn -0.3351 -0.8852 -0.3228
vn -0.0000 -0.9117 -0.4110
vn 0.3351 -0.8852 -0.3228
vn 0.5186 0.8468 0.1180
vn 0.3351 0.8852 0.3228
vn 0.0000 0.9117 0.4110
vn -0.3351 0.8852 0.3228
vn -0.5186 0.8468 0.1180
vn -0.5186 0.8468 -0.1180
vn -0.3351 0.8852 -0.3228
vn -0.0000 0.9117 -0.4110
vn 0.3351 0.8852 -0.3228
vn 0.5186 0.8468 -0.1180
vn 0.7916 0.6096 0.0433
vn 0.6477 0.6475 0.4016
vn 0.2126 0.7126 0.6686
vn -0.3534 0.7023 0.6179
vn -0.7045 0.6364 0.3142
vn -0.7916 0.6096 -0.0433
vn -0.6477 0.6475 -0.4016
vn -0.2126 0.7126 -0.6686
vn 0.3534 0.7023 -0.6179
vn 0.7045 0.6364 -0.3142
vn 0.9651 0.2617 0.0028
vn 0.8430 0.2832 0.4574
vn 0.3638 0.3406 0.8670
vn -0.3777 0.3477 0.8582
vn -0.8448 0.2908 0.4491
vn -0.9651 0.2617 -0.0028
vn -0.8430 0.2832 -0.4574
vn -0.3638 0.3406 -0.8670
vn 0.3777 0.3477 -0.8582
vn 0.8448 0.2908 -0.4491
vn 1.0000 0.0000 0.0000
vn 0.8800 -0.0038 0.4749
vn 0.3919 -0.0040 0.9200
vn -0.3919 0.0040 0.9200
vn -0.8800 0.0038 0.4749
vn -1.0000 -0.0000 0.0000
vn -0.8800 -0.0038 -0.4749
vn -0.3919 -0.0040 -0.9200
vn 0.3919 0.0040 -0.9200
vn 0.8800 0.0038 -0.4749
vn 0.9651 -0.2617 -0.0028
vn 0.8448 -0.2908 0.4491
vn 0.3777 -0.3477 0.8582
vn -0.3638 -0.3406 0.8670
vn -0.8430 -0.2832 0.4574
vn -0.9651 -0.2617 0.0028
vn -0.8448 -0.2908 -0.4491
vn -0.3777 -0.3477 -0.8582
vn 0.3638 -0.3406 -0.8670
vn 0.8430 -0.2832 -0.4574
vn 0.7916 -0.6096 -0.0433
vn 0.7045 -0.6364 0.3142
vn 0.3534 -0.7023 0.6179
vn -0.2126 -0.7126 0.6686
vn -0.6477 -0.6475 0.4016
vn -0.7916 -0.6096 0.0433
vn -0.7045 -0.6364 -0.3142
vn -0.3534 -0.7023 -0.6179
vn 0.2126 -0.7126 -0.6686
vn 0.6477 -0.6475 -0.4016
vn 0.5186 -0.8468 -0.1180
vn 0.5186 -0.8468 0.1180
vn 0.3351 -0.8852 0.3228
vn 0.0000 -0.9117 0.4110
vn -0.3351 -0.8852 0.3228
vn -0.5186 -0.8468 0.1180
vn -0.5186 -0.8468 -0.1180
vn -0.3351 -0.8852 -0.3228
vn -0.0000 -0.9117 -0.4110
vn 0.3351 -0.8852 -0.3228
vn 0.1834 0.9780 0.0993
vn 0.1113 0.9604 0.2554
vn 0.0000 0.9500 0.3123
vn -0.1113 0.9604 0.2554
vn -0.1834 0.9780 0.0993
vn -0.1834 0.9780 -0.0993
vn -0.1113 0.9604 -0.2554
vn 0.0000 0.9500 -0.3123
vn 0.1113 0.9604 -0.2554
vn 0.1834 0.9780 -0.0993
vn 0.4224 0.9043 0.0623
vn 0.3003 0.8566 0.4197
vn 0.0848 0.8069 0.5846
vn -0.1459 0.8144 0.5617
vn -0.3514 0.8729 0.3384
vn -0.4224 0.9043 -0.0623
vn -0.3003 0.8566 -0.4197
vn -0.0848 0.8069 -0.5846
vn 0.1459 0.8144 -0.5617
vn 0.3514 0.8729 -0.3384
vn 0.7815 0.6232 0.0292
vn 0.5430 0.5511 0.6335
vn 0.1706 0.4647 0.8689
vn -0.1864 0.4596 0.8683
vn -0.5721 0.5413 0.6163
vn -0.7815 0.6232 -0.0292
vn -0.5430 0.5511 -0.6335
vn -0.1706 0.4647 -0.8689
vn 0.1864 0.4596 -0.8683
vn 0.5721 0.5413 -0.6163
vn 1.0000 0.0000 -0.0000
vn 0.6732 0.0145 0.7393
vn 0.2034 0.0047 0.9791
vn -0.2034 -0.0047 0.9791
vn -0.6732 -0.0145 0.7393
vn -1.0000 0.0000 -0.0000
vn -0.6732 0.0145 -0.7393
vn -0.2034 0.0047 -0.9791
vn 0.2034 -0.0047 -0.9791
vn 0.6732 -0.0145 -0.7393
vn 0.7815 -0.6232 -0.0292
vn 0.5721 -0.5413 0.6163
vn 0.1864 -0.4596 0.8683
vn -0.1706 -0.4647 0.8689
vn -0.5430 -0.5511 0.6335
vn -0.7815 -0.6232 0.0292
vn -0.5721 -0.5413 -0.6163
vn -0.1864 -0.4596 -0.8683
vn 0.1706 -0.4647 -0.8689
vn 0.5430 -0.5511 -0.6335
vn 0.4224 -0.9043 -0.0623
vn 0.3514 -0.8729 0.3384
vn 0.1459 -0.8144 0.5617
vn -0.0848 -0.8069 0.5846
vn -0.3003 -0.8566 0.4197
vn -0.4224 -0.9043 0.0623
vn -0.3514 -0.8729 -0.3384
vn -0.1459 -0.8144 -0.5617
vn 0.0848 -0.8069 -0.5846
vn 0.3003 -0.8566 -0.4197
vn 0.1834 -0.9780 -0.0993
vn 0.1834 -0.9780 0.0993
vn 0.1113 -0.9604 0.2554
vn 0.0000 -0.9500 0.3123
vn -0.1113 -0.9604 0.2554
vn -0.1834 -0.9780 0.0993
vn -0.1834 -0.9780 -0.0993
vn -0.1113 -0.9604 -0.2554
vn 0.0000 -0.9500 -0.3123
vn 0.1113 -0.9604 -0.2554
vn 0.1834 0.9780 0.0993
vn 0.1113 0.9604 0.2554
vn 0.0000 0.9500 0.3123
vn -0.1113 0.9604 0.2554
vn -0.1834 0.9780 0.0993
vn -0.1834 0.9780 -0.0993
vn -0.1113 0.9604 -0.2554
vn 0.0000 0.9500 -0.3123
vn 0.1113 0.9604 -0.2554
vn 0.1834 0.9780 -0.0993
vn 0.4224 0.9043 0.0623
vn 0.3003 0.8566 0.4197
vn 0.0848 0.8069 0.5846
vn -0.1459 0.8144 0.5617
vn -0.3514 0.8729 0.3384
vn -0.4224 0.9043 -0.0623
vn -0.3003 0.8566 -0.4197
vn -0.0848 0.8069 -0.5846
vn 0.1459 0.8144 -0.5617
vn 0.3514 0.8729 -0.3384
vn 0.7815 0.6232 0.0292
vn 0.5430 0.5511 0.6335
vn 0.1706 0.4647 0.8689
vn -0.1864 0.4596 0.8683
vn -0.5721 0.5413 0.6163
vn -0.7815 0.6232 -0.0292
vn -0.5430 0.5511 -0.6335
vn -0.1706 0.4647 -0.8689
vn 0.1864 0.4596 -0.8683
vn 0.5721 0.5413 -0.6163
vn 1.0000 0.0000 0.0000
vn 0.6732 0.0145 0.7393
vn 0.2034 0.0047 0.9791
vn -0.2034 -0.0047 0.9791
vn -0.6732 -0.0145 0.7393
vn -1.0000 0.0000 0.0000
vn -0.6732 0.0145 -0.7393
vn -0.2034 0.0047 -0.9791
vn 0.2034 -0.0047 -0.9791
vn 0.6732 -0.0145 -0.7393
vn 0.7815 -0.6232 -0.0292
vn 0.5721 -0.5413 0.6163
vn 0.1864 -0.4596 0.8683
vn -0.1706 -0.4647 0.8689
vn -0.5430 -0.5511 0.6335
vn -0.7815 -0.6232 0.0292
vn -0.5721 -0.5413 -0.6163
vn -0.1864 -0.4596 -0.8683
vn 0.1706 -0.4647 -0.8689
vn 0.5430 -0.5511 -0.6335
vn 0.4224 -0.9043 -0.0623
vn 0.3514 -0.8729 0.3384
vn 0.1459 -0.8144 0.5617
vn -0.0848 -0.8069 0.5846
vn -0.3003 -0.8566 0.4197
vn -0.4224 -0.9043 0.0623
vn -0.3514 -0.8729 -0.3384
vn -0.1459 -0.8144 -0.5617
vn 0.0848 -0.8069 -0.5846
vn 0.3003 -0.8566 -0.4197
vn 0.1834 -0.9780 -0.0993
vn 0.1834 -0.9780 0.0993
vn 0.1113 -0.9604 0.2554
vn 0.0000 -0.9500 0.3123
vn -0.1113 -0.9604 0.2554
vn -0.1834 -0.9780 0.0993
vn -0.1834 -0.9780 -0.0993
vn -0.1113 -0.9604 -0.2554
vn 0.0000 -0.9500 -0.3123
vn 0.1113 -0.9604 -0.2554
vn 0.9953 0.0574 0.0775
vn 0.8639 0.0447 0.5017
vn 0.5614 0.0349 0.8268
vn 0.1477 0.0301 0.9886
vn -0.2953 0.0311 0.9549
vn -0.6798 0.0377 0.7324
vn -0.9296 0.0488 0.3653
vn -0.9953 0.0619 -0.0739
vn -0.8639 0.0747 -0.4981
vn -0.5614 0.0844 -0.8232
vn -0.1477 0.0893 -0.9850
vn 0.2953 0.0883 -0.9513
vn 0.6798 0.0816 -0.7289
vn 0.9296 0.0706 -0.3617
vn 0.9982 0.0598 0.0018
vn 0.8994 0.0469 0.4347
vn 0.6224 0.0364 0.7819
vn 0.2221 0.0307 0.9745
vn -0.2221 0.0307 0.9745
vn -0.6224 0.0364 0.7819
vn -0.8994 0.0469 0.4347
vn -0.9982 0.0598 0.0018
vn -0.8994 0.0728 -0.4311
vn -0.6224 0.0832 -0.7783
vn -0.2221 0.0890 -0.9709
vn 0.2221 0.0890 -0.9709
vn 0.6224 0.0832 -0.7783
vn 0.8994 0.0728 -0.4311
vn 0.9982 0.0598 0.0018
vn 0.8994 0.0469 0.4347
vn 0.6224 0.0364 0.7819
vn 0.2221 0.0307 0.9745
vn -0.2221 0.0307 0.9745
vn -0.6224 0.0364 0.7819
vn -0.8994 0.0469 0.4347
vn -0.9982 0.0598 0.0018
vn -0.8994 0.0728 -0.4311
vn -0.6224 0.0832 -0.7783
vn -0.2221 0.0890 -0.9709
vn 0.2221 0.0890 -0.9709
vn 0.6224 0.0832 -0.7783
vn 0.8994 0.0728 -0.4311
vn 0.9982 0.0598 0.0018
vn 0.8994 0.0469 0.4347
vn 0.6224 0.0364 0.7819
vn 0.2221 0.0307 0.9745
vn -0.2221 0.0307 0.9745
vn -0.6224 0.0364 0.7819
vn -0.8994 0.0469 0.4347
vn -0.9982 0.0598 0.0018
vn -0.8994 0.0728 -0.4311
vn -0.6224 0.0832 -0.7783
vn -0.2221 0.0890 -0.9709
vn 0.2221 0.0890 -0.9709
vn 0.6224 0.0832 -0.7783
vn 0.8994 0.0728 -0.4311
vn 0.9953 0.0619 -0.0739
vn 0.9296 0.0488 0.3653
vn 0.6798 0.0377 0.7324
vn 0.2953 0.0311 0.9549
vn -0.1477 0.0301 0.9886
vn -0.5614 0.0349 0.8268
vn -0.8639 0.0447 0.5017
vn -0.9953 0.0574 0.0775
vn -0.9296 0.0706 -0.3617
vn -0.6798 0.0816 -0.7289
vn -0.2953 0.0883 -0.9513
vn 0.1477 0.0893 -0.9850
vn 0.5614 0.0844 -0.8232
vn 0.8639 0.0747 -0.4981
vn -0.9884 0.1232 -0.0884
vn -0.9885 0.1233 0.0871
vn -0.8424 0.1096 -0.5276
vn -0.9109 0.1162 -0.3959
vn -0.5997 0.0891 -0.7953
vn -0.6806 0.0962 -0.7263
vn -0.3663 0.0732 -0.9276
vn -0.4383 0.0782 -0.8954
vn -0.1604 0.0645 -0.9849
vn -0.2249 0.0670 -0.9721
vn 0.0311 0.0626 -0.9976
vn -0.0316 0.0625 -0.9975
vn 0.2254 0.0670 -0.9720
vn 0.1588 0.0645 -0.9852
vn 0.4397 0.0783 -0.8947
vn 0.3640 0.0732 -0.9285
vn 0.6824 0.0964 -0.7246
vn 0.5975 0.0890 -0.7969
vn 0.9120 0.1163 -0.3934
vn 0.8416 0.1096 -0.5288
vn 0.9884 0.1232 0.0884
vn 0.9885 0.1233 -0.0871
vn 0.8424 0.1096 0.5276
vn 0.9109 0.1162 0.3959
vn 0.5997 0.0891 0.7953
vn 0.6806 0.0962 0.7263
vn 0.3663 0.0732 0.9276
vn 0.4383 0.0782 0.8954
vn 0.1604 0.0645 0.9849
vn 0.2249 0.0670 0.9721
vn -0.0311 0.0626 0.9976
vn 0.0316 0.0625 0.9975
vn -0.2254 0.0670 0.9720
vn -0.1588 0.0645 0.9852
vn -0.4397 0.0783 0.8947
vn -0.3640 0.0732 0.9285
vn -0.6824 0.0964 0.7246
vn -0.5975 0.0890 0.7969
vn -0.9120 0.1163 0.3934
vn -0.8416 0.1096 0.5288
vn 0.1658 0.9849 0.0492
vn 0.1325 0.9816 0.1374
vn 0.0732 0.9775 0.1977
vn 0.0000 0.9757 0.2190
vn -0.0732 0.9775 0.1977
vn -0.1325 0.9816 0.1374
vn -0.1658 0.9849 0.0492
vn -0.1658 0.9849 -0.0492
vn -0.1325 0.9816 -0.1374
vn -0.0732 0.9775 -0.1977
vn 0.0000 0.9757 -0.2190
vn 0.0732 0.9775 -0.1977
vn 0.1325 0.9816 -0.1374
vn 0.1658 0.9849 -0.0492
vn 0.3661 0.9301 0.0295
vn 0.3159 0.9208 0.2287
vn 0.2034 0.9046 0.3746
vn 0.0568 0.8937 0.4450
vn -0.0985 0.8955 0.4340
vn -0.2390 0.9088 0.3420
vn -0.3374 0.9245 0.1775
vn -0.3661 0.9301 -0.0295
vn -0.3159 0.9208 -0.2287
vn -0.2034 0.9046 -0.3746
vn -0.0568 0.8937 -0.4450
vn 0.0985 0.8955 -0.4340
vn 0.2390 0.9088 -0.3420
vn 0.3374 0.9245 -0.1775
vn 0.6494 0.7603 0.0142
vn 0.5641 0.7418 0.3625
vn 0.3661 0.7052 0.6071
vn 0.1206 0.6794 0.7238
vn -0.1362 0.6792 0.7212
vn -0.3824 0.7052 0.5971
vn -0.5769 0.7422 0.3411
vn -0.6494 0.7603 -0.0142
vn -0.5641 0.7418 -0.3625
vn -0.3661 0.7052 -0.6071
vn -0.1206 0.6794 -0.7238
vn 0.1362 0.6792 -0.7212
vn 0.3824 0.7052 -0.5971
vn 0.5769 0.7422 -0.3411
vn 0.8999 0.4360 0.0089
vn 0.7710 0.4190 0.4796
vn 0.4858 0.3833 0.7855
vn 0.1604 0.3587 0.9196
vn -0.1682 0.3570 0.9188
vn -0.4954 0.3790 0.7817
vn -0.7804 0.4148 0.4680
vn -0.8999 0.4360 -0.0089
vn -0.7710 0.4190 -0.4796
vn -0.4858 0.3833 -0.7855
vn -0.1604 0.3587 -0.9196
vn 0.1682 0.3570 -0.9188
vn 0.4954 0.3790 -0.7817
vn 0.7804 0.4148 -0.4680
vn 1.0000 -0.0000 0.0000
vn 0.8543 0.0036 0.5197
vn 0.5318 0.0033 0.8469
vn 0.1763 0.0012 0.9843
vn -0.1763 -0.0012 0.9843
vn -0.5318 -0.0033 0.8469
vn -0.8543 -0.0036 0.5197
vn -1.0000 0.0000 0.0000
vn -0.8543 0.0036 -0.5197
vn -0.5318 0.0033 -0.8469
vn -0.1763 0.0012 -0.9843
vn 0.1763 -0.0012 -0.9843
vn 0.5318 -0.0033 -0.8469
vn 0.8543 -0.0036 -0.5197
vn 0.8999 -0.4360 -0.0089
vn 0.7804 -0.4148 0.4680
vn 0.4954 -0.3790 0.7817
vn 0.1682 -0.3570 0.9188
vn -0.1604 -0.3587 0.9196
vn -0.4858 -0.3833 0.7855
vn -0.7710 -0.4190 0.4796
vn -0.8999 -0.4360 0.0089
vn -0.7804 -0.4148 -0.4680
vn -0.4954 -0.3790 -0.7817
vn -0.1682 -0.3570 -0.9188
vn 0.1604 -0.3587 -0.9196
vn 0.4858 -0.3833 -0.7855
vn 0.7710 -0.4190 -0.4796
vn 0.6494 -0.7603 -0.0142
vn 0.5769 -0.7422 0.3411
vn 0.3824 -0.7052 0.5971
vn 0.1362 -0.6792 0.7212
vn -0.1206 -0.6794 0.7238
vn -0.3661 -0.7052 0.6071
vn -0.5641 -0.7418 0.3625
vn -0.6494 -0.7603 0.0142
vn -0.5769 -0.7422 -0.3411
vn -0.3824 -0.7052 -0.5971
vn -0.1362 -0.6792 -0.7212
vn 0.1206 -0.6794 -0.7238
vn 0.3661 -0.7052 -0.6071
vn 0.5641 -0.7418 -0.3625
vn 0.3661 -0.9301 -0.0295
vn 0.3374 -0.9245 0.1775
vn 0.2390 -0.9088 0.3420
vn 0.0985 -0.8955 0.4340
vn -0.0568 -0.8937 0.4450
vn -0.2034 -0.9046 0.3746
vn -0.3159 -0.9208 0.2287
vn -0.3661 -0.9301 0.0295
vn -0.3374 -0.9245 -0.1775
vn -0.2390 -0.9088 -0.3420
vn -0.0985 -0.8955 -0.4340
vn 0.0568 -0.8937 -0.4450
vn 0.2034 -0.9046 -0.3746
vn 0.3159 -0.9208 -0.2287
vn 0.1658 -0.9849 -0.0492
vn 0.1658 -0.9849 0.0492
vn 0.1325 -0.9816 0.1374
vn 0.0732 -0.9775 0.1977
vn 0.0000 -0.9757 0.2190
vn -0.0732 -0.9775 0.1977
vn -0.1325 -0.9816 0.1374
vn -0.1658 -0.9849 0.0492
vn -0.1658 -0.9849 -0.0492
vn -0.1325 -0.9816 -0.1374
vn -0.0732 -0.9775 -0.1977
vn -0.0000 -0.9757 -0.2190
vn 0.0732 -0.9775 -0.1977
vn 0.1325 -0.9816 -0.1374
vn 0.1658 0.9849 0.0492
vn 0.1325 0.9816 0.1374
vn 0.0732 0.9775 0.1977
vn 0.0000 0.9757 0.2190
vn -0.0732 0.9775 0.1977
vn -0.1325 0.9816 0.1374
vn -0.1658 0.9849 0.0492
vn -0.1658 0.9849 -0.0492
vn -0.1325 0.9816 -0.1374
vn -0.0732 0.9775 -0.1977
vn 0.0000 0.9757 -0.2190
vn 0.0732 0.9775 -0.1977
vn 0.1325 0.9816 -0.1374
vn 0.1658 0.9849 -0.0492
vn 0.3661 0.9301 0.0295
vn 0.3159 0.9208 0.2287
vn 0.2034 0.9046 0.3746
vn 0.0568 0.8937 0.4450
vn -0.0985 0.8955 0.4340
vn -0.2390 0.9088 0.3420
vn -0.3374 0.9245 0.1775
vn -0.3661 0.9301 -0.0295
vn -0.3159 0.9208 -0.2287
vn -0.2034 0.9046 -0.3746
vn -0.0568 0.8937 -0.4450
vn 0.0985 0.8955 -0.4340
vn 0.2390 0.9088 -0.3420
vn 0.3374 0.9245 -0.1775
vn 0.6494 0.7603 0.0142
vn 0.5641 0.7418 0.3625
vn 0.3661 0.7052 0.6071
vn 0.1206 0.6794 0.7238
vn -0.1362 0.6792 0.7212
vn -0.3824 0.7052 0.5971
vn -0.5769 0.7422 0.3411
vn -0.6494 0.7603 -0.0142
vn -0.5641 0.7418 -0.3625
vn -0.3661 0.7052 -0.6071
vn -0.1206 0.6794 -0.7238
vn 0.1362 0.6792 -0.7212
vn 0.3824 0.7052 -0.5971
vn 0.5769 0.7422 -0.3411
vn 0.8999 0.4360 0.0089
vn 0.7710 0.4190 0.4796
vn 0.4858 0.3833 0.7855
vn 0.1604 0.3587 0.9196
vn -0.1682 0.3570 0.9188
vn -0.4954 0.3790 0.7817
vn -0.7804 0.4148 0.4680
vn -0.8999 0.4360 -0.0089
vn -0.7710 0.4190 -0.4796
vn -0.4858 0.3833 -0.7855
vn -0.1604 0.3587 -0.9196
vn 0.1682 0.3570 -0.9188
vn 0.4954 0.3790 -0.7817
vn 0.7804 0.4148 -0.4680
vn 1.0000 -0.0000 -0.0000
vn 0.8543 0.0036 0.5197
vn 0.5318 0.0033 0.8469
vn 0.1763 0.0012 0.9843
vn -0.1763 -0.0012 0.9843
vn -0.5318 -0.0033 0.8469
vn -0.8543 -0.0036 0.5197
vn -1.0000 -0.0000 0.0000
vn -0.8543 0.0036 -0.5197
vn -0.5318 0.0033 -0.8469
vn -0.1763 0.0012 -0.9843
vn 0.1763 -0.0012 -0.9843
vn 0.5318 -0.0033 -0.8469
vn 0.8543 -0.0036 -0.5197
vn 0.8999 -0.4360 -0.0089
vn 0.7804 -0.4148 0.4680
vn 0.4954 -0.3790 0.7817
vn 0.1682 -0.3570 0.9188
vn -0.1604 -0.3587 0.9196
vn -0.4858 -0.3833 0.7855
vn -0.7710 -0.4190 0.4796
vn -0.8999 -0.4360 0.0089
vn -0.7804 -0.4148 -0.4680
vn -0.4954 -0.3790 -0.7817
vn -0.1682 -0.3570 -0.9188
vn 0.1604 -0.3587 -0.9196
vn 0.4858 -0.3833 -0.7855
vn 0.7710 -0.4190 -0.4796
vn 0.6494 -0.7603 -0.0142
vn 0.5769 -0.7422 0.3411
vn 0.3824 -0.7052 0.5971
vn 0.1362 -0.6792 0.7212
vn -0.1206 -0.6794 0.7238
vn -0.3661 -0.7052 0.6071
vn -0.5641 -0.7418 0.3625
vn -0.6494 -0.7603 0.0142
vn -0.5769 -0.7422 -0.3411
vn -0.3824 -0.7052 -0.5971
vn -0.1362 -0.6792 -0.7212
vn 0.1206 -0.6794 -0.7238
vn 0.3661 -0.7052 -0.6071
vn 0.5641 -0.7418 -0.3625
vn 0.3661 -0.9301 -0.0295
vn 0.3374 -0.9245 0.1775
vn 0.2390 -0.9088 0.3420
vn 0.0985 -0.8955 0.4340
vn -0.0568 -0.8937 0.4450
vn -0.2034 -0.9046 0.3746
vn -0.3159 -0.9208 0.2287
vn -0.3661 -0.9301 0.0295
vn -0.3374 -0.9245 -0.1775
vn -0.2390 -0.9088 -0.3420
vn -0.0985 -0.8955 -0.4340
vn 0.0568 -0.8937 -0.4450
vn 0.2034 -0.9046 -0.3746
vn 0.3159 -0.9208 -0.2287
vn 0.1658 -0.9849 -0.0492
vn 0.1658 -0.9849 0.0492
vn 0.1325 -0.9816 0.1374
vn 0.0732 -0.9775 0.1977
vn 0.0000 -0.9757 0.2190
vn -0.0732 -0.9775 0.1977
vn -0.1325 -0.9816 0.1374
vn -0.1658 -0.9849 0.0492
vn -0.1658 -0.9849 -0.0492
vn -0.1325 -0.9816 -0.1374
vn -0.0732 -0.9775 -0.1977
vn -0.0000 -0.9757 -0.2190
vn 0.0732 -0.9775 -0.1977
vn 0.1325 -0.9816 -0.1374
vn -0.9898 0.1132 -0.0866
vn -0.9908 0.1096 0.0790
vn -0.8575 0.1046 -0.5038
vn -0.9163 0.1117 -0.3846
vn -0.6279 0.0824 -0.7740
vn -0.6971 0.0925 -0.7110
vn -0.3921 0.0615 -0.9179
vn -0.4564 0.0698 -0.8870
vn -0.1745 0.0489 -0.9834
vn -0.2371 0.0534 -0.9700
vn 0.0316 0.0462 -0.9984
vn -0.0351 0.0461 -0.9983
vn 0.2405 0.0538 -0.9692
vn 0.1645 0.0487 -0.9852
vn 0.4654 0.0706 -0.8823
vn 0.3776 0.0611 -0.9239
vn 0.7081 0.0934 -0.6999
vn 0.6147 0.0819 -0.7845
vn 0.9226 0.1120 -0.3691
vn 0.8534 0.1046 -0.5107
vn 0.9902 0.1093 0.0869
vn 0.9905 0.1131 -0.0786
vn 0.8593 0.0819 0.5050
vn 0.9179 0.0944 0.3854
vn 0.6293 0.0473 0.7757
vn 0.6988 0.0603 0.7128
vn 0.3928 0.0198 0.9194
vn 0.4573 0.0296 0.8888
vn 0.1747 0.0042 0.9846
vn 0.2374 0.0093 0.9714
vn -0.0317 0.0009 0.9995
vn 0.0352 0.0007 0.9994
vn -0.2408 0.0098 0.9705
vn -0.1647 0.0039 0.9863
vn -0.4664 0.0306 0.8841
vn -0.3783 0.0192 0.9255
vn -0.7098 0.0617 0.7016
vn -0.6161 0.0464 0.7863
vn -0.9242 0.0954 0.3699
vn -0.8552 0.0816 0.5119
vn -0.9926 -0.0931 -0.0786
vn -0.9926 -0.0931 0.0786
vn -0.8676 -0.0868 -0.4896
vn -0.9278 -0.0897 -0.3622
vn -0.6405 -0.0766 -0.7642
vn -0.7210 -0.0800 -0.6883
vn -0.4014 -0.0683 -0.9134
vn -0.4794 -0.0706 -0.8747
vn -0.1778 -0.0635 -0.9820
vn -0.2503 -0.0647 -0.9660
vn 0.0351 -0.0623 -0.9974
vn -0.0351 -0.0623 -0.9974
vn 0.2503 -0.0647 -0.9660
vn 0.1778 -0.0635 -0.9820
vn 0.4794 -0.0706 -0.8747
vn 0.4014 -0.0683 -0.9134
vn 0.7210 -0.0800 -0.6883
vn 0.6405 -0.0766 -0.7642
vn 0.9278 -0.0897 -0.3622
vn 0.8676 -0.0868 -0.4896
vn 0.9926 -0.0931 0.0786
vn 0.9926 -0.0931 -0.0786
vn 0.8676 -0.0868 0.4896
vn 0.9278 -0.0897 0.3622
vn 0.6405 -0.0766 0.7642
vn 0.7210 -0.0800 0.6883
vn 0.4014 -0.0683 0.9134
vn 0.4794 -0.0706 0.8747
vn 0.1778 -0.0635 0.9820
vn 0.2503 -0.0647 0.9660
vn -0.0351 -0.0623 0.9974
vn 0.0351 -0.0623 0.9974
vn -0.2503 -0.0647 0.9660
vn -0.1778 -0.0635 0.9820
vn -0.4794 -0.0706 0.8747
vn -0.4014 -0.0683 0.9134
vn -0.7210 -0.0800 0.6883
vn -0.6405 -0.0766 0.7642
vn -0.9278 -0.0897 0.3622
vn -0.8676 -0.0868 0.4896
vn 0.1679 0.9849 0.0413
vn 0.1346 0.9841 0.1156
vn 0.0746 0.9832 0.1668
vn 0.0000 0.9827 0.1851
vn -0.0746 0.9832 0.1668
vn -0.1346 0.9841 0.1156
vn -0.1679 0.9849 0.0413
vn -0.1679 0.9849 -0.0413
vn -0.1346 0.9841 -0.1156
vn -0.0746 0.9832 -0.1668
vn -0.0000 0.9827 -0.1851
vn 0.0746 0.9832 -0.1668
vn 0.1346 0.9841 -0.1156
vn 0.1679 0.9849 -0.0413
vn 0.3703 0.9286 0.0247
vn 0.3226 0.9264 0.1944
vn 0.2111 0.9223 0.3238
vn 0.0594 0.9194 0.3888
vn -0.1035 0.9199 0.3783
vn -0.2471 0.9234 0.2939
vn -0.3430 0.9272 0.1502
vn -0.3703 0.9286 -0.0247
vn -0.3226 0.9264 -0.1944
vn -0.2111 0.9223 -0.3238
vn -0.0594 0.9194 -0.3888
vn 0.1035 0.9199 -0.3783
vn 0.2471 0.9234 -0.2939
vn 0.3430 0.9272 -0.1502
vn 0.6543 0.7562 0.0119
vn 0.5806 0.7516 0.3129
vn 0.3913 0.7419 0.5445
vn 0.1313 0.7343 0.6660
vn -0.1511 0.7344 0.6617
vn -0.4085 0.7420 0.5316
vn -0.5911 0.7517 0.2924
vn -0.6543 0.7562 -0.0119
vn -0.5806 0.7516 -0.3129
vn -0.3913 0.7419 -0.5445
vn -0.1313 0.7343 -0.6660
vn 0.1511 0.7344 -0.6617
vn 0.4085 0.7420 -0.5316
vn 0.5911 0.7517 -0.2924
vn 0.9021 0.4315 0.0074
vn 0.8004 0.4273 0.4205
vn 0.5378 0.4172 0.7326
vn 0.1844 0.4092 0.8936
vn -0.1960 0.4086 0.8914
vn -0.5484 0.4159 0.7255
vn -0.8073 0.4262 0.4081
vn -0.9021 0.4315 -0.0074
vn -0.8004 0.4273 -0.4205
vn -0.5378 0.4172 -0.7326
vn -0.1844 0.4092 -0.8936
vn 0.1960 0.4086 -0.8914
vn 0.5484 0.4159 -0.7255
vn 0.8073 0.4262 -0.4081
vn 1.0000 0.0000 0.0000
vn 0.8891 0.0010 0.4577
vn 0.5978 0.0011 0.8017
vn 0.2086 0.0005 0.9780
vn -0.2086 -0.0005 0.9780
vn -0.5978 -0.0011 0.8017
vn -0.8891 -0.0010 0.4577
vn -1.0000 -0.0000 0.0000
vn -0.8891 0.0010 -0.4577
vn -0.5978 0.0011 -0.8017
vn -0.2086 0.0005 -0.9780
vn 0.2086 -0.0005 -0.9780
vn 0.5978 -0.0011 -0.8017
vn 0.8891 -0.0010 -0.4577
vn 0.9021 -0.4315 -0.0074
vn 0.8073 -0.4262 0.4081
vn 0.5484 -0.4159 0.7255
vn 0.1960 -0.4086 0.8914
vn -0.1844 -0.4092 0.8936
vn -0.5378 -0.4172 0.7326
vn -0.8004 -0.4273 0.4205
vn -0.9021 -0.4315 0.0074
vn -0.8073 -0.4262 -0.4081
vn -0.5484 -0.4159 -0.7255
vn -0.1960 -0.4086 -0.8914
vn 0.1844 -0.4092 -0.8936
vn 0.5378 -0.4172 -0.7326
vn 0.8004 -0.4273 -0.4205
vn 0.6543 -0.7562 -0.0119
vn 0.5911 -0.7517 0.2924
vn 0.4085 -0.7420 0.5316
vn 0.1511 -0.7344 0.6617
vn -0.1313 -0.7343 0.6660
vn -0.3913 -0.7419 0.5445
vn -0.5806 -0.7516 0.3129
vn -0.6543 -0.7562 0.0119
vn -0.5911 -0.7517 -0.2924
vn -0.4085 -0.7420 -0.5316
vn -0.1511 -0.7344 -0.6617
vn 0.1313 -0.7343 -0.6660
vn 0.3913 -0.7419 -0.5445
vn 0.5806 -0.7516 -0.3129
vn 0.3703 -0.9286 -0.0247
vn 0.3430 -0.9272 0.1502
vn 0.2471 -0.9234 0.2939
vn 0.1035 -0.9199 0.3783
vn -0.0594 -0.9194 0.3888
vn -0.2111 -0.9223 0.3238
vn -0.3226 -0.9264 0.1944
vn -0.3703 -0.9286 0.0247
vn -0.3430 -0.9272 -0.1502
vn -0.2471 -0.9234 -0.2939
vn -0.1035 -0.9199 -0.3783
vn 0.0594 -0.9194 -0.3888
vn 0.2111 -0.9223 -0.3238
vn 0.3226 -0.9264 -0.1944
vn 0.1679 -0.9849 -0.0413
vn 0.1679 -0.9849 0.0413
vn 0.1346 -0.9841 0.1156
vn 0.0746 -0.9832 0.1668
vn 0.0000 -0.9827 0.1851
vn -0.0746 -0.9832 0.1668
vn -0.1346 -0.9841 0.1156
vn -0.1679 -0.9849 0.0413
vn -0.1679 -0.9849 -0.0413
vn -0.1346 -0.9841 -0.1156
vn -0.0746 -0.9832 -0.1668
vn -0.0000 -0.9827 -0.1851
vn 0.0746 -0.9832 -0.1668
vn 0.1346 -0.9841 -0.1156
vn 0.1679 0.9849 0.0413
vn 0.1346 0.9841 0.1156
vn 0.0746 0.9832 0.1668
vn 0.0000 0.9827 0.1851
vn -0.0746 0.9832 0.1668
vn -0.1346 0.9841 0.1156
vn -0.1679 0.9849 0.0413
vn -0.1679 0.9849 -0.0413
vn -0.1346 0.9841 -0.1156
vn -0.0746 0.9832 -0.1668
vn -0.0000 0.9827 -0.1851
vn 0.0746 0.9832 -0.1668
vn 0.1346 0.9841 -0.1156
vn 0.1679 0.9849 -0.0413
vn 0.3703 0.9286 0.0247
vn 0.3226 0.9264 0.1944
vn 0.2111 0.9223 0.3238
vn 0.0594 0.9194 0.3888
vn -0.1035 0.9199 0.3783
vn -0.2471 0.9234 0.2939
vn -0.3430 0.9272 0.1502
vn -0.3703 0.9286 -0.0247
vn -0.3226 0.9264 -0.1944
vn -0.2111 0.9223 -0.3238
vn -0.0594 0.9194 -0.3888
vn 0.1035 0.9199 -0.3783
vn 0.2471 0.9234 -0.2939
vn 0.3430 0.9272 -0.1502
vn 0.6543 0.7562 0.0119
vn 0.5806 0.7516 0.3129
vn 0.3913 0.7419 0.5445
vn 0.1313 0.7343 0.6660
vn -0.1511 0.7344 0.6617
vn -0.4085 0.7420 0.5316
vn -0.5911 0.7517 0.2924
vn -0.6543 0.7562 -0.0119
vn -0.5806 0.7516 -0.3129
vn -0.3913 0.7419 -0.5445
vn -0.1313 0.7343 -0.6660
vn 0.1511 0.7344 -0.6617
vn 0.4085 0.7420 -0.5316
vn 0.5911 0.7517 -0.2924
vn 0.9021 0.4315 0.0074
vn 0.8004 0.4273 0.4205
vn 0.5378 0.4172 0.7326
vn 0.1844 0.4092 0.8936
vn -0.1960 0.4086 0.8914
vn -0.5484 0.4159 0.7255
vn -0.8073 0.4262 0.4081
vn -0.9021 0.4315 -0.0074
vn -0.8004 0.4273 -0.4205
vn -0.5378 0.4172 -0.7326
vn -0.1844 0.4092 -0.8936
vn 0.1960 0.4086 -0.8914
vn 0.5484 0.4159 -0.7255
vn 0.8073 0.4262 -0.4081
vn 1.0000 -0.0000 -0.0000
vn 0.8891 0.0010 0.4577
vn 0.5978 0.0011 0.8017
vn 0.2086 0.0005 0.9780
vn -0.2086 -0.0005 0.9780
vn -0.5978 -0.0011 0.8017
vn -0.8891 -0.0010 0.4577
vn -1.0000 0.0000 0.0000
vn -0.8891 0.0010 -0.4577
vn -0.5978 0.0011 -0.8017
vn -0.2086 0.0005 -0.9780
vn 0.2086 -0.0005 -0.9780
vn 0.5978 -0.0011 -0.8017
vn 0.8891 -0.0010 -0.4577
vn 0.9021 -0.4315 -0.0074
vn 0.8073 -0.4262 0.4081
vn 0.5484 -0.4159 0.7255
vn 0.1960 -0.4086 0.8914
vn -0.1844 -0.4092 0.8936
vn -0.5378 -0.4172 0.7326
vn -0.8004 -0.4273 0.4205
vn -0.9021 -0.4315 0.0074
vn -0.8073 -0.4262 -0.4081
vn -0.5484 -0.4159 -0.7255
vn -0.1960 -0.4086 -0.8914
vn 0.1844 -0.4092 -0.8936
vn 0.5378 -0.4172 -0.7326
vn 0.8004 -0.4273 -0.4205
vn 0.6543 -0.7562 -0.0119
vn 0.5911 -0.7517 0.2924
vn 0.4085 -0.7420 0.5316
vn 0.1511 -0.7344 0.6617
vn -0.1313 -0.7343 0.6660
vn -0.3913 -0.7419 0.5445
vn -0.5806 -0.7516 0.3129
vn -0.6543 -0.7562 0.0119
vn -0.5911 -0.7517 -0.2924
vn -0.4085 -0.7420 -0.5316
vn -0.1511 -0.7344 -0.6617
vn 0.1313 -0.7343 -0.6660
vn 0.3913 -0.7419 -0.5445
vn 0.5806 -0.7516 -0.3129
vn 0.3703 -0.9286 -0.0247
vn 0.3430 -0.9272 0.1502
vn 0.2471 -0.9234 0.2939
vn 0.1035 -0.9199 0.3783
vn -0.0594 -0.9194 0.3888
vn -0.2111 -0.9223 0.3238
vn -0.3226 -0.9264 0.1944
vn -0.3703 -0.9286 0.0247
vn -0.3430 -0.9272 -0.1502
vn -0.2471 -0.9234 -0.2939
vn -0.1035 -0.9199 -0.3783
vn 0.0594 -0.9194 -0.3888
vn 0.2111 -0.9223 -0.3238
vn 0.3226 -0.9264 -0.1944
vn 0.1679 -0.9849 -0.0413
vn 0.1679 -0.9849 0.0413
vn 0.1346 -0.9841 0.1156
vn 0.0746 -0.9832 0.1668
vn 0.0000 -0.9827 0.1851
vn -0.0746 -0.9832 0.1668
vn -0.1346 -0.9841 0.1156
vn -0.1679 -0.9849 0.0413
vn -0.1679 -0.9849 -0.0413
vn -0.1346 -0.9841 -0.1156
vn -0.0746 -0.9832 -0.1668
vn -0.0000 -0.9827 -0.1851
vn 0.0746 -0.9832 -0.1668
vn 0.1346 -0.9841 -0.1156
vn 0.2118 0.9761 0.0483
vn 0.1699 0.9761 0.1355
vn 0.0943 0.9761 0.1957
vn 0.0000 0.9761 0.2173
vn -0.0943 0.9761 0.1957
vn -0.1699 0.9761 0.1355
vn -0.2118 0.9761 0.0483
vn -0.2118 0.9761 -0.0483
vn -0.1699 0.9761 -0.1355
vn -0.0943 0.9761 -0.1957
vn -0.0000 0.9761 -0.2173
vn 0.0943 0.9761 -0.1957
vn 0.1699 0.9761 -0.1355
vn 0.2118 0.9761 -0.0483
vn 0.4466 0.8943 0.0274
vn 0.3905 0.8943 0.2184
vn 0.2571 0.8943 0.3663
vn 0.0727 0.8943 0.4415
vn -0.1261 0.8943 0.4294
vn -0.2999 0.8943 0.3321
vn -0.4143 0.8943 0.1691
vn -0.4466 0.8943 -0.0274
vn -0.3905 0.8943 -0.2184
vn -0.2571 0.8943 -0.3663
vn -0.0727 0.8943 -0.4415
vn 0.1261 0.8943 -0.4294
vn 0.2999 0.8943 -0.3321
vn 0.4143 0.8943 -0.1691
vn 0.7342 0.6788 0.0100
vn 0.6572 0.6788 0.3275
vn 0.4500 0.6788 0.5803
vn 0.1537 0.6788 0.7180
vn -0.1731 0.6788 0.7136
vn -0.4656 0.6788 0.5678
vn -0.6658 0.6788 0.3096
vn -0.7342 0.6788 -0.0100
vn -0.6572 0.6788 -0.3275
vn -0.4500 0.6788 -0.5803
vn -0.1537 0.6788 -0.7180
vn 0.1731 0.6788 -0.7136
vn 0.4656 0.6788 -0.5678
vn 0.6658 0.6788 -0.3096
vn 0.9339 0.3574 0.0049
vn 0.8393 0.3574 0.4096
vn 0.5785 0.3574 0.7332
vn 0.2031 0.3574 0.9116
vn -0.2126 0.3574 0.9094
vn -0.5861 0.3574 0.7271
vn -0.8435 0.3574 0.4008
vn -0.9339 0.3574 -0.0049
vn -0.8393 0.3574 -0.4096
vn -0.5785 0.3574 -0.7332
vn -0.2031 0.3574 -0.9116
vn 0.2126 0.3574 -0.9094
vn 0.5861 0.3574 -0.7271
vn 0.8435 0.3574 -0.4008
vn 1.0000 0.0000 0.0000
vn 0.9010 0.0000 0.4339
vn 0.6235 0.0000 0.7818
vn 0.2225 -0.0000 0.9749
vn -0.2225 -0.0000 0.9749
vn -0.6235 -0.0000 0.7818
vn -0.9010 0.0000 0.4339
vn -1.0000 -0.0000 0.0000
vn -0.9010 0.0000 -0.4339
vn -0.6235 0.0000 -0.7818
vn -0.2225 -0.0000 -0.9749
vn 0.2225 -0.0000 -0.9749
vn 0.6235 -0.0000 -0.7818
vn 0.9010 0.0000 -0.4339
vn 0.9339 -0.3574 -0.0049
vn 0.8435 -0.3574 0.4008
vn 0.5861 -0.3574 0.7271
vn 0.2126 -0.3574 0.9094
vn -0.2031 -0.3574 0.9116
vn -0.5785 -0.3574 0.7332
vn -0.8393 -0.3574 0.4096
vn -0.9339 -0.3574 0.0049
vn -0.8435 -0.3574 -0.4008
vn -0.5861 -0.3574 -0.7271
vn -0.2126 -0.3574 -0.9094
vn 0.2031 -0.3574 -0.9116
vn 0.5785 -0.3574 -0.7332
vn 0.8393 -0.3574 -0.4096
vn 0.7342 -0.6788 -0.0100
vn 0.6658 -0.6788 0.3096
vn 0.4656 -0.6788 0.5678
vn 0.1731 -0.6788 0.7136
vn -0.1537 -0.6788 0.7180
vn -0.4500 -0.6788 0.5803
vn -0.6572 -0.6788 0.3275
vn -0.7342 -0.6788 0.0100
vn -0.6658 -0.6788 -0.3096
vn -0.4656 -0.6788 -0.5678
vn -0.1731 -0.6788 -0.7136
vn 0.1537 -0.6788 -0.7180
vn 0.4500 -0.6788 -0.5803
vn 0.6572 -0.6788 -0.3275
vn 0.4466 -0.8943 -0.0274
vn 0.4143 -0.8943 0.1691
vn 0.2999 -0.8943 0.3321
vn 0.1261 -0.8943 0.4294
vn -0.0727 -0.8943 0.4415
vn -0.2571 -0.8943 0.3663
vn -0.3905 -0.8943 0.2184
vn -0.4466 -0.8943 0.0274
vn -0.4143 -0.8943 -0.1691
vn -0.2999 -0.8943 -0.3321
vn -0.1261 -0.8943 -0.4294
vn 0.0727 -0.8943 -0.4415
vn 0.2571 -0.8943 -0.3663
vn 0.3905 -0.8943 -0.2184
vn 0.2118 -0.9761 -0.0483
vn 0.2118 -0.9761 0.0483
vn 0.1699 -0.9761 0.1355
vn 0.0943 -0.9761 0.1957
vn 0.0000 -0.9761 0.2173
vn -0.0943 -0.9761 0.1957
vn -0.1699 -0.9761 0.1355
vn -0.2118 -0.9761 0.0483
vn -0.2118 -0.9761 -0.0483
vn -0.1699 -0.9761 -0.1355
vn -0.0943 -0.9761 -0.1957
vn -0.0000 -0.9761 -0.2173
vn 0.0943 -0.9761 -0.1957
vn 0.1699 -0.9761 -0.1355
vn 0.9720 -0.2207 0.0805
vn 0.7974 -0.2058 0.5673
vn 0.4076 -0.1437 0.9018
vn -0.0930 -0.0510 0.9944
vn -0.5701 0.0475 0.8202
vn -0.8960 0.1253 0.4259
vn -0.9834 0.1617 -0.0828
vn -0.8087 0.1468 -0.5696
vn -0.4189 0.0847 -0.9041
vn 0.0817 -0.0080 -0.9966
vn 0.5588 -0.1065 -0.8224
vn 0.8847 -0.1843 -0.4282
vn 0.9759 -0.2181 -0.0084
vn 0.8444 -0.2121 0.4920
vn 0.4851 -0.1571 0.8602
vn -0.0057 -0.0680 0.9977
vn -0.4965 0.0314 0.8675
vn -0.8558 0.1144 0.5045
vn -0.9873 0.1589 0.0061
vn -0.8558 0.1528 -0.4943
vn -0.4965 0.0979 -0.8625
vn -0.0057 0.0088 -0.9999
vn 0.4851 -0.0906 -0.8698
vn 0.8444 -0.1736 -0.5068
vn 0.9759 -0.2181 -0.0084
vn 0.8444 -0.2121 0.4920
vn 0.4851 -0.1571 0.8602
vn -0.0057 -0.0680 0.9977
vn -0.4965 0.0314 0.8675
vn -0.8558 0.1144 0.5045
vn -0.9873 0.1589 0.0061
vn -0.8558 0.1528 -0.4943
vn -0.4965 0.0979 -0.8625
vn -0.0057 0.0088 -0.9999
vn 0.4851 -0.0906 -0.8698
vn 0.8444 -0.1736 -0.5068
vn 0.9759 -0.2181 -0.0084
vn 0.8444 -0.2121 0.4920
vn 0.4851 -0.1571 0.8602
vn -0.0057 -0.0680 0.9977
vn -0.4965 0.0314 0.8675
vn -0.8558 0.1144 0.5045
vn -0.9873 0.1589 0.0061
vn -0.8558 0.1528 -0.4943
vn -0.4965 0.0979 -0.8625
vn -0.0057 0.0088 -0.9999
vn 0.4851 -0.0906 -0.8698
vn 0.8444 -0.1736 -0.5068
vn 0.9759 -0.2181 -0.0084
vn 0.8444 -0.2121 0.4920
vn 0.4851 -0.1571 0.8602
vn -0.0057 -0.0680 0.9977
vn -0.4965 0.0314 0.8675
vn -0.8558 0.1144 0.5045
vn -0.9873 0.1589 0.0061
vn -0.8558 0.1528 -0.4943
vn -0.4965 0.0979 -0.8625
vn -0.0057 0.0088 -0.9999
vn 0.4851 -0.0906 -0.8698
vn 0.8444 -0.1736 -0.5068
vn 0.9720 -0.2138 -0.0972
vn 0.8847 -0.2166 0.4128
vn 0.5588 -0.1693 0.8118
vn 0.0817 -0.0845 0.9931
vn -0.4189 0.0150 0.9079
vn -0.8087 0.1026 0.5792
vn -0.9834 0.1548 0.0949
vn -0.8960 0.1576 -0.4150
vn -0.5701 0.1103 -0.8141
vn -0.0930 0.0255 -0.9953
vn 0.4076 -0.0740 -0.9102
vn 0.7974 -0.1616 -0.5814
vn 0.2582 0.9636 0.0692
vn 0.1890 0.9636 0.1890
vn 0.0692 0.9636 0.2582
vn -0.0692 0.9636 0.2582
vn -0.1890 0.9636 0.1890
vn -0.2582 0.9636 0.0692
vn -0.2582 0.9636 -0.0692
vn -0.1890 0.9636 -0.1890
vn -0.0692 0.9636 -0.2582
vn 0.0692 0.9636 -0.2582
vn 0.1890 0.9636 -0.1890
vn 0.2582 0.9636 -0.0692
vn 0.5436 0.8385 0.0389
vn 0.4513 0.8385 0.3055
vn 0.2381 0.8385 0.4902
vn -0.0389 0.8385 0.5436
vn -0.3055 0.8385 0.4513
vn -0.4902 0.8385 0.2381
vn -0.5436 0.8385 -0.0389
vn -0.4513 0.8385 -0.3055
vn -0.2381 0.8385 -0.4902
vn 0.0389 0.8385 -0.5436
vn 0.3055 0.8385 -0.4513
vn 0.4902 0.8385 -0.2381
vn 0.8650 0.5017 0.0114
vn 0.7434 0.5017 0.4424
vn 0.4226 0.5017 0.7548
vn -0.0114 0.5017 0.8650
vn -0.4424 0.5017 0.7434
vn -0.7548 0.5017 0.4226
vn -0.8650 0.5017 -0.0114
vn -0.7434 0.5017 -0.4424
vn -0.4226 0.5017 -0.7548
vn 0.0114 0.5017 -0.8650
vn 0.4424 0.5017 -0.7434
vn 0.7548 0.5017 -0.4226
vn 1.0000 0.0000 -0.0000
vn 0.8660 0.0000 0.5000
vn 0.5000 0.0000 0.8660
vn 0.0000 0.0000 1.0000
vn -0.5000 0.0000 0.8660
vn -0.8660 0.0000 0.5000
vn -1.0000 0.0000 0.0000
vn -0.8660 0.0000 -0.5000
vn -0.5000 -0.0000 -0.8660
vn -0.0000 0.0000 -1.0000
vn 0.5000 -0.0000 -0.8660
vn 0.8660 -0.0000 -0.5000
vn 0.8650 -0.5017 -0.0114
vn 0.7548 -0.5017 0.4226
vn 0.4424 -0.5017 0.7434
vn 0.0114 -0.5017 0.8650
vn -0.4226 -0.5017 0.7548
vn -0.7434 -0.5017 0.4424
vn -0.8650 -0.5017 0.0114
vn -0.7548 -0.5017 -0.4226
vn -0.4424 -0.5017 -0.7434
vn -0.0114 -0.5017 -0.8650
vn 0.4226 -0.5017 -0.7548
vn 0.7434 -0.5017 -0.4424
vn 0.5436 -0.8385 -0.0389
vn 0.4902 -0.8385 0.2381
vn 0.3055 -0.8385 0.4513
vn 0.0389 -0.8385 0.5436
vn -0.2381 -0.8385 0.4902
vn -0.4513 -0.8385 0.3055
vn -0.5436 -0.8385 0.0389
vn -0.4902 -0.8385 -0.2381
vn -0.3055 -0.8385 -0.4513
vn -0.0389 -0.8385 -0.5436
vn 0.2381 -0.8385 -0.4902
vn 0.4513 -0.8385 -0.3055
vn 0.2582 -0.9636 -0.0692
vn 0.2582 -0.9636 0.0692
vn 0.1890 -0.9636 0.1890
vn 0.0692 -0.9636 0.2582
vn -0.0692 -0.9636 0.2582
vn -0.1890 -0.9636 0.1890
vn -0.2582 -0.9636 0.0692
vn -0.2582 -0.9636 -0.0692
vn -0.1890 -0.9636 -0.1890
vn -0.0692 -0.9636 -0.2582
vn 0.0692 -0.9636 -0.2582
vn 0.1890 -0.9636 -0.1890
vn 0.9842 -0.1412 0.1065
vn 0.8077 -0.0624 0.5863
vn 0.4136 0.0238 0.9102
vn -0.0925 0.0942 0.9912
vn -0.5748 0.1301 0.8079
vn -0.9043 0.1218 0.4091
vn -0.9926 0.0715 -0.0981
vn -0.8160 -0.0073 -0.5780
vn -0.4219 -0.0934 -0.9018
vn 0.0841 -0.1639 -0.9829
vn 0.5665 -0.1998 -0.7995
vn 0.8960 -0.1914 -0.4008
vn 0.9882 -0.1524 0.0183
vn 0.8552 -0.0771 0.5125
vn 0.4920 0.0095 0.8706
vn -0.0042 0.0841 0.9964
vn -0.5004 0.1268 0.8565
vn -0.8636 0.1262 0.4881
vn -0.9965 0.0824 -0.0099
vn -0.8636 0.0072 -0.5041
vn -0.5004 -0.0794 -0.8622
vn -0.0042 -0.1540 -0.9881
vn 0.4920 -0.1968 -0.8481
vn 0.8552 -0.1962 -0.4797
vn 0.9882 -0.1524 0.0183
vn 0.8552 -0.0771 0.5125
vn 0.4920 0.0095 0.8706
vn -0.0042 0.0841 0.9964
vn -0.5004 0.1268 0.8565
vn -0.8636 0.1262 0.4881
vn -0.9965 0.0824 -0.0099
vn -0.8636 0.0072 -0.5041
vn -0.5004 -0.0794 -0.8622
vn -0.0042 -0.1540 -0.9881
vn 0.4920 -0.1968 -0.8481
vn 0.8552 -0.1962 -0.4797
vn 0.9882 -0.1524 0.0183
vn 0.8552 -0.0771 0.5125
vn 0.4920 0.0095 0.8706
vn -0.0042 0.0841 0.9964
vn -0.5004 0.1268 0.8565
vn -0.8636 0.1262 0.4881
vn -0.9965 0.0824 -0.0099
vn -0.8636 0.0072 -0.5041
vn -0.5004 -0.0794 -0.8622
vn -0.0042 -0.1540 -0.9881
vn 0.4920 -0.1968 -0.8481
vn 0.8552 -0.1962 -0.4797
vn 0.9882 -0.1524 0.0183
vn 0.8552 -0.0771 0.5125
vn 0.4920 0.0095 0.8706
vn -0.0042 0.0841 0.9964
vn -0.5004 0.1268 0.8565
vn -0.8636 0.1262 0.4881
vn -0.9965 0.0824 -0.0099
vn -0.8636 0.0072 -0.5041
vn -0.5004 -0.0794 -0.8622
vn -0.0042 -0.1540 -0.9881
vn 0.4920 -0.1968 -0.8481
vn 0.8552 -0.1962 -0.4797
vn 0.9842 -0.1624 -0.0701
vn 0.8960 -0.0912 0.4347
vn 0.5665 -0.0049 0.8241
vn 0.0841 0.0733 0.9938
vn -0.4219 0.1226 0.8983
vn -0.8160 0.1297 0.5633
vn -0.9926 0.0927 0.0784
vn -0.9043 0.0215 -0.4263
vn -0.5748 -0.0647 -0.8157
vn -0.0925 -0.1430 -0.9854
vn 0.4136 -0.1923 -0.8899
vn 0.8077 -0.1993 -0.5549
vn 0.3477 0.9228 0.1656
vn 0.2404 0.8715 0.4274
vn 0.0836 0.8279 0.5546
vn -0.0836 0.8279 0.5546
vn -0.2404 0.8715 0.4274
vn -0.3477 0.9228 0.1656
vn -0.3477 0.9228 -0.1656
vn -0.2404 0.8715 -0.4274
vn -0.0836 0.8279 -0.5546
vn 0.0836 0.8279 -0.5546
vn 0.2404 0.8715 -0.4274
vn 0.3477 0.9228 -0.1656
vn 0.6492 0.7565 0.0790
vn 0.4806 0.6876 0.5443
vn 0.2210 0.6065 0.7638
vn -0.0292 0.5805 0.8137
vn -0.2844 0.6176 0.7333
vn -0.5456 0.7070 0.4500
vn -0.6492 0.7565 -0.0790
vn -0.4806 0.6876 -0.5443
vn -0.2210 0.6065 -0.7638
vn 0.0292 0.5805 -0.8137
vn 0.2844 0.6176 -0.7333
vn 0.5456 0.7070 -0.4500
vn 0.9185 0.3952 0.0115
vn 0.6783 0.3429 0.6498
vn 0.3095 0.2682 0.9123
vn -0.0016 0.2413 0.9704
vn -0.3147 0.2606 0.9127
vn -0.6904 0.3294 0.6440
vn -0.9185 0.3952 -0.0115
vn -0.6783 0.3429 -0.6498
vn -0.3095 0.2682 -0.9123
vn 0.0016 0.2413 -0.9704
vn 0.3147 0.2606 -0.9127
vn 0.6904 0.3294 -0.6440
vn 1.0000 0.0000 0.0000
vn 0.7300 0.0076 0.6835
vn 0.3248 0.0036 0.9458
vn -0.0000 0.0000 1.0000
vn -0.3248 -0.0036 0.9458
vn -0.7300 -0.0076 0.6835
vn -1.0000 0.0000 0.0000
vn -0.7300 0.0076 -0.6835
vn -0.3248 0.0036 -0.9458
vn -0.0000 0.0000 -1.0000
vn 0.3248 -0.0036 -0.9458
vn 0.7300 -0.0076 -0.6835
vn 0.9185 -0.3952 -0.0115
vn 0.6904 -0.3294 0.6440
vn 0.3147 -0.2606 0.9127
vn 0.0016 -0.2413 0.9704
vn -0.3095 -0.2682 0.9123
vn -0.6783 -0.3429 0.6498
vn -0.9185 -0.3952 0.0115
vn -0.6904 -0.3294 -0.6440
vn -0.3147 -0.2606 -0.9127
vn -0.0016 -0.2413 -0.9704
vn 0.3095 -0.2682 -0.9123
vn 0.6783 -0.3429 -0.6498
vn 0.6492 -0.7565 -0.0790
vn 0.5456 -0.7070 0.4500
vn 0.2844 -0.6176 0.7333
vn 0.0292 -0.5805 0.8137
vn -0.2210 -0.6065 0.7638
vn -0.4806 -0.6876 0.5443
vn -0.6492 -0.7565 0.0790
vn -0.5456 -0.7070 -0.4500
vn -0.2844 -0.6176 -0.7333
vn -0.0292 -0.5805 -0.8137
vn 0.2210 -0.6065 -0.7638
vn 0.4806 -0.6876 -0.5443
vn 0.3477 -0.9228 -0.1656
vn 0.3477 -0.9228 0.1656
vn 0.2404 -0.8715 0.4274
vn 0.0836 -0.8279 0.5546
vn -0.0836 -0.8279 0.5546
vn -0.2404 -0.8715 0.4274
vn -0.3477 -0.9228 0.1656
vn -0.3477 -0.9228 -0.1656
vn -0.2404 -0.8715 -0.4274
vn -0.0836 -0.8279 -0.5546
vn 0.0836 -0.8279 -0.5546
vn 0.2404 -0.8715 -0.4274
vn 0.9642 0.2265 0.1380
vn 0.3287 0.2601 0.9079
vn -0.6246 -0.0100 0.7809
vn -0.9424 -0.3137 -0.1162
vn -0.3069 -0.3473 -0.8861
vn 0.6464 -0.0772 -0.7591
vn 0.9818 0.1840 -0.0460
vn 0.4965 0.2796 0.8218
vn -0.4743 0.0512 0.8789
vn -0.9596 -0.2728 0.0682
vn -0.4743 -0.3684 -0.7996
vn 0.4965 -0.1400 -0.8567
vn 0.9642 0.1349 -0.2283
vn 0.6464 0.2891 0.7061
vn -0.3069 0.1106 0.9453
vn -0.9424 -0.2221 0.2501
vn -0.6246 -0.3763 -0.6843
vn 0.3287 -0.1978 -0.9235
vn 0.9760 -0.1701 0.1360
vn 0.5921 -0.1446 0.7928
vn -0.1427 -0.0956 0.9851
vn -0.7980 -0.0519 0.6004
vn -0.9899 -0.0391 -0.1360
vn -0.6061 -0.0647 -0.7928
vn 0.1287 -0.1137 -0.9851
vn 0.7841 -0.1574 -0.6004
vn 0.9851 -0.1717 0.0000
vn 0.6945 -0.1524 0.7031
vn -0.0070 -0.1056 0.9944
vn -0.7086 -0.0588 0.7031
vn -0.9992 -0.0395 0.0000
vn -0.7086 -0.0588 -0.7031
vn -0.0070 -0.1056 -0.9944
vn 0.6945 -0.1524 -0.7031
vn 0.9851 -0.1717 -0.0000
vn 0.6945 -0.1524 0.7031
vn -0.0070 -0.1056 0.9944
vn -0.7086 -0.0588 0.7031
vn -0.9992 -0.0395 0.0000
vn -0.7086 -0.0588 -0.7031
vn -0.0070 -0.1056 -0.9944
vn 0.6945 -0.1524 -0.7031
vn 0.9760 -0.1701 -0.1360
vn 0.7841 -0.1574 0.6004
vn 0.1287 -0.1137 0.9851
vn -0.6061 -0.0647 0.7928
vn -0.9899 -0.0391 0.1360
vn -0.7980 -0.0519 -0.6004
vn -0.1427 -0.0956 -0.9851
vn 0.5921 -0.1446 -0.7928
vn 0.2118 0.9761 0.0483
vn 0.1699 0.9761 0.1355
vn 0.0943 0.9761 0.1957
vn 0.0000 0.9761 0.2173
vn -0.0943 0.9761 0.1957
vn -0.1699 0.9761 0.1355
vn -0.2118 0.9761 0.0483
vn -0.2118 0.9761 -0.0483
vn -0.1699 0.9761 -0.1355
vn -0.0943 0.9761 -0.1957
vn -0.0000 0.9761 -0.2173
vn 0.0943 0.9761 -0.1957
vn 0.1699 0.9761 -0.1355
vn 0.2118 0.9761 -0.0483
vn 0.4466 0.8943 0.0274
vn 0.3905 0.8943 0.2184
vn 0.2571 0.8943 0.3663
vn 0.0727 0.8943 0.4415
vn -0.1261 0.8943 0.4294
vn -0.2999 0.8943 0.3321
vn -0.4143 0.8943 0.1691
vn -0.4466 0.8943 -0.0274
vn -0.3905 0.8943 -0.2184
vn -0.2571 0.8943 -0.3663
vn -0.0727 0.8943 -0.4415
vn 0.1261 0.8943 -0.4294
vn 0.2999 0.8943 -0.3321
vn 0.4143 0.8943 -0.1691
vn 0.7342 0.6788 0.0100
vn 0.6572 0.6788 0.3275
vn 0.4500 0.6788 0.5803
vn 0.1537 0.6788 0.7180
vn -0.1731 0.6788 0.7136
vn -0.4656 0.6788 0.5678
vn -0.6658 0.6788 0.3096
vn -0.7342 0.6788 -0.0100
vn -0.6572 0.6788 -0.3275
vn -0.4500 0.6788 -0.5803
vn -0.1537 0.6788 -0.7180
vn 0.1731 0.6788 -0.7136
vn 0.4656 0.6788 -0.5678
vn 0.6658 0.6788 -0.3096
vn 0.9339 0.3574 0.0049
vn 0.8393 0.3574 0.4096
vn 0.5785 0.3574 0.7332
vn 0.2031 0.3574 0.9116
vn -0.2126 0.3574 0.9094
vn -0.5861 0.3574 0.7271
vn -0.8435 0.3574 0.4008
vn -0.9339 0.3574 -0.0049
vn -0.8393 0.3574 -0.4096
vn -0.5785 0.3574 -0.7332
vn -0.2031 0.3574 -0.9116
vn 0.2126 0.3574 -0.9094
vn 0.5861 0.3574 -0.7271
vn 0.8435 0.3574 -0.4008
vn 1.0000 -0.0000 -0.0000
vn 0.9010 0.0000 0.4339
vn 0.6235 0.0000 0.7818
vn 0.2225 -0.0000 0.9749
vn -0.2225 -0.0000 0.9749
vn -0.6235 -0.0000 0.7818
vn -0.9010 0.0000 0.4339
vn -1.0000 -0.0000 0.0000
vn -0.9010 0.0000 -0.4339
vn -0.6235 0.0000 -0.7818
vn -0.2225 -0.0000 -0.9749
vn 0.2225 -0.0000 -0.9749
vn 0.6235 -0.0000 -0.7818
vn 0.9010 0.0000 -0.4339
vn 0.9339 -0.3574 -0.0049
vn 0.8435 -0.3574 0.4008
vn 0.5861 -0.3574 0.7271
vn 0.2126 -0.3574 0.9094
vn -0.2031 -0.3574 0.9116
vn -0.5785 -0.3574 0.7332
vn -0.8393 -0.3574 0.4096
vn -0.9339 -0.3574 0.0049
vn -0.8435 -0.3574 -0.4008
vn -0.5861 -0.3574 -0.7271
vn -0.2126 -0.3574 -0.9094
vn 0.2031 -0.3574 -0.9116
vn 0.5785 -0.3574 -0.7332
vn 0.8393 -0.3574 -0.4096
vn 0.7342 -0.6788 -0.0100
vn 0.6658 -0.6788 0.3096
vn 0.4656 -0.6788 0.5678
vn 0.1731 -0.6788 0.7136
vn -0.1537 -0.6788 0.7180
vn -0.4500 -0.6788 0.5803
vn -0.6572 -0.6788 0.3275
vn -0.7342 -0.6788 0.0100
vn -0.6658 -0.6788 -0.3096
vn -0.4656 -0.6788 -0.5678
vn -0.1731 -0.6788 -0.7136
vn 0.1537 -0.6788 -0.7180
vn 0.4500 -0.6788 -0.5803
vn 0.6572 -0.6788 -0.3275
vn 0.4466 -0.8943 -0.0274
vn 0.4143 -0.8943 0.1691
vn 0.2999 -0.8943 0.3321
vn 0.1261 -0.8943 0.4294
vn -0.0727 -0.8943 0.4415
vn -0.2571 -0.8943 0.3663
vn -0.3905 -0.8943 0.2184
vn -0.4466 -0.8943 0.0274
vn -0.4143 -0.8943 -0.1691
vn -0.2999 -0.8943 -0.3321
vn -0.1261 -0.8943 -0.4294
vn 0.0727 -0.8943 -0.4415
vn 0.2571 -0.8943 -0.3663
vn 0.3905 -0.8943 -0.2184
vn 0.2118 -0.9761 -0.0483
vn 0.2118 -0.9761 0.0483
vn 0.1699 -0.9761 0.1355
vn 0.0943 -0.9761 0.1957
vn 0.0000 -0.9761 0.2173
vn -0.0943 -0.9761 0.1957
vn -0.1699 -0.9761 0.1355
vn -0.2118 -0.9761 0.0483
vn -0.2118 -0.9761 -0.0483
vn -0.1699 -0.9761 -0.1355
vn -0.0943 -0.9761 -0.1957
vn -0.0000 -0.9761 -0.2173
vn 0.0943 -0.9761 -0.1957
vn 0.1699 -0.9761 -0.1355
vn 0.9834 0.1548 0.0949
vn 0.8087 0.1026 0.5792
vn 0.4189 0.0150 0.9079
vn -0.0817 -0.0845 0.9931
vn -0.5588 -0.1693 0.8118
vn -0.8847 -0.2166 0.4128
vn -0.9720 -0.2138 -0.0972
vn -0.7974 -0.1616 -0.5814
vn -0.4076 -0.0740 -0.9102
vn 0.0930 0.0255 -0.9953
vn 0.5701 0.1103 -0.8141
vn 0.8960 0.1576 -0.4150
vn 0.9873 0.1589 0.0061
vn 0.8558 0.1144 0.5045
vn 0.4965 0.0314 0.8675
vn 0.0057 -0.0680 0.9977
vn -0.4851 -0.1571 0.8602
vn -0.8444 -0.2121 0.4920
vn -0.9759 -0.2181 -0.0084
vn -0.8444 -0.1736 -0.5068
vn -0.4851 -0.0906 -0.8698
vn 0.0057 0.0088 -0.9999
vn 0.4965 0.0979 -0.8625
vn 0.8558 0.1528 -0.4943
vn 0.9873 0.1589 0.0061
vn 0.8558 0.1144 0.5045
vn 0.4965 0.0314 0.8675
vn 0.0057 -0.0680 0.9977
vn -0.4851 -0.1571 0.8602
vn -0.8444 -0.2121 0.4920
vn -0.9759 -0.2181 -0.0084
vn -0.8444 -0.1736 -0.5068
vn -0.4851 -0.0906 -0.8698
vn 0.0057 0.0088 -0.9999
vn 0.4965 0.0979 -0.8625
vn 0.8558 0.1528 -0.4943
vn 0.9873 0.1589 0.0061
vn 0.8558 0.1144 0.5045
vn 0.4965 0.0314 0.8675
vn 0.0057 -0.0680 0.9977
vn -0.4851 -0.1571 0.8602
vn -0.8444 -0.2121 0.4920
vn -0.9759 -0.2181 -0.0084
vn -0.8444 -0.1736 -0.5068
vn -0.4851 -0.0906 -0.8698
vn 0.0057 0.0088 -0.9999
vn 0.4965 0.0979 -0.8625
vn 0.8558 0.1528 -0.4943
vn 0.9873 0.1589 0.0061
vn 0.8558 0.1144 0.5045
vn 0.4965 0.0314 0.8675
vn 0.0057 -0.0680 0.9977
vn -0.4851 -0.1571 0.8602
vn -0.8444 -0.2121 0.4920
vn -0.9759 -0.2181 -0.0084
vn -0.8444 -0.1736 -0.5068
vn -0.4851 -0.0906 -0.8698
vn 0.0057 0.0088 -0.9999
vn 0.4965 0.0979 -0.8625
vn 0.8558 0.1528 -0.4943
vn 0.9834 0.1617 -0.0828
vn 0.8960 0.1253 0.4259
vn 0.5701 0.0475 0.8202
vn 0.0930 -0.0510 0.9944
vn -0.4076 -0.1437 0.9018
vn -0.7974 -0.2058 0.5673
vn -0.9720 -0.2207 0.0805
vn -0.8847 -0.1843 -0.4282
vn -0.5588 -0.1065 -0.8224
vn -0.0817 -0.0080 -0.9966
vn 0.4189 0.0847 -0.9041
vn 0.8087 0.1468 -0.5696
vn 0.2582 0.9636 0.0692
vn 0.1890 0.9636 0.1890
vn 0.0692 0.9636 0.2582
vn -0.0692 0.9636 0.2582
vn -0.1890 0.9636 0.1890
vn -0.2582 0.9636 0.0692
vn -0.2582 0.9636 -0.0692
vn -0.1890 0.9636 -0.1890
vn -0.0692 0.9636 -0.2582
vn 0.0692 0.9636 -0.2582
vn 0.1890 0.9636 -0.1890
vn 0.2582 0.9636 -0.0692
vn 0.5436 0.8385 0.0389
vn 0.4513 0.8385 0.3055
vn 0.2381 0.8385 0.4902
vn -0.0389 0.8385 0.5436
vn -0.3055 0.8385 0.4513
vn -0.4902 0.8385 0.2381
vn -0.5436 0.8385 -0.0389
vn -0.4513 0.8385 -0.3055
vn -0.2381 0.8385 -0.4902
vn 0.0389 0.8385 -0.5436
vn 0.3055 0.8385 -0.4513
vn 0.4902 0.8385 -0.2381
vn 0.8650 0.5017 0.0114
vn 0.7434 0.5017 0.4424
vn 0.4226 0.5017 0.7548
vn -0.0114 0.5017 0.8650
vn -0.4424 0.5017 0.7434
vn -0.7548 0.5017 0.4226
vn -0.8650 0.5017 -0.0114
vn -0.7434 0.5017 -0.4424
vn -0.4226 0.5017 -0.7548
vn 0.0114 0.5017 -0.8650
vn 0.4424 0.5017 -0.7434
vn 0.7548 0.5017 -0.4226
vn 1.0000 0.0000 -0.0000
vn 0.8660 0.0000 0.5000
vn 0.5000 0.0000 0.8660
vn 0.0000 0.0000 1.0000
vn -0.5000 0.0000 0.8660
vn -0.8660 0.0000 0.5000
vn -1.0000 0.0000 0.0000
vn -0.8660 0.0000 -0.5000
vn -0.5000 -0.0000 -0.8660
vn -0.0000 0.0000 -1.0000
vn 0.5000 -0.0000 -0.8660
vn 0.8660 -0.0000 -0.5000
vn 0.8650 -0.5017 -0.0114
vn 0.7548 -0.5017 0.4226
vn 0.4424 -0.5017 0.7434
vn 0.0114 -0.5017 0.8650
vn -0.4226 -0.5017 0.7548
vn -0.7434 -0.5017 0.4424
vn -0.8650 -0.5017 0.0114
vn -0.7548 -0.5017 -0.4226
vn -0.4424 -0.5017 -0.7434
vn -0.0114 -0.5017 -0.8650
vn 0.4226 -0.5017 -0.7548
vn 0.7434 -0.5017 -0.4424
vn 0.5436 -0.8385 -0.0389
vn 0.4902 -0.8385 0.2381
vn 0.3055 -0.8385 0.4513
vn 0.0389 -0.8385 0.5436
vn -0.2381 -0.8385 0.4902
vn -0.4513 -0.8385 0.3055
vn -0.5436 -0.8385 0.0389
vn -0.4902 -0.8385 -0.2381
vn -0.3055 -0.8385 -0.4513
vn -0.0389 -0.8385 -0.5436
vn 0.2381 -0.8385 -0.4902
vn 0.4513 -0.8385 -0.3055
vn 0.2582 -0.9636 -0.0692
vn 0.2582 -0.9636 0.0692
vn 0.1890 -0.9636 0.1890
vn 0.0692 -0.9636 0.2582
vn -0.0692 -0.9636 0.2582
vn -0.1890 -0.9636 0.1890
vn -0.2582 -0.9636 0.0692
vn -0.2582 -0.9636 -0.0692
vn -0.1890 -0.9636 -0.1890
vn -0.0692 -0.9636 -0.2582
vn 0.0692 -0.9636 -0.2582
vn 0.1890 -0.9636 -0.1890
vn 0.9926 0.0927 0.0784
vn 0.8160 0.1297 0.5633
vn 0.4219 0.1226 0.8983
vn -0.0841 0.0733 0.9938
vn -0.5665 -0.0049 0.8241
vn -0.8960 -0.0912 0.4347
vn -0.9842 -0.1624 -0.0701
vn -0.8077 -0.1993 -0.5549
vn -0.4136 -0.1923 -0.8899
vn 0.0925 -0.1430 -0.9854
vn 0.5748 -0.0647 -0.8157
vn 0.9043 0.0215 -0.4263
vn 0.9965 0.0824 -0.0099
vn 0.8636 0.1262 0.4881
vn 0.5004 0.1268 0.8565
vn 0.0042 0.0841 0.9964
vn -0.4920 0.0095 0.8706
vn -0.8552 -0.0771 0.5125
vn -0.9882 -0.1524 0.0183
vn -0.8552 -0.1962 -0.4797
vn -0.4920 -0.1968 -0.8481
vn 0.0042 -0.1540 -0.9881
vn 0.5004 -0.0794 -0.8622
vn 0.8636 0.0072 -0.5041
vn 0.9965 0.0824 -0.0099
vn 0.8636 0.1262 0.4881
vn 0.5004 0.1268 0.8565
vn 0.0042 0.0841 0.9964
vn -0.4920 0.0095 0.8706
vn -0.8552 -0.0771 0.5125
vn -0.9882 -0.1524 0.0183
vn -0.8552 -0.1962 -0.4797
vn -0.4920 -0.1968 -0.8481
vn 0.0042 -0.1540 -0.9881
vn 0.5004 -0.0794 -0.8622
vn 0.8636 0.0072 -0.5041
vn 0.9965 0.0824 -0.0099
vn 0.8636 0.1262 0.4881
vn 0.5004 0.1268 0.8565
vn 0.0042 0.0841 0.9964
vn -0.4920 0.0095 0.8706
vn -0.8552 -0.0771 0.5125
vn -0.9882 -0.1524 0.0183
vn -0.8552 -0.1962 -0.4797
vn -0.4920 -0.1968 -0.8481
vn 0.0042 -0.1540 -0.9881
vn 0.5004 -0.0794 -0.8622
vn 0.8636 0.0072 -0.5041
vn 0.9965 0.0824 -0.0099
vn 0.8636 0.1262 0.4881
vn 0.5004 0.1268 0.8565
vn 0.0042 0.0841 0.9964
vn -0.4920 0.0095 0.8706
vn -0.8552 -0.0771 0.5125
vn -0.9882 -0.1524 0.0183
vn -0.8552 -0.1962 -0.4797
vn -0.4920 -0.1968 -0.8481
vn 0.0042 -0.1540 -0.9881
vn 0.5004 -0.0794 -0.8622
vn 0.8636 0.0072 -0.5041
vn 0.9926 0.0715 -0.0981
vn 0.9043 0.1218 0.4091
vn 0.5748 0.1301 0.8079
vn 0.0925 0.0942 0.9912
vn -0.4136 0.0238 0.9102
vn -0.8077 -0.0624 0.5863
vn -0.9842 -0.1412 0.1065
vn -0.8960 -0.1914 -0.4008
vn -0.5665 -0.1998 -0.7995
vn -0.0841 -0.1639 -0.9829
vn 0.4219 -0.0934 -0.9018
vn 0.8160 -0.0073 -0.5780
vn 0.3477 0.9228 0.1656
vn 0.2404 0.8715 0.4274
vn 0.0836 0.8279 0.5546
vn -0.0836 0.8279 0.5546
vn -0.2404 0.8715 0.4274
vn -0.3477 0.9228 0.1656
vn -0.3477 0.9228 -0.1656
vn -0.2404 0.8715 -0.4274
vn -0.0836 0.8279 -0.5546
vn 0.0836 0.8279 -0.5546
vn 0.2404 0.8715 -0.4274
vn 0.3477 0.9228 -0.1656
vn 0.6492 0.7565 0.0790
vn 0.4806 0.6876 0.5443
vn 0.2210 0.6065 0.7638
vn -0.0292 0.5805 0.8137
vn -0.2844 0.6176 0.7333
vn -0.5456 0.7070 0.4500
vn -0.6492 0.7565 -0.0790
vn -0.4806 0.6876 -0.5443
vn -0.2210 0.6065 -0.7638
vn 0.0292 0.5805 -0.8137
vn 0.2844 0.6176 -0.7333
vn 0.5456 0.7070 -0.4500
vn 0.9185 0.3952 0.0115
vn 0.6783 0.3429 0.6498
vn 0.3095 0.2682 0.9123
vn -0.0016 0.2413 0.9704
vn -0.3147 0.2606 0.9127
vn -0.6904 0.3294 0.6440
vn -0.9185 0.3952 -0.0115
vn -0.6783 0.3429 -0.6498
vn -0.3095 0.2682 -0.9123
vn 0.0016 0.2413 -0.9704
vn 0.3147 0.2606 -0.9127
vn 0.6904 0.3294 -0.6440
vn 1.0000 0.0000 0.0000
vn 0.7300 0.0076 0.6835
vn 0.3248 0.0036 0.9458
vn -0.0000 0.0000 1.0000
vn -0.3248 -0.0036 0.9458
vn -0.7300 -0.0076 0.6835
vn -1.0000 0.0000 0.0000
vn -0.7300 0.0076 -0.6835
vn -0.3248 0.0036 -0.9458
vn -0.0000 0.0000 -1.0000
vn 0.3248 -0.0036 -0.9458
vn 0.7300 -0.0076 -0.6835
vn 0.9185 -0.3952 -0.0115
vn 0.6904 -0.3294 0.6440
vn 0.3147 -0.2606 0.9127
vn 0.0016 -0.2413 0.9704
vn -0.3095 -0.2682 0.9123
vn -0.6783 -0.3429 0.6498
vn -0.9185 -0.3952 0.0115
vn -0.6904 -0.3294 -0.6440
vn -0.3147 -0.2606 -0.9127
vn -0.0016 -0.2413 -0.9704
vn 0.3095 -0.2682 -0.9123
vn 0.6783 -0.3429 -0.6498
vn 0.6492 -0.7565 -0.0790
vn 0.5456 -0.7070 0.4500
vn 0.2844 -0.6176 0.7333
vn 0.0292 -0.5805 0.8137
vn -0.2210 -0.6065 0.7638
vn -0.4806 -0.6876 0.5443
vn -0.6492 -0.7565 0.0790
vn -0.5456 -0.7070 -0.4500
vn -0.2844 -0.6176 -0.7333
vn -0.0292 -0.5805 -0.8137
vn 0.2210 -0.6065 -0.7638
vn 0.4806 -0.6876 -0.5443
vn 0.3477 -0.9228 -0.1656
vn 0.3477 -0.9228 0.1656
vn 0.2404 -0.8715 0.4274
vn 0.0836 -0.8279 0.5546
vn -0.0836 -0.8279 0.5546
vn -0.2404 -0.8715 0.4274
vn -0.3477 -0.9228 0.1656
vn -0.3477 -0.9228 -0.1656
vn -0.2404 -0.8715 -0.4274
vn -0.0836 -0.8279 -0.5546
vn 0.0836 -0.8279 -0.5546
vn 0.2404 -0.8715 -0.4274
vn 0.9424 -0.2221 0.2501
vn 0.3069 0.1106 0.9453
vn -0.6464 0.2891 0.7061
vn -0.9642 0.1349 -0.2283
vn -0.3287 -0.1978 -0.9235
vn 0.6246 -0.3763 -0.6843
vn 0.9596 -0.2728 0.0682
vn 0.4743 0.0512 0.8789
vn -0.4965 0.2796 0.8218
vn -0.9818 0.1840 -0.0460
vn -0.4965 -0.1400 -0.8567
vn 0.4743 -0.3684 -0.7996
vn 0.9424 -0.3137 -0.1162
vn 0.6246 -0.0100 0.7809
vn -0.3287 0.2601 0.9079
vn -0.9642 0.2265 0.1380
vn -0.6464 -0.0772 -0.7591
vn 0.3069 -0.3473 -0.8861
vn 0.9899 -0.0391 0.1360
vn 0.6061 -0.0647 0.7928
vn -0.1287 -0.1137 0.9851
vn -0.7841 -0.1574 0.6004
vn -0.9760 -0.1701 -0.1360
vn -0.5921 -0.1446 -0.7928
vn 0.1427 -0.0956 -0.9851
vn 0.7980 -0.0519 -0.6004
vn 0.9992 -0.0395 0.0000
vn 0.7086 -0.0588 0.7031
vn 0.0070 -0.1056 0.9944
vn -0.6945 -0.1524 0.7031
vn -0.9851 -0.1717 0.0000
vn -0.6945 -0.1524 -0.7031
vn 0.0070 -0.1056 -0.9944
vn 0.7086 -0.0588 -0.7031
vn 0.9992 -0.0395 -0.0000
vn 0.7086 -0.0588 0.7031
vn 0.0070 -0.1056 0.9944
vn -0.6945 -0.1524 0.7031
vn -0.9851 -0.1717 0.0000
vn -0.6945 -0.1524 -0.7031
vn 0.0070 -0.1056 -0.9944
vn 0.7086 -0.0588 -0.7031
vn 0.9899 -0.0391 -0.1360
vn 0.7980 -0.0519 0.6004
vn 0.1427 -0.0956 0.9851
vn -0.5921 -0.1446 0.7928
vn -0.9760 -0.1701 0.1360
vn -0.7841 -0.1574 -0.6004
vn -0.1287 -0.1137 -0.9851
vn 0.6061 -0.0647 -0.7928
vn 0.9944 -0.0720 0.0776
vn 0.8629 -0.0588 0.5019
vn 0.5604 -0.0450 0.8270
vn 0.1467 -0.0334 0.9886
vn -0.2963 -0.0264 0.9547
vn -0.6808 -0.0252 0.7320
vn -0.9307 -0.0301 0.3646
vn -0.9964 -0.0402 -0.0747
vn -0.8650 -0.0534 -0.4990
vn -0.5624 -0.0672 -0.8241
vn -0.1487 -0.0788 -0.9857
vn 0.2943 -0.0858 -0.9518
vn 0.6788 -0.0870 -0.7291
vn 0.9287 -0.0821 -0.3617
vn 0.9972 -0.0742 0.0019
vn 0.8984 -0.0613 0.4349
vn 0.6214 -0.0474 0.7821
vn 0.2211 -0.0353 0.9746
vn -0.2231 -0.0273 0.9744
vn -0.6234 -0.0251 0.7815
vn -0.9004 -0.0290 0.4341
vn -0.9993 -0.0384 0.0010
vn -0.9004 -0.0512 -0.4320
vn -0.6234 -0.0651 -0.7792
vn -0.2231 -0.0772 -0.9717
vn 0.2211 -0.0852 -0.9715
vn 0.6214 -0.0874 -0.7786
vn 0.8984 -0.0835 -0.4312
vn 0.9972 -0.0742 0.0019
vn 0.8984 -0.0613 0.4349
vn 0.6214 -0.0474 0.7821
vn 0.2211 -0.0353 0.9746
vn -0.2231 -0.0273 0.9744
vn -0.6234 -0.0251 0.7815
vn -0.9004 -0.0290 0.4341
vn -0.9993 -0.0384 0.0010
vn -0.9004 -0.0512 -0.4320
vn -0.6234 -0.0651 -0.7792
vn -0.2231 -0.0772 -0.9717
vn 0.2211 -0.0852 -0.9715
vn 0.6214 -0.0874 -0.7786
vn 0.8984 -0.0835 -0.4312
vn 0.9972 -0.0742 0.0019
vn 0.8984 -0.0613 0.4349
vn 0.6214 -0.0474 0.7821
vn 0.2211 -0.0353 0.9746
vn -0.2231 -0.0273 0.9744
vn -0.6234 -0.0251 0.7815
vn -0.9004 -0.0290 0.4341
vn -0.9993 -0.0384 0.0010
vn -0.9004 -0.0512 -0.4320
vn -0.6234 -0.0651 -0.7792
vn -0.2231 -0.0772 -0.9717
vn 0.2211 -0.0852 -0.9715
vn 0.6214 -0.0874 -0.7786
vn 0.8984 -0.0835 -0.4312
vn 0.9972 -0.0742 0.0019
vn 0.8984 -0.0613 0.4349
vn 0.6214 -0.0474 0.7821
vn 0.2211 -0.0353 0.9746
vn -0.2231 -0.0273 0.9744
vn -0.6234 -0.0251 0.7815
vn -0.9004 -0.0290 0.4341
vn -0.9993 -0.0384 0.0010
vn -0.9004 -0.0512 -0.4320
vn -0.6234 -0.0651 -0.7792
vn -0.2231 -0.0772 -0.9717
vn 0.2211 -0.0852 -0.9715
vn 0.6214 -0.0874 -0.7786
vn 0.8984 -0.0835 -0.4312
vn 0.9972 -0.0742 0.0019
vn 0.8984 -0.0613 0.4349
vn 0.6214 -0.0474 0.7821
vn 0.2211 -0.0353 0.9746
vn -0.2231 -0.0273 0.9744
vn -0.6234 -0.0251 0.7815
vn -0.9004 -0.0290 0.4341
vn -0.9993 -0.0384 0.0010
vn -0.9004 -0.0512 -0.4320
vn -0.6234 -0.0651 -0.7792
vn -0.2231 -0.0772 -0.9717
vn 0.2211 -0.0852 -0.9715
vn 0.6214 -0.0874 -0.7786
vn 0.8984 -0.0835 -0.4312
vn 0.9944 -0.0759 -0.0738
vn 0.9287 -0.0635 0.3655
vn 0.6788 -0.0496 0.7326
vn 0.2943 -0.0370 0.9550
vn -0.1487 -0.0281 0.9885
vn -0.5624 -0.0249 0.8265
vn -0.8650 -0.0278 0.5011
vn -0.9964 -0.0363 0.0767
vn -0.9307 -0.0488 -0.3626
vn -0.6808 -0.0627 -0.7298
vn -0.2963 -0.0753 -0.9521
vn 0.1467 -0.0841 -0.9856
vn 0.5604 -0.0873 -0.8236
vn 0.8629 -0.0844 -0.4982
vn 0.2140 0.9750 0.0596
vn 0.1565 0.9742 0.1628
vn 0.0572 0.9733 0.2222
vn -0.0572 0.9733 0.2222
vn -0.1565 0.9742 0.1628
vn -0.2140 0.9750 0.0596
vn -0.2140 0.9750 -0.0596
vn -0.1565 0.9742 -0.1628
vn -0.0572 0.9733 -0.2222
vn 0.0572 0.9733 -0.2222
vn 0.1565 0.9742 -0.1628
vn 0.2140 0.9750 -0.0596
vn 0.4600 0.8873 0.0345
vn 0.3806 0.8851 0.2678
vn 0.1998 0.8817 0.4275
vn -0.0328 0.8803 0.4732
vn -0.2570 0.8825 0.3940
vn -0.4143 0.8859 0.2086
vn -0.4600 0.8873 -0.0345
vn -0.3806 0.8851 -0.2678
vn -0.1998 0.8817 -0.4275
vn 0.0328 0.8803 -0.4732
vn 0.2570 0.8825 -0.3940
vn 0.4143 0.8859 -0.2086
vn 0.7697 0.6383 0.0130
vn 0.6564 0.6349 0.4076
vn 0.3681 0.6281 0.6856
vn -0.0118 0.6247 0.7808
vn -0.3892 0.6279 0.6740
vn -0.6696 0.6347 0.3859
vn -0.7697 0.6383 -0.0130
vn -0.6564 0.6349 -0.4076
vn -0.3681 0.6281 -0.6856
vn 0.0118 0.6247 -0.7808
vn 0.3892 0.6279 -0.6740
vn 0.6696 0.6347 -0.3859
vn 0.9730 0.2309 0.0047
vn 0.8332 0.2295 0.5032
vn 0.4708 0.2256 0.8529
vn -0.0041 0.2232 0.9748
vn -0.4784 0.2245 0.8490
vn -0.8381 0.2283 0.4955
vn -0.9730 0.2309 -0.0047
vn -0.8332 0.2295 -0.5032
vn -0.4708 0.2256 -0.8529
vn 0.0041 0.2232 -0.9748
vn 0.4784 0.2245 -0.8490
vn 0.8381 0.2283 -0.4955
vn 0.9730 -0.2309 -0.0047
vn 0.8381 -0.2283 0.4955
vn 0.4784 -0.2245 0.8490
vn 0.0041 -0.2232 0.9748
vn -0.4708 -0.2256 0.8529
vn -0.8332 -0.2295 0.5032
vn -0.9730 -0.2309 0.0047
vn -0.8381 -0.2283 -0.4955
vn -0.4784 -0.2245 -0.8490
vn -0.0041 -0.2232 -0.9748
vn 0.4708 -0.2256 -0.8529
vn 0.8332 -0.2295 -0.5032
vn 0.7697 -0.6383 -0.0130
vn 0.6696 -0.6347 0.3859
vn 0.3892 -0.6279 0.6740
vn 0.0118 -0.6247 0.7808
vn -0.3681 -0.6281 0.6856
vn -0.6564 -0.6349 0.4076
vn -0.7697 -0.6383 0.0130
vn -0.6696 -0.6347 -0.3859
vn -0.3892 -0.6279 -0.6740
vn -0.0118 -0.6247 -0.7808
vn 0.3681 -0.6281 -0.6856
vn 0.6564 -0.6349 -0.4076
vn 0.4600 -0.8873 -0.0345
vn 0.4143 -0.8859 0.2086
vn 0.2570 -0.8825 0.3940
vn 0.0328 -0.8803 0.4732
vn -0.1998 -0.8817 0.4275
vn -0.3806 -0.8851 0.2678
vn -0.4600 -0.8873 0.0345
vn -0.4143 -0.8859 -0.2086
vn -0.2570 -0.8825 -0.3940
vn -0.0328 -0.8803 -0.4732
vn 0.1998 -0.8817 -0.4275
vn 0.3806 -0.8851 -0.2678
vn 0.2140 -0.9750 -0.0596
vn 0.2140 -0.9750 0.0596
vn 0.1565 -0.9742 0.1628
vn 0.0572 -0.9733 0.2222
vn -0.0572 -0.9733 0.2222
vn -0.1565 -0.9742 0.1628
vn -0.2140 -0.9750 0.0596
vn -0.2140 -0.9750 -0.0596
vn -0.1565 -0.9742 -0.1628
vn -0.0572 -0.9733 -0.2222
vn 0.0572 -0.9733 -0.2222
vn 0.1565 -0.9742 -0.1628
vn 0.9962 -0.0460 0.0736
vn 0.8646 -0.0663 0.4980
vn 0.5618 -0.0803 0.8234
vn 0.1476 -0.0853 0.9854
vn -0.2959 -0.0803 0.9518
vn -0.6808 -0.0662 0.7294
vn -0.9310 -0.0460 0.3622
vn -0.9967 -0.0235 -0.0771
vn -0.8652 -0.0033 -0.5015
vn -0.5623 0.0107 -0.8269
vn -0.1481 0.0157 -0.9889
vn 0.2954 0.0107 -0.9553
vn 0.6803 -0.0033 -0.7329
vn 0.9304 -0.0236 -0.3657
vn 0.9991 -0.0424 -0.0021
vn 0.9001 -0.0633 0.4310
vn 0.6228 -0.0786 0.7784
vn 0.2221 -0.0852 0.9713
vn -0.2226 -0.0819 0.9715
vn -0.6234 -0.0692 0.7789
vn -0.9007 -0.0498 0.4317
vn -0.9996 -0.0274 -0.0014
vn -0.9007 -0.0065 -0.4345
vn -0.6234 0.0088 -0.7819
vn -0.2226 0.0154 -0.9748
vn 0.2221 0.0121 -0.9749
vn 0.6228 -0.0005 -0.7824
vn 0.9001 -0.0200 -0.4352
vn 0.9991 -0.0424 -0.0021
vn 0.9001 -0.0633 0.4310
vn 0.6228 -0.0786 0.7784
vn 0.2221 -0.0852 0.9713
vn -0.2226 -0.0819 0.9715
vn -0.6234 -0.0692 0.7789
vn -0.9007 -0.0498 0.4317
vn -0.9996 -0.0274 -0.0014
vn -0.9007 -0.0065 -0.4345
vn -0.6234 0.0088 -0.7819
vn -0.2226 0.0154 -0.9748
vn 0.2221 0.0121 -0.9749
vn 0.6228 -0.0005 -0.7824
vn 0.9001 -0.0200 -0.4352
vn 0.9991 -0.0424 -0.0021
vn 0.9001 -0.0633 0.4310
vn 0.6228 -0.0786 0.7784
vn 0.2221 -0.0852 0.9713
vn -0.2226 -0.0819 0.9715
vn -0.6234 -0.0692 0.7789
vn -0.9007 -0.0498 0.4317
vn -0.9996 -0.0274 -0.0014
vn -0.9007 -0.0065 -0.4345
vn -0.6234 0.0088 -0.7819
vn -0.2226 0.0154 -0.9748
vn 0.2221 0.0121 -0.9749
vn 0.6228 -0.0005 -0.7824
vn 0.9001 -0.0200 -0.4352
vn 0.9991 -0.0424 -0.0021
vn 0.9001 -0.0633 0.4310
vn 0.6228 -0.0786 0.7784
vn 0.2221 -0.0852 0.9713
vn -0.2226 -0.0819 0.9715
vn -0.6234 -0.0692 0.7789
vn -0.9007 -0.0498 0.4317
vn -0.9996 -0.0274 -0.0014
vn -0.9007 -0.0065 -0.4345
vn -0.6234 0.0088 -0.7819
vn -0.2226 0.0154 -0.9748
vn 0.2221 0.0121 -0.9749
vn 0.6228 -0.0005 -0.7824
vn 0.9001 -0.0200 -0.4352
vn 0.9991 -0.0424 -0.0021
vn 0.9001 -0.0633 0.4310
vn 0.6228 -0.0786 0.7784
vn 0.2221 -0.0852 0.9713
vn -0.2226 -0.0819 0.9715
vn -0.6234 -0.0692 0.7789
vn -0.9007 -0.0498 0.4317
vn -0.9996 -0.0274 -0.0014
vn -0.9007 -0.0065 -0.4345
vn -0.6234 0.0088 -0.7819
vn -0.2226 0.0154 -0.9748
vn 0.2221 0.0121 -0.9749
vn 0.6228 -0.0005 -0.7824
vn 0.9001 -0.0200 -0.4352
vn 0.9962 -0.0385 -0.0778
vn 0.9304 -0.0599 0.3615
vn 0.6803 -0.0764 0.7289
vn 0.2954 -0.0847 0.9516
vn -0.1481 -0.0830 0.9855
vn -0.5623 -0.0719 0.8238
vn -0.8652 -0.0533 0.4986
vn -0.9967 -0.0311 0.0744
vn -0.9310 -0.0096 -0.3650
vn -0.6808 0.0068 -0.7324
vn -0.2959 0.0151 -0.9551
vn 0.1476 0.0135 -0.9890
vn 0.5618 0.0023 -0.8273
vn 0.8646 -0.0163 -0.5021
vn -0.0889 0.9897 0.1124
vn -0.5744 0.8123 0.1006
vn -0.9061 0.4165 0.0742
vn -0.9950 -0.0918 0.0403
vn -0.8172 -0.5763 0.0080
vn -0.4205 -0.9072 -0.0140
vn 0.0889 -0.9958 -0.0200
vn 0.5744 -0.8185 -0.0081
vn 0.9061 -0.4227 0.0183
vn 0.9950 0.0856 0.0521
vn 0.8172 0.5701 0.0844
vn 0.4205 0.9010 0.1065
vn 0.0000 0.9936 0.1129
vn -0.4995 0.8601 0.1040
vn -0.8651 0.4953 0.0796
vn -0.9989 -0.0031 0.0464
vn -0.8651 -0.5014 0.0132
vn -0.4995 -0.8663 -0.0111
vn -0.0000 -0.9998 -0.0200
vn 0.4995 -0.8663 -0.0111
vn 0.8651 -0.5014 0.0132
vn 0.9989 -0.0031 0.0464
vn 0.8651 0.4953 0.0796
vn 0.4995 0.8601 0.1040
vn 0.0000 0.9936 0.1129
vn -0.4995 0.8601 0.1040
vn -0.8651 0.4953 0.0796
vn -0.9989 -0.0031 0.0464
vn -0.8651 -0.5014 0.0132
vn -0.4995 -0.8663 -0.0111
vn -0.0000 -0.9998 -0.0200
vn 0.4995 -0.8663 -0.0111
vn 0.8651 -0.5014 0.0132
vn 0.9989 -0.0031 0.0464
vn 0.8651 0.4953 0.0796
vn 0.4995 0.8601 0.1040
vn -0.0000 0.9936 0.1129
vn -0.4995 0.8601 0.1040
vn -0.8651 0.4953 0.0796
vn -0.9989 -0.0031 0.0464
vn -0.8651 -0.5014 0.0132
vn -0.4995 -0.8663 -0.0111
vn 0.0000 -0.9998 -0.0200
vn 0.4995 -0.8663 -0.0111
vn 0.8651 -0.5014 0.0132
vn 0.9989 -0.0031 0.0464
vn 0.8651 0.4953 0.0796
vn 0.4995 0.8601 0.1040
vn 0.0000 0.9936 0.1129
vn -0.4995 0.8601 0.1040
vn -0.8651 0.4953 0.0796
vn -0.9989 -0.0031 0.0464
vn -0.8651 -0.5014 0.0132
vn -0.4995 -0.8663 -0.0111
vn 0.0000 -0.9998 -0.0200
vn 0.4995 -0.8663 -0.0111
vn 0.8651 -0.5014 0.0132
vn 0.9989 -0.0031 0.0464
vn 0.8651 0.4953 0.0796
vn 0.4995 0.8601 0.1040
vn 0.0889 0.9897 0.1124
vn -0.4205 0.9010 0.1065
vn -0.8172 0.5701 0.0844
vn -0.9950 0.0856 0.0521
vn -0.9061 -0.4227 0.0183
vn -0.5744 -0.8185 -0.0081
vn -0.0889 -0.9958 -0.0200
vn 0.4205 -0.9072 -0.0140
vn 0.8172 -0.5763 0.0080
vn 0.9950 -0.0918 0.0403
vn 0.9061 0.4165 0.0742
vn 0.5744 0.8123 0.1006
vn 0.1266 0.9919 0.0142
vn 0.0929 0.9949 0.0390
vn 0.0341 0.9980 0.0535
vn -0.0341 0.9980 0.0535
vn -0.0929 0.9949 0.0390
vn -0.1266 0.9919 0.0142
vn -0.1266 0.9919 -0.0142
vn -0.0929 0.9949 -0.0390
vn -0.0341 0.9980 -0.0535
vn 0.0341 0.9980 -0.0535
vn 0.0929 0.9949 -0.0390
vn 0.1266 0.9919 -0.0142
vn 0.3123 0.9499 0.0098
vn 0.2629 0.9618 0.0759
vn 0.1413 0.9821 0.1246
vn -0.0250 0.9900 0.1391
vn -0.1824 0.9767 0.1133
vn -0.2844 0.9569 0.0581
vn -0.3123 0.9499 -0.0098
vn -0.2629 0.9618 -0.0759
vn -0.1413 0.9821 -0.1246
vn 0.0250 0.9900 -0.1391
vn 0.1824 0.9767 -0.1133
vn 0.2844 0.9569 -0.0581
vn 0.6822 0.7311 0.0086
vn 0.6211 0.7655 0.1682
vn 0.3911 0.8584 0.3319
vn -0.0412 0.9153 0.4006
vn -0.4319 0.8489 0.3045
vn -0.6293 0.7631 0.1470
vn -0.6822 0.7311 -0.0086
vn -0.6211 0.7655 -0.1682
vn -0.3911 0.8584 -0.3319
vn 0.0412 0.9153 -0.4006
vn 0.4319 0.8489 -0.3045
vn 0.6293 0.7631 -0.1470
vn 1.0000 -0.0000 -0.0000
vn 0.9688 -0.0180 0.2474
vn 0.7844 -0.0402 0.6189
vn -0.0000 0.0000 1.0000
vn -0.7844 0.0402 0.6189
vn -0.9688 0.0180 0.2474
vn -1.0000 -0.0000 0.0000
vn -0.9688 -0.0180 -0.2474
vn -0.7844 -0.0402 -0.6189
vn -0.0000 0.0000 -1.0000
vn 0.7844 0.0402 -0.6189
vn 0.9688 0.0180 -0.2474
vn 0.6822 -0.7311 -0.0086
vn 0.6293 -0.7631 0.1470
vn 0.4319 -0.8489 0.3045
vn 0.0412 -0.9153 0.4006
vn -0.3911 -0.8584 0.3319
vn -0.6211 -0.7655 0.1682
vn -0.6822 -0.7311 0.0086
vn -0.6293 -0.7631 -0.1470
vn -0.4319 -0.8489 -0.3045
vn -0.0412 -0.9153 -0.4006
vn 0.3911 -0.8584 -0.3319
vn 0.6211 -0.7655 -0.1682
vn 0.3123 -0.9499 -0.0098
vn 0.2844 -0.9569 0.0581
vn 0.1824 -0.9767 0.1133
vn 0.0250 -0.9900 0.1391
vn -0.1413 -0.9821 0.1246
vn -0.2629 -0.9618 0.0759
vn -0.3123 -0.9499 0.0098
vn -0.2844 -0.9569 -0.0581
vn -0.1824 -0.9767 -0.1133
vn -0.0250 -0.9900 -0.1391
vn 0.1413 -0.9821 -0.1246
vn 0.2629 -0.9618 -0.0759
vn 0.1266 -0.9919 -0.0142
vn 0.1266 -0.9919 0.0142
vn 0.0929 -0.9949 0.0390
vn 0.0341 -0.9980 0.0535
vn -0.0341 -0.9980 0.0535
vn -0.0929 -0.9949 0.0390
vn -0.1266 -0.9919 0.0142
vn -0.1266 -0.9919 -0.0142
vn -0.0929 -0.9949 -0.0390
vn -0.0341 -0.9980 -0.0535
vn 0.0341 -0.9980 -0.0535
vn 0.0929 -0.9949 -0.0390
vn 0.9964 -0.0363 0.0767
vn 0.8650 -0.0278 0.5011
vn 0.5624 -0.0249 0.8265
vn 0.1487 -0.0281 0.9885
vn -0.2943 -0.0370 0.9550
vn -0.6788 -0.0496 0.7326
vn -0.9287 -0.0635 0.3655
vn -0.9944 -0.0759 -0.0738
vn -0.8629 -0.0844 -0.4982
vn -0.5604 -0.0873 -0.8236
vn -0.1467 -0.0841 -0.9856
vn 0.2963 -0.0753 -0.9521
vn 0.6808 -0.0627 -0.7298
vn 0.9307 -0.0488 -0.3626
vn 0.9993 -0.0384 0.0010
vn 0.9004 -0.0290 0.4341
vn 0.6234 -0.0251 0.7815
vn 0.2231 -0.0273 0.9744
vn -0.2211 -0.0353 0.9746
vn -0.6214 -0.0474 0.7821
vn -0.8984 -0.0613 0.4349
vn -0.9972 -0.0742 0.0019
vn -0.8984 -0.0835 -0.4312
vn -0.6214 -0.0874 -0.7786
vn -0.2211 -0.0852 -0.9715
vn 0.2231 -0.0772 -0.9717
vn 0.6234 -0.0651 -0.7792
vn 0.9004 -0.0512 -0.4320
vn 0.9993 -0.0384 0.0010
vn 0.9004 -0.0290 0.4341
vn 0.6234 -0.0251 0.7815
vn 0.2231 -0.0273 0.9744
vn -0.2211 -0.0353 0.9746
vn -0.6214 -0.0474 0.7821
vn -0.8984 -0.0613 0.4349
vn -0.9972 -0.0742 0.0019
vn -0.8984 -0.0835 -0.4312
vn -0.6214 -0.0874 -0.7786
vn -0.2211 -0.0852 -0.9715
vn 0.2231 -0.0772 -0.9717
vn 0.6234 -0.0651 -0.7792
vn 0.9004 -0.0512 -0.4320
vn 0.9993 -0.0384 0.0010
vn 0.9004 -0.0290 0.4341
vn 0.6234 -0.0251 0.7815
vn 0.2231 -0.0273 0.9744
vn -0.2211 -0.0353 0.9746
vn -0.6214 -0.0474 0.7821
vn -0.8984 -0.0613 0.4349
vn -0.9972 -0.0742 0.0019
vn -0.8984 -0.0835 -0.4312
vn -0.6214 -0.0874 -0.7786
vn -0.2211 -0.0852 -0.9715
vn 0.2231 -0.0772 -0.9717
vn 0.6234 -0.0651 -0.7792
vn 0.9004 -0.0512 -0.4320
vn 0.9993 -0.0384 0.0010
vn 0.9004 -0.0290 0.4341
vn 0.6234 -0.0251 0.7815
vn 0.2231 -0.0273 0.9744
vn -0.2211 -0.0353 0.9746
vn -0.6214 -0.0474 0.7821
vn -0.8984 -0.0613 0.4349
vn -0.9972 -0.0742 0.0019
vn -0.8984 -0.0835 -0.4312
vn -0.6214 -0.0874 -0.7786
vn -0.2211 -0.0852 -0.9715
vn 0.2231 -0.0772 -0.9717
vn 0.6234 -0.0651 -0.7792
vn 0.9004 -0.0512 -0.4320
vn 0.9993 -0.0384 0.0010
vn 0.9004 -0.0290 0.4341
vn 0.6234 -0.0251 0.7815
vn 0.2231 -0.0273 0.9744
vn -0.2211 -0.0353 0.9746
vn -0.6214 -0.0474 0.7821
vn -0.8984 -0.0613 0.4349
vn -0.9972 -0.0742 0.0019
vn -0.8984 -0.0835 -0.4312
vn -0.6214 -0.0874 -0.7786
vn -0.2211 -0.0852 -0.9715
vn 0.2231 -0.0772 -0.9717
vn 0.6234 -0.0651 -0.7792
vn 0.9004 -0.0512 -0.4320
vn 0.9964 -0.0402 -0.0747
vn 0.9307 -0.0301 0.3646
vn 0.6808 -0.0252 0.7320
vn 0.2963 -0.0264 0.9547
vn -0.1467 -0.0334 0.9886
vn -0.5604 -0.0450 0.8270
vn -0.8629 -0.0588 0.5019
vn -0.9944 -0.0720 0.0776
vn -0.9287 -0.0821 -0.3617
vn -0.6788 -0.0870 -0.7291
vn -0.2943 -0.0858 -0.9518
vn 0.1487 -0.0788 -0.9857
vn 0.5624 -0.0672 -0.8241
vn 0.8650 -0.0534 -0.4990
vn 0.2140 0.9750 0.0596
vn 0.1565 0.9742 0.1628
vn 0.0572 0.9733 0.2222
vn -0.0572 0.9733 0.2222
vn -0.1565 0.9742 0.1628
vn -0.2140 0.9750 0.0596
vn -0.2140 0.9750 -0.0596
vn -0.1565 0.9742 -0.1628
vn -0.0572 0.9733 -0.2222
vn 0.0572 0.9733 -0.2222
vn 0.1565 0.9742 -0.1628
vn 0.2140 0.9750 -0.0596
vn 0.4600 0.8873 0.0345
vn 0.3806 0.8851 0.2678
vn 0.1998 0.8817 0.4275
vn -0.0328 0.8803 0.4732
vn -0.2570 0.8825 0.3940
vn -0.4143 0.8859 0.2086
vn -0.4600 0.8873 -0.0345
vn -0.3806 0.8851 -0.2678
vn -0.1998 0.8817 -0.4275
vn 0.0328 0.8803 -0.4732
vn 0.2570 0.8825 -0.3940
vn 0.4143 0.8859 -0.2086
vn 0.7697 0.6383 0.0130
vn 0.6564 0.6349 0.4076
vn 0.3681 0.6281 0.6856
vn -0.0118 0.6247 0.7808
vn -0.3892 0.6279 0.6740
vn -0.6696 0.6347 0.3859
vn -0.7697 0.6383 -0.0130
vn -0.6564 0.6349 -0.4076
vn -0.3681 0.6281 -0.6856
vn 0.0118 0.6247 -0.7808
vn 0.3892 0.6279 -0.6740
vn 0.6696 0.6347 -0.3859
vn 0.9730 0.2309 0.0047
vn 0.8332 0.2295 0.5032
vn 0.4708 0.2256 0.8529
vn -0.0041 0.2232 0.9748
vn -0.4784 0.2245 0.8490
vn -0.8381 0.2283 0.4955
vn -0.9730 0.2309 -0.0047
vn -0.8332 0.2295 -0.5032
vn -0.4708 0.2256 -0.8529
vn 0.0041 0.2232 -0.9748
vn 0.4784 0.2245 -0.8490
vn 0.8381 0.2283 -0.4955
vn 0.9730 -0.2309 -0.0047
vn 0.8381 -0.2283 0.4955
vn 0.4784 -0.2245 0.8490
vn 0.0041 -0.2232 0.9748
vn -0.4708 -0.2256 0.8529
vn -0.8332 -0.2295 0.5032
vn -0.9730 -0.2309 0.0047
vn -0.8381 -0.2283 -0.4955
vn -0.4784 -0.2245 -0.8490
vn -0.0041 -0.2232 -0.9748
vn 0.4708 -0.2256 -0.8529
vn 0.8332 -0.2295 -0.5032
vn 0.7697 -0.6383 -0.0130
vn 0.6696 -0.6347 0.3859
vn 0.3892 -0.6279 0.6740
vn 0.0118 -0.6247 0.7808
vn -0.3681 -0.6281 0.6856
vn -0.6564 -0.6349 0.4076
vn -0.7697 -0.6383 0.0130
vn -0.6696 -0.6347 -0.3859
vn -0.3892 -0.6279 -0.6740
vn -0.0118 -0.6247 -0.7808
vn 0.3681 -0.6281 -0.6856
vn 0.6564 -0.6349 -0.4076
vn 0.4600 -0.8873 -0.0345
vn 0.4143 -0.8859 0.2086
vn 0.2570 -0.8825 0.3940
vn 0.0328 -0.8803 0.4732
vn -0.1998 -0.8817 0.4275
vn -0.3806 -0.8851 0.2678
vn -0.4600 -0.8873 0.0345
vn -0.4143 -0.8859 -0.2086
vn -0.2570 -0.8825 -0.3940
vn -0.0328 -0.8803 -0.4732
vn 0.1998 -0.8817 -0.4275
vn 0.3806 -0.8851 -0.2678
vn 0.2140 -0.9750 -0.0596
vn 0.2140 -0.9750 0.0596
vn 0.1565 -0.9742 0.1628
vn 0.0572 -0.9733 0.2222
vn -0.0572 -0.9733 0.2222
vn -0.1565 -0.9742 0.1628
vn -0.2140 -0.9750 0.0596
vn -0.2140 -0.9750 -0.0596
vn -0.1565 -0.9742 -0.1628
vn -0.0572 -0.9733 -0.2222
vn 0.0572 -0.9733 -0.2222
vn 0.1565 -0.9742 -0.1628
vn 0.9967 -0.0311 0.0744
vn 0.8652 -0.0533 0.4986
vn 0.5623 -0.0719 0.8238
vn 0.1481 -0.0830 0.9855
vn -0.2954 -0.0847 0.9516
vn -0.6803 -0.0764 0.7289
vn -0.9304 -0.0599 0.3615
vn -0.9962 -0.0385 -0.0778
vn -0.8646 -0.0163 -0.5021
vn -0.5618 0.0023 -0.8273
vn -0.1476 0.0135 -0.9890
vn 0.2959 0.0151 -0.9551
vn 0.6808 0.0068 -0.7324
vn 0.9310 -0.0096 -0.3650
vn 0.9996 -0.0274 -0.0014
vn 0.9007 -0.0498 0.4317
vn 0.6234 -0.0692 0.7789
vn 0.2226 -0.0819 0.9715
vn -0.2221 -0.0852 0.9713
vn -0.6228 -0.0786 0.7784
vn -0.9001 -0.0633 0.4310
vn -0.9991 -0.0424 -0.0021
vn -0.9001 -0.0200 -0.4352
vn -0.6228 -0.0005 -0.7824
vn -0.2221 0.0121 -0.9749
vn 0.2226 0.0154 -0.9748
vn 0.6234 0.0088 -0.7819
vn 0.9007 -0.0065 -0.4345
vn 0.9996 -0.0274 -0.0014
vn 0.9007 -0.0498 0.4317
vn 0.6234 -0.0692 0.7789
vn 0.2226 -0.0819 0.9715
vn -0.2221 -0.0852 0.9713
vn -0.6228 -0.0786 0.7784
vn -0.9001 -0.0633 0.4310
vn -0.9991 -0.0424 -0.0021
vn -0.9001 -0.0200 -0.4352
vn -0.6228 -0.0005 -0.7824
vn -0.2221 0.0121 -0.9749
vn 0.2226 0.0154 -0.9748
vn 0.6234 0.0088 -0.7819
vn 0.9007 -0.0065 -0.4345
vn 0.9996 -0.0274 -0.0014
vn 0.9007 -0.0498 0.4317
vn 0.6234 -0.0692 0.7789
vn 0.2226 -0.0819 0.9715
vn -0.2221 -0.0852 0.9713
vn -0.6228 -0.0786 0.7784
vn -0.9001 -0.0633 0.4310
vn -0.9991 -0.0424 -0.0021
vn -0.9001 -0.0200 -0.4352
vn -0.6228 -0.0005 -0.7824
vn -0.2221 0.0121 -0.9749
vn 0.2226 0.0154 -0.9748
vn 0.6234 0.0088 -0.7819
vn 0.9007 -0.0065 -0.4345
vn 0.9996 -0.0274 -0.0014
vn 0.9007 -0.0498 0.4317
vn 0.6234 -0.0692 0.7789
vn 0.2226 -0.0819 0.9715
vn -0.2221 -0.0852 0.9713
vn -0.6228 -0.0786 0.7784
vn -0.9001 -0.0633 0.4310
vn -0.9991 -0.0424 -0.0021
vn -0.9001 -0.0200 -0.4352
vn -0.6228 -0.0005 -0.7824
vn -0.2221 0.0121 -0.9749
vn 0.2226 0.0154 -0.9748
vn 0.6234 0.0088 -0.7819
vn 0.9007 -0.0065 -0.4345
vn 0.9996 -0.0274 -0.0014
vn 0.9007 -0.0498 0.4317
vn 0.6234 -0.0692 0.7789
vn 0.2226 -0.0819 0.9715
vn -0.2221 -0.0852 0.9713
vn -0.6228 -0.0786 0.7784
vn -0.9001 -0.0633 0.4310
vn -0.9991 -0.0424 -0.0021
vn -0.9001 -0.0200 -0.4352
vn -0.6228 -0.0005 -0.7824
vn -0.2221 0.0121 -0.9749
vn 0.2226 0.0154 -0.9748
vn 0.6234 0.0088 -0.7819
vn 0.9007 -0.0065 -0.4345
vn 0.9967 -0.0235 -0.0771
vn 0.9310 -0.0460 0.3622
vn 0.6808 -0.0662 0.7294
vn 0.2959 -0.0803 0.9518
vn -0.1476 -0.0853 0.9854
vn -0.5618 -0.0803 0.8234
vn -0.8646 -0.0663 0.4980
vn -0.9962 -0.0460 0.0736
vn -0.9304 -0.0236 -0.3657
vn -0.6803 -0.0033 -0.7329
vn -0.2954 0.0107 -0.9553
vn 0.1481 0.0157 -0.9889
vn 0.5623 0.0107 -0.8269
vn 0.8652 -0.0033 -0.5015
vn -0.0889 0.9897 0.1124
vn -0.5744 0.8123 0.1006
vn -0.9061 0.4165 0.0742
vn -0.9950 -0.0918 0.0403
vn -0.8172 -0.5763 0.0080
vn -0.4205 -0.9072 -0.0140
vn 0.0889 -0.9958 -0.0200
vn 0.5744 -0.8185 -0.0081
vn 0.9061 -0.4227 0.0183
vn 0.9950 0.0856 0.0521
vn 0.8172 0.5701 0.0844
vn 0.4205 0.9010 0.1065
vn 0.0000 0.9936 0.1129
vn -0.4995 0.8601 0.1040
vn -0.8651 0.4953 0.0796
vn -0.9989 -0.0031 0.0464
vn -0.8651 -0.5014 0.0132
vn -0.4995 -0.8663 -0.0111
vn -0.0000 -0.9998 -0.0200
vn 0.4995 -0.8663 -0.0111
vn 0.8651 -0.5014 0.0132
vn 0.9989 -0.0031 0.0464
vn 0.8651 0.4953 0.0796
vn 0.4995 0.8601 0.1040
vn 0.0000 0.9936 0.1129
vn -0.4995 0.8601 0.1040
vn -0.8651 0.4953 0.0796
vn -0.9989 -0.0031 0.0464
vn -0.8651 -0.5014 0.0132
vn -0.4995 -0.8663 -0.0111
vn -0.0000 -0.9998 -0.0200
vn 0.4995 -0.8663 -0.0111
vn 0.8651 -0.5014 0.0132
vn 0.9989 -0.0031 0.0464
vn 0.8651 0.4953 0.0796
vn 0.4995 0.8601 0.1040
vn -0.0000 0.9936 0.1129
vn -0.4995 0.8601 0.1040
vn -0.8651 0.4953 0.0796
vn -0.9989 -0.0031 0.0464
vn -0.8651 -0.5014 0.0132
vn -0.4995 -0.8663 -0.0111
vn 0.0000 -0.9998 -0.0200
vn 0.4995 -0.8663 -0.0111
vn 0.8651 -0.5014 0.0132
vn 0.9989 -0.0031 0.0464
vn 0.8651 0.4953 0.0796
vn 0.4995 0.8601 0.1040
vn 0.0000 0.9936 0.1129
vn -0.4995 0.8601 0.1040
vn -0.8651 0.4953 0.0796
vn -0.9989 -0.0031 0.0464
vn -0.8651 -0.5014 0.0132
vn -0.4995 -0.8663 -0.0111
vn 0.0000 -0.9998 -0.0200
vn 0.4995 -0.8663 -0.0111
vn 0.8651 -0.5014 0.0132
vn 0.9989 -0.0031 0.0464
vn 0.8651 0.4953 0.0796
vn 0.4995 0.8601 0.1040
vn 0.0889 0.9897 0.1124
vn -0.4205 0.9010 0.1065
vn -0.8172 0.5701 0.0844
vn -0.9950 0.0856 0.0521
vn -0.9061 -0.4227 0.0183
vn -0.5744 -0.8185 -0.0081
vn -0.0889 -0.9958 -0.0200
vn 0.4205 -0.9072 -0.0140
vn 0.8172 -0.5763 0.0080
vn 0.9950 -0.0918 0.0403
vn 0.9061 0.4165 0.0742
vn 0.5744 0.8123 0.1006
vn 0.1266 0.9919 0.0142
vn 0.0929 0.9949 0.0390
vn 0.0341 0.9980 0.0535
vn -0.0341 0.9980 0.0535
vn -0.0929 0.9949 0.0390
vn -0.1266 0.9919 0.0142
vn -0.1266 0.9919 -0.0142
vn -0.0929 0.9949 -0.0390
vn -0.0341 0.9980 -0.0535
vn 0.0341 0.9980 -0.0535
vn 0.0929 0.9949 -0.0390
vn 0.1266 0.9919 -0.0142
vn 0.3123 0.9499 0.0098
vn 0.2629 0.9618 0.0759
vn 0.1413 0.9821 0.1246
vn -0.0250 0.9900 0.1391
vn -0.1824 0.9767 0.1133
vn -0.2844 0.9569 0.0581
vn -0.3123 0.9499 -0.0098
vn -0.2629 0.9618 -0.0759
vn -0.1413 0.9821 -0.1246
vn 0.0250 0.9900 -0.1391
vn 0.1824 0.9767 -0.1133
vn 0.2844 0.9569 -0.0581
vn 0.6822 0.7311 0.0086
vn 0.6211 0.7655 0.1682
vn 0.3911 0.8584 0.3319
vn -0.0412 0.9153 0.4006
vn -0.4319 0.8489 0.3045
vn -0.6293 0.7631 0.1470
vn -0.6822 0.7311 -0.0086
vn -0.6211 0.7655 -0.1682
vn -0.3911 0.8584 -0.3319
vn 0.0412 0.9153 -0.4006
vn 0.4319 0.8489 -0.3045
vn 0.6293 0.7631 -0.1470
vn 1.0000 -0.0000 -0.0000
vn 0.9688 -0.0180 0.2474
vn 0.7844 -0.0402 0.6189
vn -0.0000 0.0000 1.0000
vn -0.7844 0.0402 0.6189
vn -0.9688 0.0180 0.2474
vn -1.0000 -0.0000 0.0000
vn -0.9688 -0.0180 -0.2474
vn -0.7844 -0.0402 -0.6189
vn -0.0000 0.0000 -1.0000
vn 0.7844 0.0402 -0.6189
vn 0.9688 0.0180 -0.2474
vn 0.6822 -0.7311 -0.0086
vn 0.6293 -0.7631 0.1470
vn 0.4319 -0.8489 0.3045
vn 0.0412 -0.9153 0.4006
vn -0.3911 -0.8584 0.3319
vn -0.6211 -0.7655 0.1682
vn -0.6822 -0.7311 0.0086
vn -0.6293 -0.7631 -0.1470
vn -0.4319 -0.8489 -0.3045
vn -0.0412 -0.9153 -0.4006
vn 0.3911 -0.8584 -0.3319
vn 0.6211 -0.7655 -0.1682
vn 0.3123 -0.9499 -0.0098
vn 0.2844 -0.9569 0.0581
vn 0.1824 -0.9767 0.1133
vn 0.0250 -0.9900 0.1391
vn -0.1413 -0.9821 0.1246
vn -0.2629 -0.9618 0.0759
vn -0.3123 -0.9499 0.0098
vn -0.2844 -0.9569 -0.0581
vn -0.1824 -0.9767 -0.1133
vn -0.0250 -0.9900 -0.1391
vn 0.1413 -0.9821 -0.1246
vn 0.2629 -0.9618 -0.0759
vn 0.1266 -0.9919 -0.0142
vn 0.1266 -0.9919 0.0142
vn 0.0929 -0.9949 0.0390
vn 0.0341 -0.9980 0.0535
vn -0.0341 -0.9980 0.0535
vn -0.0929 -0.9949 0.0390
vn -0.1266 -0.9919 0.0142
vn -0.1266 -0.9919 -0.0142
vn -0.0929 -0.9949 -0.0390
vn -0.0341 -0.9980 -0.0535
vn 0.0341 -0.9980 -0.0535
vn 0.0929 -0.9949 -0.0390
vt 0.0000 1.0000
vt 0.0500 1.0000
vt 0.0500 0.9286
vt 0.0000 0.9286
vt 0.0500 1.0000
vt 0.1000 1.0000
vt 0.1000 0.9286
vt 0.0500 0.9286
vt 0.1000 1.0000
vt 0.1500 1.0000
vt 0.1500 0.9286
vt 0.1000 0.9286
vt 0.1500 1.0000
vt 0.2000 1.0000
vt 0.2000 0.9286
vt 0.1500 0.9286
vt 0.2000 1.0000
vt 0.2500 1.0000
vt 0.2500 0.9286
vt 0.2000 0.9286
vt 0.2500 1.0000
vt 0.3000 1.0000
vt 0.3000 0.9286
vt 0.2500 0.9286
vt 0.3000 1.0000
vt 0.3500 1.0000
vt 0.3500 0.9286
vt 0.3000 0.9286
vt 0.3500 1.0000
vt 0.4000 1.0000
vt 0.4000 0.9286
vt 0.3500 0.9286
vt 0.4000 1.0000
vt 0.4500 1.0000
vt 0.4500 0.9286
vt 0.4000 0.9286
vt 0.4500 1.0000
vt 0.5000 1.0000
vt 0.5000 0.9286
vt 0.4500 0.9286
vt 0.5000 1.0000
vt 0.5500 1.0000
vt 0.5500 0.9286
vt 0.5000 0.9286
vt 0.5500 1.0000
vt 0.6000 1.0000
vt 0.6000 0.9286
vt 0.5500 0.9286
vt 0.6000 1.0000
vt 0.6500 1.0000
vt 0.6500 0.9286
vt 0.6000 0.9286
vt 0.6500 1.0000
vt 0.7000 1.0000
vt 0.7000 0.9286
vt 0.6500 0.9286
vt 0.7000 1.0000
vt 0.7500 1.0000
vt 0.7500 0.9286
vt 0.7000 0.9286
vt 0.7500 1.0000
vt 0.8000 1.0000
vt 0.8000 0.9286
vt 0.7500 0.9286
vt 0.8000 1.0000
vt 0.8500 1.0000
vt 0.8500 0.9286
vt 0.8000 0.9286
vt 0.8500 1.0000
vt 0.9000 1.0000
vt 0.9000 0.9286
vt 0.8500 0.9286
vt 0.9000 1.0000
vt 0.9500 1.0000
vt 0.9500 0.9286
vt 0.9000 0.9286
vt 0.9500 1.0000
vt 1.0000 1.0000
vt 1.0000 0.9286
vt 0.9500 0.9286
vt 0.0000 0.9286
vt 0.0500 0.9286
vt 0.0500 0.8571
vt 0.0000 0.8571
vt 0.0500 0.9286
vt 0.1000 0.9286
vt 0.1000 0.8571
vt 0.0500 0.8571
vt 0.1000 0.9286
vt 0.1500 0.9286
vt 0.1500 0.8571
vt 0.1000 0.8571
vt 0.1500 0.9286
vt 0.2000 0.9286
vt 0.2000 0.8571
vt 0.1500 0.8571
vt 0.2000 0.9286
vt 0.2500 0.9286
vt 0.2500 0.8571
vt 0.2000 0.8571
vt 0.2500 0.9286
vt 0.3000 0.9286
vt 0.3000 0.8571
vt 0.2500 0.8571
vt 0.3000 0.9286
vt 0.3500 0.9286
vt 0.3500 0.8571
vt 0.3000 0.8571
vt 0.3500 0.9286
vt 0.4000 0.9286
vt 0.4000 0.8571
vt 0.3500 0.8571
vt 0.4000 0.9286
vt 0.4500 0.9286
vt 0.4500 0.8571
vt 0.4000 0.8571
vt 0.4500 0.9286
vt 0.5000 0.9286
vt 0.5000 0.8571
vt 0.4500 0.8571
vt 0.5000 0.9286
vt 0.5500 0.9286
vt 0.5500 0.8571
vt 0.5000 0.8571
vt 0.5500 0.9286
vt 0.6000 0.9286
vt 0.6000 0.8571
vt 0.5500 0.8571
vt 0.6000 0.9286
vt 0.6500 0.9286
vt 0.6500 0.8571
vt 0.6000 0.8571
vt 0.6500 0.9286
vt 0.7000 0.9286
vt 0.7000 0.8571
vt 0.6500 0.8571
vt 0.7000 0.9286
vt 0.7500 0.9286
vt 0.7500 0.8571
vt 0.7000 0.8571
vt 0.7500 0.9286
vt 0.8000 0.9286
vt 0.8000 0.8571
vt 0.7500 0.8571
vt 0.8000 0.9286
vt 0.8500 0.9286
vt 0.8500 0.8571
vt 0.8000 0.8571
vt 0.8500 0.9286
vt 0.9000 0.9286
vt 0.9000 0.8571
vt 0.8500 0.8571
vt 0.9000 0.9286
vt 0.9500 0.9286
vt 0.9500 0.8571
vt 0.9000 0.8571
vt 0.9500 0.9286
vt 1.0000 0.9286
vt 1.0000 0.8571
vt 0.9500 0.8571
vt 0.0000 0.8571
vt 0.0500 0.8571
vt 0.0500 0.7857
vt 0.0000 0.7857
vt 0.0500 0.8571
vt 0.1000 0.8571
vt 0.1000 0.7857
vt 0.0500 0.7857
vt 0.1000 0.8571
vt 0.1500 0.8571
vt 0.1500 0.7857
vt 0.1000 0.7857
vt 0.1500 0.8571
vt 0.2000 0.8571
vt 0.2000 0.7857
vt 0.1500 0.7857
vt 0.2000 0.8571
vt 0.2500 0.8571
vt 0.2500 0.7857
vt 0.2000 0.7857
vt 0.2500 0.8571
vt 0.3000 0.8571
vt 0.3000 0.7857
vt 0.2500 0.7857
vt 0.3000 0.8571
vt 0.3500 0.8571
vt 0.3500 0.7857
vt 0.3000 0.7857
vt 0.3500 0.8571
vt 0.4000 0.8571
vt 0.4000 0.7857
vt 0.3500 0.7857
vt 0.4000 0.8571
vt 0.4500 0.8571
vt 0.4500 0.7857
vt 0.4000 0.7857
vt 0.4500 0.8571
vt 0.5000 0.8571
vt 0.5000 0.7857
vt 0.4500 0.7857
vt 0.5000 0.8571
vt 0.5500 0.8571
vt 0.5500 0.7857
vt 0.5000 0.7857
vt 0.5500 0.8571
vt 0.6000 0.8571
vt 0.6000 0.7857
vt 0.5500 0.7857
vt 0.6000 0.8571
vt 0.6500 0.8571
vt 0.6500 0.7857
vt 0.6000 0.7857
vt 0.6500 0.8571
vt 0.7000 0.8571
vt 0.7000 0.7857
vt 0.6500 0.7857
vt 0.7000 0.8571
vt 0.7500 0.8571
vt 0.7500 0.7857
vt 0.7000 0.7857
vt 0.7500 0.8571
vt 0.8000 0.8571
vt 0.8000 0.7857
vt 0.7500 0.7857
vt 0.8000 0.8571
vt 0.8500 0.8571
vt 0.8500 0.7857
vt 0.8000 0.7857
vt 0.8500 0.8571
vt 0.9000 0.8571
vt 0.9000 0.7857
vt 0.8500 0.7857
vt 0.9000 0.8571
vt 0.9500 0.8571
vt 0.9500 0.7857
vt 0.9000 0.7857
vt 0.9500 0.8571
vt 1.0000 0.8571
vt 1.0000 0.7857
vt 0.9500 0.7857
vt 0.0000 0.7857
vt 0.0500 0.7857
vt 0.0500 0.7143
vt 0.0000 0.7143
vt 0.0500 0.7857
vt 0.1000 0.7857
vt 0.1000 0.7143
vt 0.0500 0.7143
vt 0.1000 0.7857
vt 0.1500 0.7857
vt 0.1500 0.7143
vt 0.1000 0.7143
vt 0.1500 0.7857
vt 0.2000 0.7857
vt 0.2000 0.7143
vt 0.1500 0.7143
vt 0.2000 0.7857
vt 0.2500 0.7857
vt 0.2500 0.7143
vt 0.2000 0.7143
vt 0.2500 0.7857
vt 0.3000 0.7857
vt 0.3000 0.7143
vt 0.2500 0.7143
vt 0.3000 0.7857
vt 0.3500 0.7857
vt 0.3500 0.7143
vt 0.3000 0.7143
vt 0.3500 0.7857
vt 0.4000 0.7857
vt 0.4000 0.7143
vt 0.3500 0.7143
vt 0.4000 0.7857
vt 0.4500 0.7857
vt 0.4500 0.7143
vt 0.4000 0.7143
vt 0.4500 0.7857
vt 0.5000 0.7857
vt 0.5000 0.7143
vt 0.4500 0.7143
vt 0.5000 0.7857
vt 0.5500 0.7857
vt 0.5500 0.7143
vt 0.5000 0.7143
vt 0.5500 0.7857
vt 0.6000 0.7857
vt 0.6000 0.7143
vt 0.5500 0.7143
vt 0.6000 0.7857
vt 0.6500 0.7857
vt 0.6500 0.7143
vt 0.6000 0.7143
vt 0.6500 0.7857
vt 0.7000 0.7857
vt 0.7000 0.7143
vt 0.6500 0.7143
vt 0.7000 0.7857
vt 0.7500 0.7857
vt 0.7500 0.7143
vt 0.7000 0.7143
vt 0.7500 0.7857
vt 0.8000 0.7857
vt 0.8000 0.7143
vt 0.7500 0.7143
vt 0.8000 0.7857
vt 0.8500 0.7857
vt 0.8500 0.7143
vt 0.8000 0.7143
vt 0.8500 0.7857
vt 0.9000 0.7857
vt 0.9000 0.7143
vt 0.8500 0.7143
vt 0.9000 0.7857
vt 0.9500 0.7857
vt 0.9500 0.7143
vt 0.9000 0.7143
vt 0.9500 0.7857
vt 1.0000 0.7857
vt 1.0000 0.7143
vt 0.9500 0.7143
vt 0.0000 0.7143
vt 0.0500 0.7143
vt 0.0500 0.6429
vt 0.0000 0.6429
vt 0.0500 0.7143
vt 0.1000 0.7143
vt 0.1000 0.6429
vt 0.0500 0.6429
vt 0.1000 0.7143
vt 0.1500 0.7143
vt 0.1500 0.6429
vt 0.1000 0.6429
vt 0.1500 0.7143
vt 0.2000 0.7143
vt 0.2000 0.6429
vt 0.1500 0.6429
vt 0.2000 0.7143
vt 0.2500 0.7143
vt 0.2500 0.6429
vt 0.2000 0.6429
vt 0.2500 0.7143
vt 0.3000 0.7143
vt 0.3000 0.6429
vt 0.2500 0.6429
vt 0.3000 0.7143
vt 0.3500 0.7143
vt 0.3500 0.6429
vt 0.3000 0.6429
vt 0.3500 0.7143
vt 0.4000 0.7143
vt 0.4000 0.6429
vt 0.3500 0.6429
vt 0.4000 0.7143
vt 0.4500 0.7143
vt 0.4500 0.6429
vt 0.4000 0.6429
vt 0.4500 0.7143
vt 0.5000 0.7143
vt 0.5000 0.6429
vt 0.4500 0.6429
vt 0.5000 0.7143
vt 0.5500 0.7143
vt 0.5500 0.6429
vt 0.5000 0.6429
vt 0.5500 0.7143
vt 0.6000 0.7143
vt 0.6000 0.6429
vt 0.5500 0.6429
vt 0.6000 0.7143
vt 0.6500 0.7143
vt 0.6500 0.6429
vt 0.6000 0.6429
vt 0.6500 0.7143
vt 0.7000 0.7143
vt 0.7000 0.6429
vt 0.6500 0.6429
vt 0.7000 0.7143
vt 0.7500 0.7143
vt 0.7500 0.6429
vt 0.7000 0.6429
vt 0.7500 0.7143
vt 0.8000 0.7143
vt 0.8000 0.6429
vt 0.7500 0.6429
vt 0.8000 0.7143
vt 0.8500 0.7143
vt 0.8500 0.6429
vt 0.8000 0.6429
vt 0.8500 0.7143
vt 0.9000 0.7143
vt 0.9000 0.6429
vt 0.8500 0.6429
vt 0.9000 0.7143
vt 0.9500 0.7143
vt 0.9500 0.6429
vt 0.9000 0.6429
vt 0.9500 0.7143
vt 1.0000 0.7143
vt 1.0000 0.6429
vt 0.9500 0.6429
vt 0.0000 0.6429
vt 0.0500 0.6429
vt 0.0500 0.5714
vt 0.0000 0.5714
vt 0.0500 0.6429
vt 0.1000 0.6429
vt 0.1000 0.5714
vt 0.0500 0.5714
vt 0.1000 0.6429
vt 0.1500 0.6429
vt 0.1500 0.5714
vt 0.1000 0.5714
vt 0.1500 0.6429
vt 0.2000 0.6429
vt 0.2000 0.5714
vt 0.1500 0.5714
vt 0.2000 0.6429
vt 0.2500 0.6429
vt 0.2500 0.5714
vt 0.2000 0.5714
vt 0.2500 0.6429
vt 0.3000 0.6429
vt 0.3000 0.5714
vt 0.2500 0.5714
vt 0.3000 0.6429
vt 0.3500 0.6429
vt 0.3500 0.5714
vt 0.3000 0.5714
vt 0.3500 0.6429
vt 0.4000 0.6429
vt 0.4000 0.5714
vt 0.3500 0.5714
vt 0.4000 0.6429
vt 0.4500 0.6429
vt 0.4500 0.5714
vt 0.4000 0.5714
vt 0.4500 0.6429
vt 0.5000 0.6429
vt 0.5000 0.5714
vt 0.4500 0.5714
vt 0.5000 0.6429
vt 0.5500 0.6429
vt 0.5500 0.5714
vt 0.5000 0.5714
vt 0.5500 0.6429
vt 0.6000 0.6429
vt 0.6000 0.5714
vt 0.5500 0.5714
vt 0.6000 0.6429
vt 0.6500 0.6429
vt 0.6500 0.5714
vt 0.6000 0.5714
vt 0.6500 0.6429
vt 0.7000 0.6429
vt 0.7000 0.5714
vt 0.6500 0.5714
vt 0.7000 0.6429
vt 0.7500 0.6429
vt 0.7500 0.5714
vt 0.7000 0.5714
vt 0.7500 0.6429
vt 0.8000 0.6429
vt 0.8000 0.5714
vt 0.7500 0.5714
vt 0.8000 0.6429
vt 0.8500 0.6429
vt 0.8500 0.5714
vt 0.8000 0.5714
vt 0.8500 0.6429
vt 0.9000 0.6429
vt 0.9000 0.5714
vt 0.8500 0.5714
vt 0.9000 0.6429
vt 0.9500 0.6429
vt 0.9500 0.5714
vt 0.9000 0.5714
vt 0.9500 0.6429
vt 1.0000 0.6429
vt 1.0000 0.5714
vt 0.9500 0.5714
vt 0.0000 0.5714
vt 0.0500 0.5714
vt 0.0500 0.5000
vt 0.0000 0.5000
vt 0.0500 0.5714
vt 0.1000 0.5714
vt 0.1000 0.5000
vt 0.0500 0.5000
vt 0.1000 0.5714
vt 0.1500 0.5714
vt 0.1500 0.5000
vt 0.1000 0.5000
vt 0.1500 0.5714
vt 0.2000 0.5714
vt 0.2000 0.5000
vt 0.1500 0.5000
vt 0.2000 0.5714
vt 0.2500 0.5714
vt 0.2500 0.5000
vt 0.2000 0.5000
vt 0.2500 0.5714
vt 0.3000 0.5714
vt 0.3000 0.5000
vt 0.2500 0.5000
vt 0.3000 0.5714
vt 0.3500 0.5714
vt 0.3500 0.5000
vt 0.3000 0.5000
vt 0.3500 0.5714
vt 0.4000 0.5714
vt 0.4000 0.5000
vt 0.3500 0.5000
vt 0.4000 0.5714
vt 0.4500 0.5714
vt 0.4500 0.5000
vt 0.4000 0.5000
vt 0.4500 0.5714
vt 0.5000 0.5714
vt 0.5000 0.5000
vt 0.4500 0.5000
vt 0.5000 0.5714
vt 0.5500 0.5714
vt 0.5500 0.5000
vt 0.5000 0.5000
vt 0.5500 0.5714
vt 0.6000 0.5714
vt 0.6000 0.5000
vt 0.5500 0.5000
vt 0.6000 0.5714
vt 0.6500 0.5714
vt 0.6500 0.5000
vt 0.6000 0.5000
vt 0.6500 0.5714
vt 0.7000 0.5714
vt 0.7000 0.5000
vt 0.6500 0.5000
vt 0.7000 0.5714
vt 0.7500 0.5714
vt 0.7500 0.5000
vt 0.7000 0.5000
vt 0.7500 0.5714
vt 0.8000 0.5714
vt 0.8000 0.5000
vt 0.7500 0.5000
vt 0.8000 0.5714
vt 0.8500 0.5714
vt 0.8500 0.5000
vt 0.8000 0.5000
vt 0.8500 0.5714
vt 0.9000 0.5714
vt 0.9000 0.5000
vt 0.8500 0.5000
vt 0.9000 0.5714
vt 0.9500 0.5714
vt 0.9500 0.5000
vt 0.9000 0.5000
vt 0.9500 0.5714
vt 1.0000 0.5714
vt 1.0000 0.5000
vt 0.9500 0.5000
vt 0.0000 0.5000
vt 0.0500 0.5000
vt 0.0500 0.4286
vt 0.0000 0.4286
vt 0.0500 0.5000
vt 0.1000 0.5000
vt 0.1000 0.4286
vt 0.0500 0.4286
vt 0.1000 0.5000
vt 0.1500 0.5000
vt 0.1500 0.4286
vt 0.1000 0.4286
vt 0.1500 0.5000
vt 0.2000 0.5000
vt 0.2000 0.4286
vt 0.1500 0.4286
vt 0.2000 0.5000
vt 0.2500 0.5000
vt 0.2500 0.4286
vt 0.2000 0.4286
vt 0.2500 0.5000
vt 0.3000 0.5000
vt 0.3000 0.4286
vt 0.2500 0.4286
vt 0.3000 0.5000
vt 0.3500 0.5000
vt 0.3500 0.4286
vt 0.3000 0.4286
vt 0.3500 0.5000
vt 0.4000 0.5000
vt 0.4000 0.4286
vt 0.3500 0.4286
vt 0.4000 0.5000
vt 0.4500 0.5000
vt 0.4500 0.4286
vt 0.4000 0.4286
vt 0.4500 0.5000
vt 0.5000 0.5000
vt 0.5000 0.4286
vt 0.4500 0.4286
vt 0.5000 0.5000
vt 0.5500 0.5000
vt 0.5500 0.4286
vt 0.5000 0.4286
vt 0.5500 0.5000
vt 0.6000 0.5000
vt 0.6000 0.4286
vt 0.5500 0.4286
vt 0.6000 0.5000
vt 0.6500 0.5000
vt 0.6500 0.4286
vt 0.6000 0.4286
vt 0.6500 0.5000
vt 0.7000 0.5000
vt 0.7000 0.4286
vt 0.6500 0.4286
vt 0.7000 0.5000
vt 0.7500 0.5000
vt 0.7500 0.4286
vt 0.7000 0.4286
vt 0.7500 0.5000
vt 0.8000 0.5000
vt 0.8000 0.4286
vt 0.7500 0.4286
vt 0.8000 0.5000
vt 0.8500 0.5000
vt 0.8500 0.4286
vt 0.8000 0.4286
vt 0.8500 0.5000
vt 0.9000 0.5000
vt 0.9000 0.4286
vt 0.8500 0.4286
vt 0.9000 0.5000
vt 0.9500 0.5000
vt 0.9500 0.4286
vt 0.9000 0.4286
vt 0.9500 0.5000
vt 1.0000 0.5000
vt 1.0000 0.4286
vt 0.9500 0.4286
vt 0.0000 0.4286
vt 0.0500 0.4286
vt 0.0500 0.3571
vt 0.0000 0.3571
vt 0.0500 0.4286
vt 0.1000 0.4286
vt 0.1000 0.3571
vt 0.0500 0.3571
vt 0.1000 0.4286
vt 0.1500 0.4286
vt 0.1500 0.3571
vt 0.1000 0.3571
vt 0.1500 0.4286
vt 0.2000 0.4286
vt 0.2000 0.3571
vt 0.1500 0.3571
vt 0.2000 0.4286
vt 0.2500 0.4286
vt 0.2500 0.3571
vt 0.2000 0.3571
vt 0.2500 0.4286
vt 0.3000 0.4286
vt 0.3000 0.3571
vt 0.2500 0.3571
vt 0.3000 0.4286
vt 0.3500 0.4286
vt 0.3500 0.3571
vt 0.3000 0.3571
vt 0.3500 0.4286
vt 0.4000 0.4286
vt 0.4000 0.3571
vt 0.3500 0.3571
vt 0.4000 0.4286
vt 0.4500 0.4286
vt 0.4500 0.3571
vt 0.4000 0.3571
vt 0.4500 0.4286
vt 0.5000 0.4286
vt 0.5000 0.3571
vt 0.4500 0.3571
vt 0.5000 0.4286
vt 0.5500 0.4286
vt 0.5500 0.3571
vt 0.5000 0.3571
vt 0.5500 0.4286
vt 0.6000 0.4286
vt 0.6000 0.3571
vt 0.5500 0.3571
vt 0.6000 0.4286
vt 0.6500 0.4286
vt 0.6500 0.3571
vt 0.6000 0.3571
vt 0.6500 0.4286
vt 0.7000 0.4286
vt 0.7000 0.3571
vt 0.6500 0.3571
vt 0.7000 0.4286
vt 0.7500 0.4286
vt 0.7500 0.3571
vt 0.7000 0.3571
vt 0.7500 0.4286
vt 0.8000 0.4286
vt 0.8000 0.3571
vt 0.7500 0.3571
vt 0.8000 0.4286
vt 0.8500 0.4286
vt 0.8500 0.3571
vt 0.8000 0.3571
vt 0.8500 0.4286
vt 0.9000 0.4286
vt 0.9000 0.3571
vt 0.8500 0.3571
vt 0.9000 0.4286
vt 0.9500 0.4286
vt 0.9500 0.3571
vt 0.9000 0.3571
vt 0.9500 0.4286
vt 1.0000 0.4286
vt 1.0000 0.3571
vt 0.9500 0.3571
vt 0.0000 0.3571
vt 0.0500 0.3571
vt 0.0500 0.2857
vt 0.0000 0.2857
vt 0.0500 0.3571
vt 0.1000 0.3571
vt 0.1000 0.2857
vt 0.0500 0.2857
vt 0.1000 0.3571
vt 0.1500 0.3571
vt 0.1500 0.2857
vt 0.1000 0.2857
vt 0.1500 0.3571
vt 0.2000 0.3571
vt 0.2000 0.2857
vt 0.1500 0.2857
vt 0.2000 0.3571
vt 0.2500 0.3571
vt 0.2500 0.2857
vt 0.2000 0.2857
vt 0.2500 0.3571
vt 0.3000 0.3571
vt 0.3000 0.2857
vt 0.2500 0.2857
vt 0.3000 0.3571
vt 0.3500 0.3571
vt 0.3500 0.2857
vt 0.3000 0.2857
vt 0.3500 0.3571
vt 0.4000 0.3571
vt 0.4000 0.2857
vt 0.3500 0.2857
vt 0.4000 0.3571
vt 0.4500 0.3571
vt 0.4500 0.2857
vt 0.4000 0.2857
vt 0.4500 0.3571
vt 0.5000 0.3571
vt 0.5000 0.2857
vt 0.4500 0.2857
vt 0.5000 0.3571
vt 0.5500 0.3571
vt 0.5500 0.2857
vt 0.5000 0.2857
vt 0.5500 0.3571
vt 0.6000 0.3571
vt 0.6000 0.2857
vt 0.5500 0.2857
vt 0.6000 0.3571
vt 0.6500 0.3571
vt 0.6500 0.2857
vt 0.6000 0.2857
vt 0.6500 0.3571
vt 0.7000 0.3571
vt 0.7000 0.2857
vt 0.6500 0.2857
vt 0.7000 0.3571
vt 0.7500 0.3571
vt 0.7500 0.2857
vt 0.7000 0.2857
vt 0.7500 0.3571
vt 0.8000 0.3571
vt 0.8000 0.2857
vt 0.7500 0.2857
vt 0.8000 0.3571
vt 0.8500 0.3571
vt 0.8500 0.2857
vt 0.8000 0.2857
vt 0.8500 0.3571
vt 0.9000 0.3571
vt 0.9000 0.2857
vt 0.8500 0.2857
vt 0.9000 0.3571
vt 0.9500 0.3571
vt 0.9500 0.2857
vt 0.9000 0.2857
vt 0.9500 0.3571
vt 1.0000 0.3571
vt 1.0000 0.2857
vt 0.9500 0.2857
vt 0.0000 0.2857
vt 0.0500 0.2857
vt 0.0500 0.2143
vt 0.0000 0.2143
vt 0.0500 0.2857
vt 0.1000 0.2857
vt 0.1000 0.2143
vt 0.0500 0.2143
vt 0.1000 0.2857
vt 0.1500 0.2857
vt 0.1500 0.2143
vt 0.1000 0.2143
vt 0.1500 0.2857
vt 0.2000 0.2857
vt 0.2000 0.2143
vt 0.1500 0.2143
vt 0.2000 0.2857
vt 0.2500 0.2857
vt 0.2500 0.2143
vt 0.2000 0.2143
vt 0.2500 0.2857
vt 0.3000 0.2857
vt 0.3000 0.2143
vt 0.2500 0.2143
vt 0.3000 0.2857
vt 0.3500 0.2857
vt 0.3500 0.2143
vt 0.3000 0.2143
vt 0.3500 0.2857
vt 0.4000 0.2857
vt 0.4000 0.2143
vt 0.3500 0.2143
vt 0.4000 0.2857
vt 0.4500 0.2857
vt 0.4500 0.2143
vt 0.4000 0.2143
vt 0.4500 0.2857
vt 0.5000 0.2857
vt 0.5000 0.2143
vt 0.4500 0.2143
vt 0.5000 0.2857
vt 0.5500 0.2857
vt 0.5500 0.2143
vt 0.5000 0.2143
vt 0.5500 0.2857
vt 0.6000 0.2857
vt 0.6000 0.2143
vt 0.5500 0.2143
vt 0.6000 0.2857
vt 0.6500 0.2857
vt 0.6500 0.2143
vt 0.6000 0.2143
vt 0.6500 0.2857
vt 0.7000 0.2857
vt 0.7000 0.2143
vt 0.6500 0.2143
vt 0.7000 0.2857
vt 0.7500 0.2857
vt 0.7500 0.2143
vt 0.7000 0.2143
vt 0.7500 0.2857
vt 0.8000 0.2857
vt 0.8000 0.2143
vt 0.7500 0.2143
vt 0.8000 0.2857
vt 0.8500 0.2857
vt 0.8500 0.2143
vt 0.8000 0.2143
vt 0.8500 0.2857
vt 0.9000 0.2857
vt 0.9000 0.2143
vt 0.8500 0.2143
vt 0.9000 0.2857
vt 0.9500 0.2857
vt 0.9500 0.2143
vt 0.9000 0.2143
vt 0.9500 0.2857
vt 1.0000 0.2857
vt 1.0000 0.2143
vt 0.9500 0.2143
vt 0.0000 0.2143
vt 0.0500 0.2143
vt 0.0500 0.1429
vt 0.0000 0.1429
vt 0.0500 0.2143
vt 0.1000 0.2143
vt 0.1000 0.1429
vt 0.0500 0.1429
vt 0.1000 0.2143
vt 0.1500 0.2143
vt 0.1500 0.1429
vt 0.1000 0.1429
vt 0.1500 0.2143
vt 0.2000 0.2143
vt 0.2000 0.1429
vt 0.1500 0.1429
vt 0.2000 0.2143
vt 0.2500 0.2143
vt 0.2500 0.1429
vt 0.2000 0.1429
vt 0.2500 0.2143
vt 0.3000 0.2143
vt 0.3000 0.1429
vt 0.2500 0.1429
vt 0.3000 0.2143
vt 0.3500 0.2143
vt 0.3500 0.1429
vt 0.3000 0.1429
vt 0.3500 0.2143
vt 0.4000 0.2143
vt 0.4000 0.1429
vt 0.3500 0.1429
vt 0.4000 0.2143
vt 0.4500 0.2143
vt 0.4500 0.1429
vt 0.4000 0.1429
vt 0.4500 0.2143
vt 0.5000 0.2143
vt 0.5000 0.1429
vt 0.4500 0.1429
vt 0.5000 0.2143
vt 0.5500 0.2143
vt 0.5500 0.1429
vt 0.5000 0.1429
vt 0.5500 0.2143
vt 0.6000 0.2143
vt 0.6000 0.1429
vt 0.5500 0.1429
vt 0.6000 0.2143
vt 0.6500 0.2143
vt 0.6500 0.1429
vt 0.6000 0.1429
vt 0.6500 0.2143
vt 0.7000 0.2143
vt 0.7000 0.1429
vt 0.6500 0.1429
vt 0.7000 0.2143
vt 0.7500 0.2143
vt 0.7500 0.1429
vt 0.7000 0.1429
vt 0.7500 0.2143
vt 0.8000 0.2143
vt 0.8000 0.1429
vt 0.7500 0.1429
vt 0.8000 0.2143
vt 0.8500 0.2143
vt 0.8500 0.1429
vt 0.8000 0.1429
vt 0.8500 0.2143
vt 0.9000 0.2143
vt 0.9000 0.1429
vt 0.8500 0.1429
vt 0.9000 0.2143
vt 0.9500 0.2143
vt 0.9500 0.1429
vt 0.9000 0.1429
vt 0.9500 0.2143
vt 1.0000 0.2143
vt 1.0000 0.1429
vt 0.9500 0.1429
vt 0.0000 0.1429
vt 0.0500 0.1429
vt 0.0500 0.0714
vt 0.0000 0.0714
vt 0.0500 0.1429
vt 0.1000 0.1429
vt 0.1000 0.0714
vt 0.0500 0.0714
vt 0.1000 0.1429
vt 0.1500 0.1429
vt 0.1500 0.0714
vt 0.1000 0.0714
vt 0.1500 0.1429
vt 0.2000 0.1429
vt 0.2000 0.0714
vt 0.1500 0.0714
vt 0.2000 0.1429
vt 0.2500 0.1429
vt 0.2500 0.0714
vt 0.2000 0.0714
vt 0.2500 0.1429
vt 0.3000 0.1429
vt 0.3000 0.0714
vt 0.2500 0.0714
vt 0.3000 0.1429
vt 0.3500 0.1429
vt 0.3500 0.0714
vt 0.3000 0.0714
vt 0.3500 0.1429
vt 0.4000 0.1429
vt 0.4000 0.0714
vt 0.3500 0.0714
vt 0.4000 0.1429
vt 0.4500 0.1429
vt 0.4500 0.0714
vt 0.4000 0.0714
vt 0.4500 0.1429
vt 0.5000 0.1429
vt 0.5000 0.0714
vt 0.4500 0.0714
vt 0.5000 0.1429
vt 0.5500 0.1429
vt 0.5500 0.0714
vt 0.5000 0.0714
vt 0.5500 0.1429
vt 0.6000 0.1429
vt 0.6000 0.0714
vt 0.5500 0.0714
vt 0.6000 0.1429
vt 0.6500 0.1429
vt 0.6500 0.0714
vt 0.6000 0.0714
vt 0.6500 0.1429
vt 0.7000 0.1429
vt 0.7000 0.0714
vt 0.6500 0.0714
vt 0.7000 0.1429
vt 0.7500 0.1429
vt 0.7500 0.0714
vt 0.7000 0.0714
vt 0.7500 0.1429
vt 0.8000 0.1429
vt 0.8000 0.0714
vt 0.7500 0.0714
vt 0.8000 0.1429
vt 0.8500 0.1429
vt 0.8500 0.0714
vt 0.8000 0.0714
vt 0.8500 0.1429
vt 0.9000 0.1429
vt 0.9000 0.0714
vt 0.8500 0.0714
vt 0.9000 0.1429
vt 0.9500 0.1429
vt 0.9500 0.0714
vt 0.9000 0.0714
vt 0.9500 0.1429
vt 1.0000 0.1429
vt 1.0000 0.0714
vt 0.9500 0.0714
vt 0.0000 0.0714
vt 0.0500 0.0714
vt 0.0500 0.0000
vt 0.0000 0.0000
vt 0.0500 0.0714
vt 0.1000 0.0714
vt 0.1000 0.0000
vt 0.0500 0.0000
vt 0.1000 0.0714
vt 0.1500 0.0714
vt 0.1500 0.0000
vt 0.1000 0.0000
vt 0.1500 0.0714
vt 0.2000 0.0714
vt 0.2000 0.0000
vt 0.1500 0.0000
vt 0.2000 0.0714
vt 0.2500 0.0714
vt 0.2500 0.0000
vt 0.2000 0.0000
vt 0.2500 0.0714
vt 0.3000 0.0714
vt 0.3000 0.0000
vt 0.2500 0.0000
vt 0.3000 0.0714
vt 0.3500 0.0714
vt 0.3500 0.0000
vt 0.3000 0.0000
vt 0.3500 0.0714
vt 0.4000 0.0714
vt 0.4000 0.0000
vt 0.3500 0.0000
vt 0.4000 0.0714
vt 0.4500 0.0714
vt 0.4500 0.0000
vt 0.4000 0.0000
vt 0.4500 0.0714
vt 0.5000 0.0714
vt 0.5000 0.0000
vt 0.4500 0.0000
vt 0.5000 0.0714
vt 0.5500 0.0714
vt 0.5500 0.0000
vt 0.5000 0.0000
vt 0.5500 0.0714
vt 0.6000 0.0714
vt 0.6000 0.0000
vt 0.5500 0.0000
vt 0.6000 0.0714
vt 0.6500 0.0714
vt 0.6500 0.0000
vt 0.6000 0.0000
vt 0.6500 0.0714
vt 0.7000 0.0714
vt 0.7000 0.0000
vt 0.6500 0.0000
vt 0.7000 0.0714
vt 0.7500 0.0714
vt 0.7500 0.0000
vt 0.7000 0.0000
vt 0.7500 0.0714
vt 0.8000 0.0714
vt 0.8000 0.0000
vt 0.7500 0.0000
vt 0.8000 0.0714
vt 0.8500 0.0714
vt 0.8500 0.0000
vt 0.8000 0.0000
vt 0.8500 0.0714
vt 0.9000 0.0714
vt 0.9000 0.0000
vt 0.8500 0.0000
vt 0.9000 0.0714
vt 0.9500 0.0714
vt 0.9500 0.0000
vt 0.9000 0.0000
vt 0.9500 0.0714
vt 1.0000 0.0714
vt 1.0000 0.0000
vt 0.9500 0.0000
vt 0.0000 1.0000
vt 0.0500 1.0000
vt 0.0500 0.9167
vt 0.0000 0.9167
vt 0.0500 1.0000
vt 0.1000 1.0000
vt 0.1000 0.9167
vt 0.0500 0.9167
vt 0.1000 1.0000
vt 0.1500 1.0000
vt 0.1500 0.9167
vt 0.1000 0.9167
vt 0.1500 1.0000
vt 0.2000 1.0000
vt 0.2000 0.9167
vt 0.1500 0.9167
vt 0.2000 1.0000
vt 0.2500 1.0000
vt 0.2500 0.9167
vt 0.2000 0.9167
vt 0.2500 1.0000
vt 0.3000 1.0000
vt 0.3000 0.9167
vt 0.2500 0.9167
vt 0.3000 1.0000
vt 0.3500 1.0000
vt 0.3500 0.9167
vt 0.3000 0.9167
vt 0.3500 1.0000
vt 0.4000 1.0000
vt 0.4000 0.9167
vt 0.3500 0.9167
vt 0.4000 1.0000
vt 0.4500 1.0000
vt 0.4500 0.9167
vt 0.4000 0.9167
vt 0.4500 1.0000
vt 0.5000 1.0000
vt 0.5000 0.9167
vt 0.4500 0.9167
vt 0.5000 1.0000
vt 0.5500 1.0000
vt 0.5500 0.9167
vt 0.5000 0.9167
vt 0.5500 1.0000
vt 0.6000 1.0000
vt 0.6000 0.9167
vt 0.5500 0.9167
vt 0.6000 1.0000
vt 0.6500 1.0000
vt 0.6500 0.9167
vt 0.6000 0.9167
vt 0.6500 1.0000
vt 0.7000 1.0000
vt 0.7000 0.9167
vt 0.6500 0.9167
vt 0.7000 1.0000
vt 0.7500 1.0000
vt 0.7500 0.9167
vt 0.7000 0.9167
vt 0.7500 1.0000
vt 0.8000 1.0000
vt 0.8000 0.9167
vt 0.7500 0.9167
vt 0.8000 1.0000
vt 0.8500 1.0000
vt 0.8500 0.9167
vt 0.8000 0.9167
vt 0.8500 1.0000
vt 0.9000 1.0000
vt 0.9000 0.9167
vt 0.8500 0.9167
vt 0.9000 1.0000
vt 0.9500 1.0000
vt 0.9500 0.9167
vt 0.9000 0.9167
vt 0.9500 1.0000
vt 1.0000 1.0000
vt 1.0000 0.9167
vt 0.9500 0.9167
vt 0.0000 0.9167
vt 0.0500 0.9167
vt 0.0500 0.8333
vt 0.0000 0.8333
vt 0.0500 0.9167
vt 0.1000 0.9167
vt 0.1000 0.8333
vt 0.0500 0.8333
vt 0.1000 0.9167
vt 0.1500 0.9167
vt 0.1500 0.8333
vt 0.1000 0.8333
vt 0.1500 0.9167
vt 0.2000 0.9167
vt 0.2000 0.8333
vt 0.1500 0.8333
vt 0.2000 0.9167
vt 0.2500 0.9167
vt 0.2500 0.8333
vt 0.2000 0.8333
vt 0.2500 0.9167
vt 0.3000 0.9167
vt 0.3000 0.8333
vt 0.2500 0.8333
vt 0.3000 0.9167
vt 0.3500 0.9167
vt 0.3500 0.8333
vt 0.3000 0.8333
vt 0.3500 0.9167
vt 0.4000 0.9167
vt 0.4000 0.8333
vt 0.3500 0.8333
vt 0.4000 0.9167
vt 0.4500 0.9167
vt 0.4500 0.8333
vt 0.4000 0.8333
vt 0.4500 0.9167
vt 0.5000 0.9167
vt 0.5000 0.8333
vt 0.4500 0.8333
vt 0.5000 0.9167
vt 0.5500 0.9167
vt 0.5500 0.8333
vt 0.5000 0.8333
vt 0.5500 0.9167
vt 0.6000 0.9167
vt 0.6000 0.8333
vt 0.5500 0.8333
vt 0.6000 0.9167
vt 0.6500 0.9167
vt 0.6500 0.8333
vt 0.6000 0.8333
vt 0.6500 0.9167
vt 0.7000 0.9167
vt 0.7000 0.8333
vt 0.6500 0.8333
vt 0.7000 0.9167
vt 0.7500 0.9167
vt 0.7500 0.8333
vt 0.7000 0.8333
vt 0.7500 0.9167
vt 0.8000 0.9167
vt 0.8000 0.8333
vt 0.7500 0.8333
vt 0.8000 0.9167
vt 0.8500 0.9167
vt 0.8500 0.8333
vt 0.8000 0.8333
vt 0.8500 0.9167
vt 0.9000 0.9167
vt 0.9000 0.8333
vt 0.8500 0.8333
vt 0.9000 0.9167
vt 0.9500 0.9167
vt 0.9500 0.8333
vt 0.9000 0.8333
vt 0.9500 0.9167
vt 1.0000 0.9167
vt 1.0000 0.8333
vt 0.9500 0.8333
vt 0.0000 0.8333
vt 0.0500 0.8333
vt 0.0500 0.7500
vt 0.0000 0.7500
vt 0.0500 0.8333
vt 0.1000 0.8333
vt 0.1000 0.7500
vt 0.0500 0.7500
vt 0.1000 0.8333
vt 0.1500 0.8333
vt 0.1500 0.7500
vt 0.1000 0.7500
vt 0.1500 0.8333
vt 0.2000 0.8333
vt 0.2000 0.7500
vt 0.1500 0.7500
vt 0.2000 0.8333
vt 0.2500 0.8333
vt 0.2500 0.7500
vt 0.2000 0.7500
vt 0.2500 0.8333
vt 0.3000 0.8333
vt 0.3000 0.7500
vt 0.2500 0.7500
vt 0.3000 0.8333
vt 0.3500 0.8333
vt 0.3500 0.7500
vt 0.3000 0.7500
vt 0.3500 0.8333
vt 0.4000 0.8333
vt 0.4000 0.7500
vt 0.3500 0.7500
vt 0.4000 0.8333
vt 0.4500 0.8333
vt 0.4500 0.7500
vt 0.4000 0.7500
vt 0.4500 0.8333
vt 0.5000 0.8333
vt 0.5000 0.7500
vt 0.4500 0.7500
vt 0.5000 0.8333
vt 0.5500 0.8333
vt 0.5500 0.7500
vt 0.5000 0.7500
vt 0.5500 0.8333
vt 0.6000 0.8333
vt 0.6000 0.7500
vt 0.5500 0.7500
vt 0.6000 0.8333
vt 0.6500 0.8333
vt 0.6500 0.7500
vt 0.6000 0.7500
vt 0.6500 0.8333
vt 0.7000 0.8333
vt 0.7000 0.7500
vt 0.6500 0.7500
vt 0.7000 0.8333
vt 0.7500 0.8333
vt 0.7500 0.7500
vt 0.7000 0.7500
vt 0.7500 0.8333
vt 0.8000 0.8333
vt 0.8000 0.7500
vt 0.7500 0.7500
vt 0.8000 0.8333
vt 0.8500 0.8333
vt 0.8500 0.7500
vt 0.8000 0.7500
vt 0.8500 0.8333
vt 0.9000 0.8333
vt 0.9000 0.7500
vt 0.8500 0.7500
vt 0.9000 0.8333
vt 0.9500 0.8333
vt 0.9500 0.7500
vt 0.9000 0.7500
vt 0.9500 0.8333
vt 1.0000 0.8333
vt 1.0000 0.7500
vt 0.9500 0.7500
vt 0.0000 0.7500
vt 0.0500 0.7500
vt 0.0500 0.6667
vt 0.0000 0.6667
vt 0.0500 0.7500
vt 0.1000 0.7500
vt 0.1000 0.6667
vt 0.0500 0.6667
vt 0.1000 0.7500
vt 0.1500 0.7500
vt 0.1500 0.6667
vt 0.1000 0.6667
vt 0.1500 0.7500
vt 0.2000 0.7500
vt 0.2000 0.6667
vt 0.1500 0.6667
vt 0.2000 0.7500
vt 0.2500 0.7500
vt 0.2500 0.6667
vt 0.2000 0.6667
vt 0.2500 0.7500
vt 0.3000 0.7500
vt 0.3000 0.6667
vt 0.2500 0.6667
vt 0.3000 0.7500
vt 0.3500 0.7500
vt 0.3500 0.6667
vt 0.3000 0.6667
vt 0.3500 0.7500
vt 0.4000 0.7500
vt 0.4000 0.6667
vt 0.3500 0.6667
vt 0.4000 0.7500
vt 0.4500 0.7500
vt 0.4500 0.6667
vt 0.4000 0.6667
vt 0.4500 0.7500
vt 0.5000 0.7500
vt 0.5000 0.6667
vt 0.4500 0.6667
vt 0.5000 0.7500
vt 0.5500 0.7500
vt 0.5500 0.6667
vt 0.5000 0.6667
vt 0.5500 0.7500
vt 0.6000 0.7500
vt 0.6000 0.6667
vt 0.5500 0.6667
vt 0.6000 0.7500
vt 0.6500 0.7500
vt 0.6500 0.6667
vt 0.6000 0.6667
vt 0.6500 0.7500
vt 0.7000 0.7500
vt 0.7000 0.6667
vt 0.6500 0.6667
vt 0.7000 0.7500
vt 0.7500 0.7500
vt 0.7500 0.6667
vt 0.7000 0.6667
vt 0.7500 0.7500
vt 0.8000 0.7500
vt 0.8000 0.6667
vt 0.7500 0.6667
vt 0.8000 0.7500
vt 0.8500 0.7500
vt 0.8500 0.6667
vt 0.8000 0.6667
vt 0.8500 0.7500
vt 0.9000 0.7500
vt 0.9000 0.6667
vt 0.8500 0.6667
vt 0.9000 0.7500
vt 0.9500 0.7500
vt 0.9500 0.6667
vt 0.9000 0.6667
vt 0.9500 0.7500
vt 1.0000 0.7500
vt 1.0000 0.6667
vt 0.9500 0.6667
vt 0.0000 0.6667
vt 0.0500 0.6667
vt 0.0500 0.5833
vt 0.0000 0.5833
vt 0.0500 0.6667
vt 0.1000 0.6667
vt 0.1000 0.5833
vt 0.0500 0.5833
vt 0.1000 0.6667
vt 0.1500 0.6667
vt 0.1500 0.5833
vt 0.1000 0.5833
vt 0.1500 0.6667
vt 0.2000 0.6667
vt 0.2000 0.5833
vt 0.1500 0.5833
vt 0.2000 0.6667
vt 0.2500 0.6667
vt 0.2500 0.5833
vt 0.2000 0.5833
vt 0.2500 0.6667
vt 0.3000 0.6667
vt 0.3000 0.5833
vt 0.2500 0.5833
vt 0.3000 0.6667
vt 0.3500 0.6667
vt 0.3500 0.5833
vt 0.3000 0.5833
vt 0.3500 0.6667
vt 0.4000 0.6667
vt 0.4000 0.5833
vt 0.3500 0.5833
vt 0.4000 0.6667
vt 0.4500 0.6667
vt 0.4500 0.5833
vt 0.4000 0.5833
vt 0.4500 0.6667
vt 0.5000 0.6667
vt 0.5000 0.5833
vt 0.4500 0.5833
vt 0.5000 0.6667
vt 0.5500 0.6667
vt 0.5500 0.5833
vt 0.5000 0.5833
vt 0.5500 0.6667
vt 0.6000 0.6667
vt 0.6000 0.5833
vt 0.5500 0.5833
vt 0.6000 0.6667
vt 0.6500 0.6667
vt 0.6500 0.5833
vt 0.6000 0.5833
vt 0.6500 0.6667
vt 0.7000 0.6667
vt 0.7000 0.5833
vt 0.6500 0.5833
vt 0.7000 0.6667
vt 0.7500 0.6667
vt 0.7500 0.5833
vt 0.7000 0.5833
vt 0.7500 0.6667
vt 0.8000 0.6667
vt 0.8000 0.5833
vt 0.7500 0.5833
vt 0.8000 0.6667
vt 0.8500 0.6667
vt 0.8500 0.5833
vt 0.8000 0.5833
vt 0.8500 0.6667
vt 0.9000 0.6667
vt 0.9000 0.5833
vt 0.8500 0.5833
vt 0.9000 0.6667
vt 0.9500 0.6667
vt 0.9500 0.5833
vt 0.9000 0.5833
vt 0.9500 0.6667
vt 1.0000 0.6667
vt 1.0000 0.5833
vt 0.9500 0.5833
vt 0.0000 0.5833
vt 0.0500 0.5833
vt 0.0500 0.5000
vt 0.0000 0.5000
vt 0.0500 0.5833
vt 0.1000 0.5833
vt 0.1000 0.5000
vt 0.0500 0.5000
vt 0.1000 0.5833
vt 0.1500 0.5833
vt 0.1500 0.5000
vt 0.1000 0.5000
vt 0.1500 0.5833
vt 0.2000 0.5833
vt 0.2000 0.5000
vt 0.1500 0.5000
vt 0.2000 0.5833
vt 0.2500 0.5833
vt 0.2500 0.5000
vt 0.2000 0.5000
vt 0.2500 0.5833
vt 0.3000 0.5833
vt 0.3000 0.5000
vt 0.2500 0.5000
vt 0.3000 0.5833
vt 0.3500 0.5833
vt 0.3500 0.5000
vt 0.3000 0.5000
vt 0.3500 0.5833
vt 0.4000 0.5833
vt 0.4000 0.5000
vt 0.3500 0.5000
vt 0.4000 0.5833
vt 0.4500 0.5833
vt 0.4500 0.5000
vt 0.4000 0.5000
vt 0.4500 0.5833
vt 0.5000 0.5833
vt 0.5000 0.5000
vt 0.4500 0.5000
vt 0.5000 0.5833
vt 0.5500 0.5833
vt 0.5500 0.5000
vt 0.5000 0.5000
vt 0.5500 0.5833
vt 0.6000 0.5833
vt 0.6000 0.5000
vt 0.5500 0.5000
vt 0.6000 0.5833
vt 0.6500 0.5833
vt 0.6500 0.5000
vt 0.6000 0.5000
vt 0.6500 0.5833
vt 0.7000 0.5833
vt 0.7000 0.5000
vt 0.6500 0.5000
vt 0.7000 0.5833
vt 0.7500 0.5833
vt 0.7500 0.5000
vt 0.7000 0.5000
vt 0.7500 0.5833
vt 0.8000 0.5833
vt 0.8000 0.5000
vt 0.7500 0.5000
vt 0.8000 0.5833
vt 0.8500 0.5833
vt 0.8500 0.5000
vt 0.8000 0.5000
vt 0.8500 0.5833
vt 0.9000 0.5833
vt 0.9000 0.5000
vt 0.8500 0.5000
vt 0.9000 0.5833
vt 0.9500 0.5833
vt 0.9500 0.5000
vt 0.9000 0.5000
vt 0.9500 0.5833
vt 1.0000 0.5833
vt 1.0000 0.5000
vt 0.9500 0.5000
vt 0.0000 0.5000
vt 0.0500 0.5000
vt 0.0500 0.4167
vt 0.0000 0.4167
vt 0.0500 0.5000
vt 0.1000 0.5000
vt 0.1000 0.4167
vt 0.0500 0.4167
vt 0.1000 0.5000
vt 0.1500 0.5000
vt 0.1500 0.4167
vt 0.1000 0.4167
vt 0.1500 0.5000
vt 0.2000 0.5000
vt 0.2000 0.4167
vt 0.1500 0.4167
vt 0.2000 0.5000
vt 0.2500 0.5000
vt 0.2500 0.4167
vt 0.2000 0.4167
vt 0.2500 0.5000
vt 0.3000 0.5000
vt 0.3000 0.4167
vt 0.2500 0.4167
vt 0.3000 0.5000
vt 0.3500 0.5000
vt 0.3500 0.4167
vt 0.3000 0.4167
vt 0.3500 0.5000
vt 0.4000 0.5000
vt 0.4000 0.4167
vt 0.3500 0.4167
vt 0.4000 0.5000
vt 0.4500 0.5000
vt 0.4500 0.4167
vt 0.4000 0.4167
vt 0.4500 0.5000
vt 0.5000 0.5000
vt 0.5000 0.4167
vt 0.4500 0.4167
vt 0.5000 0.5000
vt 0.5500 0.5000
vt 0.5500 0.4167
vt 0.5000 0.4167
vt 0.5500 0.5000
vt 0.6000 0.5000
vt 0.6000 0.4167
vt 0.5500 0.4167
vt 0.6000 0.5000
vt 0.6500 0.5000
vt 0.6500 0.4167
vt 0.6000 0.4167
vt 0.6500 0.5000
vt 0.7000 0.5000
vt 0.7000 0.4167
vt 0.6500 0.4167
vt 0.7000 0.5000
vt 0.7500 0.5000
vt 0.7500 0.4167
vt 0.7000 0.4167
vt 0.7500 0.5000
vt 0.8000 0.5000
vt 0.8000 0.4167
vt 0.7500 0.4167
vt 0.8000 0.5000
vt 0.8500 0.5000
vt 0.8500 0.4167
vt 0.8000 0.4167
vt 0.8500 0.5000
vt 0.9000 0.5000
vt 0.9000 0.4167
vt 0.8500 0.4167
vt 0.9000 0.5000
vt 0.9500 0.5000
vt 0.9500 0.4167
vt 0.9000 0.4167
vt 0.9500 0.5000
vt 1.0000 0.5000
vt 1.0000 0.4167
vt 0.9500 0.4167
vt 0.0000 0.4167
vt 0.0500 0.4167
vt 0.0500 0.3333
vt 0.0000 0.3333
vt 0.0500 0.4167
vt 0.1000 0.4167
vt 0.1000 0.3333
vt 0.0500 0.3333
vt 0.1000 0.4167
vt 0.1500 0.4167
vt 0.1500 0.3333
vt 0.1000 0.3333
vt 0.1500 0.4167
vt 0.2000 0.4167
vt 0.2000 0.3333
vt 0.1500 0.3333
vt 0.2000 0.4167
vt 0.2500 0.4167
vt 0.2500 0.3333
vt 0.2000 0.3333
vt 0.2500 0.4167
vt 0.3000 0.4167
vt 0.3000 0.3333
vt 0.2500 0.3333
vt 0.3000 0.4167
vt 0.3500 0.4167
vt 0.3500 0.3333
vt 0.3000 0.3333
vt 0.3500 0.4167
vt 0.4000 0.4167
vt 0.4000 0.3333
vt 0.3500 0.3333
vt 0.4000 0.4167
vt 0.4500 0.4167
vt 0.4500 0.3333
vt 0.4000 0.3333
vt 0.4500 0.4167
vt 0.5000 0.4167
vt 0.5000 0.3333
vt 0.4500 0.3333
vt 0.5000 0.4167
vt 0.5500 0.4167
vt 0.5500 0.3333
vt 0.5000 0.3333
vt 0.5500 0.4167
vt 0.6000 0.4167
vt 0.6000 0.3333
vt 0.5500 0.3333
vt 0.6000 0.4167
vt 0.6500 0.4167
vt 0.6500 0.3333
vt 0.6000 0.3333
vt 0.6500 0.4167
vt 0.7000 0.4167
vt 0.7000 0.3333
vt 0.6500 0.3333
vt 0.7000 0.4167
vt 0.7500 0.4167
vt 0.7500 0.3333
vt 0.7000 0.3333
vt 0.7500 0.4167
vt 0.8000 0.4167
vt 0.8000 0.3333
vt 0.7500 0.3333
vt 0.8000 0.4167
vt 0.8500 0.4167
vt 0.8500 0.3333
vt 0.8000 0.3333
vt 0.8500 0.4167
vt 0.9000 0.4167
vt 0.9000 0.3333
vt 0.8500 0.3333
vt 0.9000 0.4167
vt 0.9500 0.4167
vt 0.9500 0.3333
vt 0.9000 0.3333
vt 0.9500 0.4167
vt 1.0000 0.4167
vt 1.0000 0.3333
vt 0.9500 0.3333
vt 0.0000 0.3333
vt 0.0500 0.3333
vt 0.0500 0.2500
vt 0.0000 0.2500
vt 0.0500 0.3333
vt 0.1000 0.3333
vt 0.1000 0.2500
vt 0.0500 0.2500
vt 0.1000 0.3333
vt 0.1500 0.3333
vt 0.1500 0.2500
vt 0.1000 0.2500
vt 0.1500 0.3333
vt 0.2000 0.3333
vt 0.2000 0.2500
vt 0.1500 0.2500
vt 0.2000 0.3333
vt 0.2500 0.3333
vt 0.2500 0.2500
vt 0.2000 0.2500
vt 0.2500 0.3333
vt 0.3000 0.3333
vt 0.3000 0.2500
vt 0.2500 0.2500
vt 0.3000 0.3333
vt 0.3500 0.3333
vt 0.3500 0.2500
vt 0.3000 0.2500
vt 0.3500 0.3333
vt 0.4000 0.3333
vt 0.4000 0.2500
vt 0.3500 0.2500
vt 0.4000 0.3333
vt 0.4500 0.3333
vt 0.4500 0.2500
vt 0.4000 0.2500
vt 0.4500 0.3333
vt 0.5000 0.3333
vt 0.5000 0.2500
vt 0.4500 0.2500
vt 0.5000 0.3333
vt 0.5500 0.3333
vt 0.5500 0.2500
vt 0.5000 0.2500
vt 0.5500 0.3333
vt 0.6000 0.3333
vt 0.6000 0.2500
vt 0.5500 0.2500
vt 0.6000 0.3333
vt 0.6500 0.3333
vt 0.6500 0.2500
vt 0.6000 0.2500
vt 0.6500 0.3333
vt 0.7000 0.3333
vt 0.7000 0.2500
vt 0.6500 0.2500
vt 0.7000 0.3333
vt 0.7500 0.3333
vt 0.7500 0.2500
vt 0.7000 0.2500
vt 0.7500 0.3333
vt 0.8000 0.3333
vt 0.8000 0.2500
vt 0.7500 0.2500
vt 0.8000 0.3333
vt 0.8500 0.3333
vt 0.8500 0.2500
vt 0.8000 0.2500
vt 0.8500 0.3333
vt 0.9000 0.3333
vt 0.9000 0.2500
vt 0.8500 0.2500
vt 0.9000 0.3333
vt 0.9500 0.3333
vt 0.9500 0.2500
vt 0.9000 0.2500
vt 0.9500 0.3333
vt 1.0000 0.3333
vt 1.0000 0.2500
vt 0.9500 0.2500
vt 0.0000 0.2500
vt 0.0500 0.2500
vt 0.0500 0.1667
vt 0.0000 0.1667
vt 0.0500 0.2500
vt 0.1000 0.2500
vt 0.1000 0.1667
vt 0.0500 0.1667
vt 0.1000 0.2500
vt 0.1500 0.2500
vt 0.1500 0.1667
vt 0.1000 0.1667
vt 0.1500 0.2500
vt 0.2000 0.2500
vt 0.2000 0.1667
vt 0.1500 0.1667
vt 0.2000 0.2500
vt 0.2500 0.2500
vt 0.2500 0.1667
vt 0.2000 0.1667
vt 0.2500 0.2500
vt 0.3000 0.2500
vt 0.3000 0.1667
vt 0.2500 0.1667
vt 0.3000 0.2500
vt 0.3500 0.2500
vt 0.3500 0.1667
vt 0.3000 0.1667
vt 0.3500 0.2500
vt 0.4000 0.2500
vt 0.4000 0.1667
vt 0.3500 0.1667
vt 0.4000 0.2500
vt 0.4500 0.2500
vt 0.4500 0.1667
vt 0.4000 0.1667
vt 0.4500 0.2500
vt 0.5000 0.2500
vt 0.5000 0.1667
vt 0.4500 0.1667
vt 0.5000 0.2500
vt 0.5500 0.2500
vt 0.5500 0.1667
vt 0.5000 0.1667
vt 0.5500 0.2500
vt 0.6000 0.2500
vt 0.6000 0.1667
vt 0.5500 0.1667
vt 0.6000 0.2500
vt 0.6500 0.2500
vt 0.6500 0.1667
vt 0.6000 0.1667
vt 0.6500 0.2500
vt 0.7000 0.2500
vt 0.7000 0.1667
vt 0.6500 0.1667
vt 0.7000 0.2500
vt 0.7500 0.2500
vt 0.7500 0.1667
vt 0.7000 0.1667
vt 0.7500 0.2500
vt 0.8000 0.2500
vt 0.8000 0.1667
vt 0.7500 0.1667
vt 0.8000 0.2500
vt 0.8500 0.2500
vt 0.8500 0.1667
vt 0.8000 0.1667
vt 0.8500 0.2500
vt 0.9000 0.2500
vt 0.9000 0.1667
vt 0.8500 0.1667
vt 0.9000 0.2500
vt 0.9500 0.2500
vt 0.9500 0.1667
vt 0.9000 0.1667
vt 0.9500 0.2500
vt 1.0000 0.2500
vt 1.0000 0.1667
vt 0.9500 0.1667
vt 0.0000 0.1667
vt 0.0500 0.1667
vt 0.0500 0.0833
vt 0.0000 0.0833
vt 0.0500 0.1667
vt 0.1000 0.1667
vt 0.1000 0.0833
vt 0.0500 0.0833
vt 0.1000 0.1667
vt 0.1500 0.1667
vt 0.1500 0.0833
vt 0.1000 0.0833
vt 0.1500 0.1667
vt 0.2000 0.1667
vt 0.2000 0.0833
vt 0.1500 0.0833
vt 0.2000 0.1667
vt 0.2500 0.1667
vt 0.2500 0.0833
vt 0.2000 0.0833
vt 0.2500 0.1667
vt 0.3000 0.1667
vt 0.3000 0.0833
vt 0.2500 0.0833
vt 0.3000 0.1667
vt 0.3500 0.1667
vt 0.3500 0.0833
vt 0.3000 0.0833
vt 0.3500 0.1667
vt 0.4000 0.1667
vt 0.4000 0.0833
vt 0.3500 0.0833
vt 0.4000 0.1667
vt 0.4500 0.1667
vt 0.4500 0.0833
vt 0.4000 0.0833
vt 0.4500 0.1667
vt 0.5000 0.1667
vt 0.5000 0.0833
vt 0.4500 0.0833
vt 0.5000 0.1667
vt 0.5500 0.1667
vt 0.5500 0.0833
vt 0.5000 0.0833
vt 0.5500 0.1667
vt 0.6000 0.1667
vt 0.6000 0.0833
vt 0.5500 0.0833
vt 0.6000 0.1667
vt 0.6500 0.1667
vt 0.6500 0.0833
vt 0.6000 0.0833
vt 0.6500 0.1667
vt 0.7000 0.1667
vt 0.7000 0.0833
vt 0.6500 0.0833
vt 0.7000 0.1667
vt 0.7500 0.1667
vt 0.7500 0.0833
vt 0.7000 0.0833
vt 0.7500 0.1667
vt 0.8000 0.1667
vt 0.8000 0.0833
vt 0.7500 0.0833
vt 0.8000 0.1667
vt 0.8500 0.1667
vt 0.8500 0.0833
vt 0.8000 0.0833
vt 0.8500 0.1667
vt 0.9000 0.1667
vt 0.9000 0.0833
vt 0.8500 0.0833
vt 0.9000 0.1667
vt 0.9500 0.1667
vt 0.9500 0.0833
vt 0.9000 0.0833
vt 0.9500 0.1667
vt 1.0000 0.1667
vt 1.0000 0.0833
vt 0.9500 0.0833
vt 0.0000 0.0833
vt 0.0500 0.0833
vt 0.0500 0.0000
vt 0.0000 0.0000
vt 0.0500 0.0833
vt 0.1000 0.0833
vt 0.1000 0.0000
vt 0.0500 0.0000
vt 0.1000 0.0833
vt 0.1500 0.0833
vt 0.1500 0.0000
vt 0.1000 0.0000
vt 0.1500 0.0833
vt 0.2000 0.0833
vt 0.2000 0.0000
vt 0.1500 0.0000
vt 0.2000 0.0833
vt 0.2500 0.0833
vt 0.2500 0.0000
vt 0.2000 0.0000
vt 0.2500 0.0833
vt 0.3000 0.0833
vt 0.3000 0.0000
vt 0.2500 0.0000
vt 0.3000 0.0833
vt 0.3500 0.0833
vt 0.3500 0.0000
vt 0.3000 0.0000
vt 0.3500 0.0833
vt 0.4000 0.0833
vt 0.4000 0.0000
vt 0.3500 0.0000
vt 0.4000 0.0833
vt 0.4500 0.0833
vt 0.4500 0.0000
vt 0.4000 0.0000
vt 0.4500 0.0833
vt 0.5000 0.0833
vt 0.5000 0.0000
vt 0.4500 0.0000
vt 0.5000 0.0833
vt 0.5500 0.0833
vt 0.5500 0.0000
vt 0.5000 0.0000
vt 0.5500 0.0833
vt 0.6000 0.0833
vt 0.6000 0.0000
vt 0.5500 0.0000
vt 0.6000 0.0833
vt 0.6500 0.0833
vt 0.6500 0.0000
vt 0.6000 0.0000
vt 0.6500 0.0833
vt 0.7000 0.0833
vt 0.7000 0.0000
vt 0.6500 0.0000
vt 0.7000 0.0833
vt 0.7500 0.0833
vt 0.7500 0.0000
vt 0.7000 0.0000
vt 0.7500 0.0833
vt 0.8000 0.0833
vt 0.8000 0.0000
vt 0.7500 0.0000
vt 0.8000 0.0833
vt 0.8500 0.0833
vt 0.8500 0.0000
vt 0.8000 0.0000
vt 0.8500 0.0833
vt 0.9000 0.0833
vt 0.9000 0.0000
vt 0.8500 0.0000
vt 0.9000 0.0833
vt 0.9500 0.0833
vt 0.9500 0.0000
vt 0.9000 0.0000
vt 0.9500 0.0833
vt 1.0000 0.0833
vt 1.0000 0.0000
vt 0.9500 0.0000
vt 0.0000 1.0000
vt 0.0714 1.0000
vt 0.0714 0.8750
vt 0.0000 0.8750
vt 0.0714 1.0000
vt 0.1429 1.0000
vt 0.1429 0.8750
vt 0.0714 0.8750
vt 0.1429 1.0000
vt 0.2143 1.0000
vt 0.2143 0.8750
vt 0.1429 0.8750
vt 0.2143 1.0000
vt 0.2857 1.0000
vt 0.2857 0.8750
vt 0.2143 0.8750
vt 0.2857 1.0000
vt 0.3571 1.0000
vt 0.3571 0.8750
vt 0.2857 0.8750
vt 0.3571 1.0000
vt 0.4286 1.0000
vt 0.4286 0.8750
vt 0.3571 0.8750
vt 0.4286 1.0000
vt 0.5000 1.0000
vt 0.5000 0.8750
vt 0.4286 0.8750
vt 0.5000 1.0000
vt 0.5714 1.0000
vt 0.5714 0.8750
vt 0.5000 0.8750
vt 0.5714 1.0000
vt 0.6429 1.0000
vt 0.6429 0.8750
vt 0.5714 0.8750
vt 0.6429 1.0000
vt 0.7143 1.0000
vt 0.7143 0.8750
vt 0.6429 0.8750
vt 0.7143 1.0000
vt 0.7857 1.0000
vt 0.7857 0.8750
vt 0.7143 0.8750
vt 0.7857 1.0000
vt 0.8571 1.0000
vt 0.8571 0.8750
vt 0.7857 0.8750
vt 0.8571 1.0000
vt 0.9286 1.0000
vt 0.9286 0.8750
vt 0.8571 0.8750
vt 0.9286 1.0000
vt 1.0000 1.0000
vt 1.0000 0.8750
vt 0.9286 0.8750
vt 0.0000 0.8750
vt 0.0714 0.8750
vt 0.0714 0.7500
vt 0.0000 0.7500
vt 0.0714 0.8750
vt 0.1429 0.8750
vt 0.1429 0.7500
vt 0.0714 0.7500
vt 0.1429 0.8750
vt 0.2143 0.8750
vt 0.2143 0.7500
vt 0.1429 0.7500
vt 0.2143 0.8750
vt 0.2857 0.8750
vt 0.2857 0.7500
vt 0.2143 0.7500
vt 0.2857 0.8750
vt 0.3571 0.8750
vt 0.3571 0.7500
vt 0.2857 0.7500
vt 0.3571 0.8750
vt 0.4286 0.8750
vt 0.4286 0.7500
vt 0.3571 0.7500
vt 0.4286 0.8750
vt 0.5000 0.8750
vt 0.5000 0.7500
vt 0.4286 0.7500
vt 0.5000 0.8750
vt 0.5714 0.8750
vt 0.5714 0.7500
vt 0.5000 0.7500
vt 0.5714 0.8750
vt 0.6429 0.8750
vt 0.6429 0.7500
vt 0.5714 0.7500
vt 0.6429 0.8750
vt 0.7143 0.8750
vt 0.7143 0.7500
vt 0.6429 0.7500
vt 0.7143 0.8750
vt 0.7857 0.8750
vt 0.7857 0.7500
vt 0.7143 0.7500
vt 0.7857 0.8750
vt 0.8571 0.8750
vt 0.8571 0.7500
vt 0.7857 0.7500
vt 0.8571 0.8750
vt 0.9286 0.8750
vt 0.9286 0.7500
vt 0.8571 0.7500
vt 0.9286 0.8750
vt 1.0000 0.8750
vt 1.0000 0.7500
vt 0.9286 0.7500
vt 0.0000 0.7500
vt 0.0714 0.7500
vt 0.0714 0.6250
vt 0.0000 0.6250
vt 0.0714 0.7500
vt 0.1429 0.7500
vt 0.1429 0.6250
vt 0.0714 0.6250
vt 0.1429 0.7500
vt 0.2143 0.7500
vt 0.2143 0.6250
vt 0.1429 0.6250
vt 0.2143 0.7500
vt 0.2857 0.7500
vt 0.2857 0.6250
vt 0.2143 0.6250
vt 0.2857 0.7500
vt 0.3571 0.7500
vt 0.3571 0.6250
vt 0.2857 0.6250
vt 0.3571 0.7500
vt 0.4286 0.7500
vt 0.4286 0.6250
vt 0.3571 0.6250
vt 0.4286 0.7500
vt 0.5000 0.7500
vt 0.5000 0.6250
vt 0.4286 0.6250
vt 0.5000 0.7500
vt 0.5714 0.7500
vt 0.5714 0.6250
vt 0.5000 0.6250
vt 0.5714 0.7500
vt 0.6429 0.7500
vt 0.6429 0.6250
vt 0.5714 0.6250
vt 0.6429 0.7500
vt 0.7143 0.7500
vt 0.7143 0.6250
vt 0.6429 0.6250
vt 0.7143 0.7500
vt 0.7857 0.7500
vt 0.7857 0.6250
vt 0.7143 0.6250
vt 0.7857 0.7500
vt 0.8571 0.7500
vt 0.8571 0.6250
vt 0.7857 0.6250
vt 0.8571 0.7500
vt 0.9286 0.7500
vt 0.9286 0.6250
vt 0.8571 0.6250
vt 0.9286 0.7500
vt 1.0000 0.7500
vt 1.0000 0.6250
vt 0.9286 0.6250
vt 0.0000 0.6250
vt 0.0714 0.6250
vt 0.0714 0.5000
vt 0.0000 0.5000
vt 0.0714 0.6250
vt 0.1429 0.6250
vt 0.1429 0.5000
vt 0.0714 0.5000
vt 0.1429 0.6250
vt 0.2143 0.6250
vt 0.2143 0.5000
vt 0.1429 0.5000
vt 0.2143 0.6250
vt 0.2857 0.6250
vt 0.2857 0.5000
vt 0.2143 0.5000
vt 0.2857 0.6250
vt 0.3571 0.6250
vt 0.3571 0.5000
vt 0.2857 0.5000
vt 0.3571 0.6250
vt 0.4286 0.6250
vt 0.4286 0.5000
vt 0.3571 0.5000
vt 0.4286 0.6250
vt 0.5000 0.6250
vt 0.5000 0.5000
vt 0.4286 0.5000
vt 0.5000 0.6250
vt 0.5714 0.6250
vt 0.5714 0.5000
vt 0.5000 0.5000
vt 0.5714 0.6250
vt 0.6429 0.6250
vt 0.6429 0.5000
vt 0.5714 0.5000
vt 0.6429 0.6250
vt 0.7143 0.6250
vt 0.7143 0.5000
vt 0.6429 0.5000
vt 0.7143 0.6250
vt 0.7857 0.6250
vt 0.7857 0.5000
vt 0.7143 0.5000
vt 0.7857 0.6250
vt 0.8571 0.6250
vt 0.8571 0.5000
vt 0.7857 0.5000
vt 0.8571 0.6250
vt 0.9286 0.6250
vt 0.9286 0.5000
vt 0.8571 0.5000
vt 0.9286 0.6250
vt 1.0000 0.6250
vt 1.0000 0.5000
vt 0.9286 0.5000
vt 0.0000 0.5000
vt 0.0714 0.5000
vt 0.0714 0.3750
vt 0.0000 0.3750
vt 0.0714 0.5000
vt 0.1429 0.5000
vt 0.1429 0.3750
vt 0.0714 0.3750
vt 0.1429 0.5000
vt 0.2143 0.5000
vt 0.2143 0.3750
vt 0.1429 0.3750
vt 0.2143 0.5000
vt 0.2857 0.5000
vt 0.2857 0.3750
vt 0.2143 0.3750
vt 0.2857 0.5000
vt 0.3571 0.5000
vt 0.3571 0.3750
vt 0.2857 0.3750
vt 0.3571 0.5000
vt 0.4286 0.5000
vt 0.4286 0.3750
vt 0.3571 0.3750
vt 0.4286 0.5000
vt 0.5000 0.5000
vt 0.5000 0.3750
vt 0.4286 0.3750
vt 0.5000 0.5000
vt 0.5714 0.5000
vt 0.5714 0.3750
vt 0.5000 0.3750
vt 0.5714 0.5000
vt 0.6429 0.5000
vt 0.6429 0.3750
vt 0.5714 0.3750
vt 0.6429 0.5000
vt 0.7143 0.5000
vt 0.7143 0.3750
vt 0.6429 0.3750
vt 0.7143 0.5000
vt 0.7857 0.5000
vt 0.7857 0.3750
vt 0.7143 0.3750
vt 0.7857 0.5000
vt 0.8571 0.5000
vt 0.8571 0.3750
vt 0.7857 0.3750
vt 0.8571 0.5000
vt 0.9286 0.5000
vt 0.9286 0.3750
vt 0.8571 0.3750
vt 0.9286 0.5000
vt 1.0000 0.5000
vt 1.0000 0.3750
vt 0.9286 0.3750
vt 0.0000 0.3750
vt 0.0714 0.3750
vt 0.0714 0.2500
vt 0.0000 0.2500
vt 0.0714 0.3750
vt 0.1429 0.3750
vt 0.1429 0.2500
vt 0.0714 0.2500
vt 0.1429 0.3750
vt 0.2143 0.3750
vt 0.2143 0.2500
vt 0.1429 0.2500
vt 0.2143 0.3750
vt 0.2857 0.3750
vt 0.2857 0.2500
vt 0.2143 0.2500
vt 0.2857 0.3750
vt 0.3571 0.3750
vt 0.3571 0.2500
vt 0.2857 0.2500
vt 0.3571 0.3750
vt 0.4286 0.3750
vt 0.4286 0.2500
vt 0.3571 0.2500
vt 0.4286 0.3750
vt 0.5000 0.3750
vt 0.5000 0.2500
vt 0.4286 0.2500
vt 0.5000 0.3750
vt 0.5714 0.3750
vt 0.5714 0.2500
vt 0.5000 0.2500
vt 0.5714 0.3750
vt 0.6429 0.3750
vt 0.6429 0.2500
vt 0.5714 0.2500
vt 0.6429 0.3750
vt 0.7143 0.3750
vt 0.7143 0.2500
vt 0.6429 0.2500
vt 0.7143 0.3750
vt 0.7857 0.3750
vt 0.7857 0.2500
vt 0.7143 0.2500
vt 0.7857 0.3750
vt 0.8571 0.3750
vt 0.8571 0.2500
vt 0.7857 0.2500
vt 0.8571 0.3750
vt 0.9286 0.3750
vt 0.9286 0.2500
vt 0.8571 0.2500
vt 0.9286 0.3750
vt 1.0000 0.3750
vt 1.0000 0.2500
vt 0.9286 0.2500
vt 0.0000 0.2500
vt 0.0714 0.2500
vt 0.0714 0.1250
vt 0.0000 0.1250
vt 0.0714 0.2500
vt 0.1429 0.2500
vt 0.1429 0.1250
vt 0.0714 0.1250
vt 0.1429 0.2500
vt 0.2143 0.2500
vt 0.2143 0.1250
vt 0.1429 0.1250
vt 0.2143 0.2500
vt 0.2857 0.2500
vt 0.2857 0.1250
vt 0.2143 0.1250
vt 0.2857 0.2500
vt 0.3571 0.2500
vt 0.3571 0.1250
vt 0.2857 0.1250
vt 0.3571 0.2500
vt 0.4286 0.2500
vt 0.4286 0.1250
vt 0.3571 0.1250
vt 0.4286 0.2500
vt 0.5000 0.2500
vt 0.5000 0.1250
vt 0.4286 0.1250
vt 0.5000 0.2500
vt 0.5714 0.2500
vt 0.5714 0.1250
vt 0.5000 0.1250
vt 0.5714 0.2500
vt 0.6429 0.2500
vt 0.6429 0.1250
vt 0.5714 0.1250
vt 0.6429 0.2500
vt 0.7143 0.2500
vt 0.7143 0.1250
vt 0.6429 0.1250
vt 0.7143 0.2500
vt 0.7857 0.2500
vt 0.7857 0.1250
vt 0.7143 0.1250
vt 0.7857 0.2500
vt 0.8571 0.2500
vt 0.8571 0.1250
vt 0.7857 0.1250
vt 0.8571 0.2500
vt 0.9286 0.2500
vt 0.9286 0.1250
vt 0.8571 0.1250
vt 0.9286 0.2500
vt 1.0000 0.2500
vt 1.0000 0.1250
vt 0.9286 0.1250
vt 0.0000 0.1250
vt 0.0714 0.1250
vt 0.0714 0.0000
vt 0.0000 0.0000
vt 0.0714 0.1250
vt 0.1429 0.1250
vt 0.1429 0.0000
vt 0.0714 0.0000
vt 0.1429 0.1250
vt 0.2143 0.1250
vt 0.2143 0.0000
vt 0.1429 0.0000
vt 0.2143 0.1250
vt 0.2857 0.1250
vt 0.2857 0.0000
vt 0.2143 0.0000
vt 0.2857 0.1250
vt 0.3571 0.1250
vt 0.3571 0.0000
vt 0.2857 0.0000
vt 0.3571 0.1250
vt 0.4286 0.1250
vt 0.4286 0.0000
vt 0.3571 0.0000
vt 0.4286 0.1250
vt 0.5000 0.1250
vt 0.5000 0.0000
vt 0.4286 0.0000
vt 0.5000 0.1250
vt 0.5714 0.1250
vt 0.5714 0.0000
vt 0.5000 0.0000
vt 0.5714 0.1250
vt 0.6429 0.1250
vt 0.6429 0.0000
vt 0.5714 0.0000
vt 0.6429 0.1250
vt 0.7143 0.1250
vt 0.7143 0.0000
vt 0.6429 0.0000
vt 0.7143 0.1250
vt 0.7857 0.1250
vt 0.7857 0.0000
vt 0.7143 0.0000
vt 0.7857 0.1250
vt 0.8571 0.1250
vt 0.8571 0.0000
vt 0.7857 0.0000
vt 0.8571 0.1250
vt 0.9286 0.1250
vt 0.9286 0.0000
vt 0.8571 0.0000
vt 0.9286 0.1250
vt 1.0000 0.1250
vt 1.0000 0.0000
vt 0.9286 0.0000
vt 0.0000 1.0000
vt 0.1000 1.0000
vt 0.1000 0.8333
vt 0.0000 0.8333
vt 0.1000 1.0000
vt 0.2000 1.0000
vt 0.2000 0.8333
vt 0.1000 0.8333
vt 0.2000 1.0000
vt 0.3000 1.0000
vt 0.3000 0.8333
vt 0.2000 0.8333
vt 0.3000 1.0000
vt 0.4000 1.0000
vt 0.4000 0.8333
vt 0.3000 0.8333
vt 0.4000 1.0000
vt 0.5000 1.0000
vt 0.5000 0.8333
vt 0.4000 0.8333
vt 0.5000 1.0000
vt 0.6000 1.0000
vt 0.6000 0.8333
vt 0.5000 0.8333
vt 0.6000 1.0000
vt 0.7000 1.0000
vt 0.7000 0.8333
vt 0.6000 0.8333
vt 0.7000 1.0000
vt 0.8000 1.0000
vt 0.8000 0.8333
vt 0.7000 0.8333
vt 0.8000 1.0000
vt 0.9000 1.0000
vt 0.9000 0.8333
vt 0.8000 0.8333
vt 0.9000 1.0000
vt 1.0000 1.0000
vt 1.0000 0.8333
vt 0.9000 0.8333
vt 0.0000 0.8333
vt 0.1000 0.8333
vt 0.1000 0.6667
vt 0.0000 0.6667
vt 0.1000 0.8333
vt 0.2000 0.8333
vt 0.2000 0.6667
vt 0.1000 0.6667
vt 0.2000 0.8333
vt 0.3000 0.8333
vt 0.3000 0.6667
vt 0.2000 0.6667
vt 0.3000 0.8333
vt 0.4000 0.8333
vt 0.4000 0.6667
vt 0.3000 0.6667
vt 0.4000 0.8333
vt 0.5000 0.8333
vt 0.5000 0.6667
vt 0.4000 0.6667
vt 0.5000 0.8333
vt 0.6000 0.8333
vt 0.6000 0.6667
vt 0.5000 0.6667
vt 0.6000 0.8333
vt 0.7000 0.8333
vt 0.7000 0.6667
vt 0.6000 0.6667
vt 0.7000 0.8333
vt 0.8000 0.8333
vt 0.8000 0.6667
vt 0.7000 0.6667
vt 0.8000 0.8333
vt 0.9000 0.8333
vt 0.9000 0.6667
vt 0.8000 0.6667
vt 0.9000 0.8333
vt 1.0000 0.8333
vt 1.0000 0.6667
vt 0.9000 0.6667
vt 0.0000 0.6667
vt 0.1000 0.6667
vt 0.1000 0.5000
vt 0.0000 0.5000
vt 0.1000 0.6667
vt 0.2000 0.6667
vt 0.2000 0.5000
vt 0.1000 0.5000
vt 0.2000 0.6667
vt 0.3000 0.6667
vt 0.3000 0.5000
vt 0.2000 0.5000
vt 0.3000 0.6667
vt 0.4000 0.6667
vt 0.4000 0.5000
vt 0.3000 0.5000
vt 0.4000 0.6667
vt 0.5000 0.6667
vt 0.5000 0.5000
vt 0.4000 0.5000
vt 0.5000 0.6667
vt 0.6000 0.6667
vt 0.6000 0.5000
vt 0.5000 0.5000
vt 0.6000 0.6667
vt 0.7000 0.6667
vt 0.7000 0.5000
vt 0.6000 0.5000
vt 0.7000 0.6667
vt 0.8000 0.6667
vt 0.8000 0.5000
vt 0.7000 0.5000
vt 0.8000 0.6667
vt 0.9000 0.6667
vt 0.9000 0.5000
vt 0.8000 0.5000
vt 0.9000 0.6667
vt 1.0000 0.6667
vt 1.0000 0.5000
vt 0.9000 0.5000
vt 0.0000 0.5000
vt 0.1000 0.5000
vt 0.1000 0.3333
vt 0.0000 0.3333
vt 0.1000 0.5000
vt 0.2000 0.5000
vt 0.2000 0.3333
vt 0.1000 0.3333
vt 0.2000 0.5000
vt 0.3000 0.5000
vt 0.3000 0.3333
vt 0.2000 0.3333
vt 0.3000 0.5000
vt 0.4000 0.5000
vt 0.4000 0.3333
vt 0.3000 0.3333
vt 0.4000 0.5000
vt 0.5000 0.5000
vt 0.5000 0.3333
vt 0.4000 0.3333
vt 0.5000 0.5000
vt 0.6000 0.5000
vt 0.6000 0.3333
vt 0.5000 0.3333
vt 0.6000 0.5000
vt 0.7000 0.5000
vt 0.7000 0.3333
vt 0.6000 0.3333
vt 0.7000 0.5000
vt 0.8000 0.5000
vt 0.8000 0.3333
vt 0.7000 0.3333
vt 0.8000 0.5000
vt 0.9000 0.5000
vt 0.9000 0.3333
vt 0.8000 0.3333
vt 0.9000 0.5000
vt 1.0000 0.5000
vt 1.0000 0.3333
vt 0.9000 0.3333
vt 0.0000 0.3333
vt 0.1000 0.3333
vt 0.1000 0.1667
vt 0.0000 0.1667
vt 0.1000 0.3333
vt 0.2000 0.3333
vt 0.2000 0.1667
vt 0.1000 0.1667
vt 0.2000 0.3333
vt 0.3000 0.3333
vt 0.3000 0.1667
vt 0.2000 0.1667
vt 0.3000 0.3333
vt 0.4000 0.3333
vt 0.4000 0.1667
vt 0.3000 0.1667
vt 0.4000 0.3333
vt 0.5000 0.3333
vt 0.5000 0.1667
vt 0.4000 0.1667
vt 0.5000 0.3333
vt 0.6000 0.3333
vt 0.6000 0.1667
vt 0.5000 0.1667
vt 0.6000 0.3333
vt 0.7000 0.3333
vt 0.7000 0.1667
vt 0.6000 0.1667
vt 0.7000 0.3333
vt 0.8000 0.3333
vt 0.8000 0.1667
vt 0.7000 0.1667
vt 0.8000 0.3333
vt 0.9000 0.3333
vt 0.9000 0.1667
vt 0.8000 0.1667
vt 0.9000 0.3333
vt 1.0000 0.3333
vt 1.0000 0.1667
vt 0.9000 0.1667
vt 0.0000 0.1667
vt 0.1000 0.1667
vt 0.1000 0.0000
vt 0.0000 0.0000
vt 0.1000 0.1667
vt 0.2000 0.1667
vt 0.2000 0.0000
vt 0.1000 0.0000
vt 0.2000 0.1667
vt 0.3000 0.1667
vt 0.3000 0.0000
vt 0.2000 0.0000
vt 0.3000 0.1667
vt 0.4000 0.1667
vt 0.4000 0.0000
vt 0.3000 0.0000
vt 0.4000 0.1667
vt 0.5000 0.1667
vt 0.5000 0.0000
vt 0.4000 0.0000
vt 0.5000 0.1667
vt 0.6000 0.1667
vt 0.6000 0.0000
vt 0.5000 0.0000
vt 0.6000 0.1667
vt 0.7000 0.1667
vt 0.7000 0.0000
vt 0.6000 0.0000
vt 0.7000 0.1667
vt 0.8000 0.1667
vt 0.8000 0.0000
vt 0.7000 0.0000
vt 0.8000 0.1667
vt 0.9000 0.1667
vt 0.9000 0.0000
vt 0.8000 0.0000
vt 0.9000 0.1667
vt 1.0000 0.1667
vt 1.0000 0.0000
vt 0.9000 0.0000
vt 0.0000 1.0000
vt 0.1000 1.0000
vt 0.1000 0.8333
vt 0.0000 0.8333
vt 0.1000 1.0000
vt 0.2000 1.0000
vt 0.2000 0.8333
vt 0.1000 0.8333
vt 0.2000 1.0000
vt 0.3000 1.0000
vt 0.3000 0.8333
vt 0.2000 0.8333
vt 0.3000 1.0000
vt 0.4000 1.0000
vt 0.4000 0.8333
vt 0.3000 0.8333
vt 0.4000 1.0000
vt 0.5000 1.0000
vt 0.5000 0.8333
vt 0.4000 0.8333
vt 0.5000 1.0000
vt 0.6000 1.0000
vt 0.6000 0.8333
vt 0.5000 0.8333
vt 0.6000 1.0000
vt 0.7000 1.0000
vt 0.7000 0.8333
vt 0.6000 0.8333
vt 0.7000 1.0000
vt 0.8000 1.0000
vt 0.8000 0.8333
vt 0.7000 0.8333
vt 0.8000 1.0000
vt 0.9000 1.0000
vt 0.9000 0.8333
vt 0.8000 0.8333
vt 0.9000 1.0000
vt 1.0000 1.0000
vt 1.0000 0.8333
vt 0.9000 0.8333
vt 0.0000 0.8333
vt 0.1000 0.8333
vt 0.1000 0.6667
vt 0.0000 0.6667
vt 0.1000 0.8333
vt 0.2000 0.8333
vt 0.2000 0.6667
vt 0.1000 0.6667
vt 0.2000 0.8333
vt 0.3000 0.8333
vt 0.3000 0.6667
vt 0.2000 0.6667
vt 0.3000 0.8333
vt 0.4000 0.8333
vt 0.4000 0.6667
vt 0.3000 0.6667
vt 0.4000 0.8333
vt 0.5000 0.8333
vt 0.5000 0.6667
vt 0.4000 0.6667
vt 0.5000 0.8333
vt 0.6000 0.8333
vt 0.6000 0.6667
vt 0.5000 0.6667
vt 0.6000 0.8333
vt 0.7000 0.8333
vt 0.7000 0.6667
vt 0.6000 0.6667
vt 0.7000 0.8333
vt 0.8000 0.8333
vt 0.8000 0.6667
vt 0.7000 0.6667
vt 0.8000 0.8333
vt 0.9000 0.8333
vt 0.9000 0.6667
vt 0.8000 0.6667
vt 0.9000 0.8333
vt 1.0000 0.8333
vt 1.0000 0.6667
vt 0.9000 0.6667
vt 0.0000 0.6667
vt 0.1000 0.6667
vt 0.1000 0.5000
vt 0.0000 0.5000
vt 0.1000 0.6667
vt 0.2000 0.6667
vt 0.2000 0.5000
vt 0.1000 0.5000
vt 0.2000 0.6667
vt 0.3000 0.6667
vt 0.3000 0.5000
vt 0.2000 0.5000
vt 0.3000 0.6667
vt 0.4000 0.6667
vt 0.4000 0.5000
vt 0.3000 0.5000
vt 0.4000 0.6667
vt 0.5000 0.6667
vt 0.5000 0.5000
vt 0.4000 0.5000
vt 0.5000 0.6667
vt 0.6000 0.6667
vt 0.6000 0.5000
vt 0.5000 0.5000
vt 0.6000 0.6667
vt 0.7000 0.6667
vt 0.7000 0.5000
vt 0.6000 0.5000
vt 0.7000 0.6667
vt 0.8000 0.6667
vt 0.8000 0.5000
vt 0.7000 0.5000
vt 0.8000 0.6667
vt 0.9000 0.6667
vt 0.9000 0.5000
vt 0.8000 0.5000
vt 0.9000 0.6667
vt 1.0000 0.6667
vt 1.0000 0.5000
vt 0.9000 0.5000
vt 0.0000 0.5000
vt 0.1000 0.5000
vt 0.1000 0.3333
vt 0.0000 0.3333
vt 0.1000 0.5000
vt 0.2000 0.5000
vt 0.2000 0.3333
vt 0.1000 0.3333
vt 0.2000 0.5000
vt 0.3000 0.5000
vt 0.3000 0.3333
vt 0.2000 0.3333
vt 0.3000 0.5000
vt 0.4000 0.5000
vt 0.4000 0.3333
vt 0.3000 0.3333
vt 0.4000 0.5000
vt 0.5000 0.5000
vt 0.5000 0.3333
vt 0.4000 0.3333
vt 0.5000 0.5000
vt 0.6000 0.5000
vt 0.6000 0.3333
vt 0.5000 0.3333
vt 0.6000 0.5000
vt 0.7000 0.5000
vt 0.7000 0.3333
vt 0.6000 0.3333
vt 0.7000 0.5000
vt 0.8000 0.5000
vt 0.8000 0.3333
vt 0.7000 0.3333
vt 0.8000 0.5000
vt 0.9000 0.5000
vt 0.9000 0.3333
vt 0.8000 0.3333
vt 0.9000 0.5000
vt 1.0000 0.5000
vt 1.0000 0.3333
vt 0.9000 0.3333
vt 0.0000 0.3333
vt 0.1000 0.3333
vt 0.1000 0.1667
vt 0.0000 0.1667
vt 0.1000 0.3333
vt 0.2000 0.3333
vt 0.2000 0.1667
vt 0.1000 0.1667
vt 0.2000 0.3333
vt 0.3000 0.3333
vt 0.3000 0.1667
vt 0.2000 0.1667
vt 0.3000 0.3333
vt 0.4000 0.3333
vt 0.4000 0.1667
vt 0.3000 0.1667
vt 0.4000 0.3333
vt 0.5000 0.3333
vt 0.5000 0.1667
vt 0.4000 0.1667
vt 0.5000 0.3333
vt 0.6000 0.3333
vt 0.6000 0.1667
vt 0.5000 0.1667
vt 0.6000 0.3333
vt 0.7000 0.3333
vt 0.7000 0.1667
vt 0.6000 0.1667
vt 0.7000 0.3333
vt 0.8000 0.3333
vt 0.8000 0.1667
vt 0.7000 0.1667
vt 0.8000 0.3333
vt 0.9000 0.3333
vt 0.9000 0.1667
vt 0.8000 0.1667
vt 0.9000 0.3333
vt 1.0000 0.3333
vt 1.0000 0.1667
vt 0.9000 0.1667
vt 0.0000 0.1667
vt 0.1000 0.1667
vt 0.1000 0.0000
vt 0.0000 0.0000
vt 0.1000 0.1667
vt 0.2000 0.1667
vt 0.2000 0.0000
vt 0.1000 0.0000
vt 0.2000 0.1667
vt 0.3000 0.1667
vt 0.3000 0.0000
vt 0.2000 0.0000
vt 0.3000 0.1667
vt 0.4000 0.1667
vt 0.4000 0.0000
vt 0.3000 0.0000
vt 0.4000 0.1667
vt 0.5000 0.1667
vt 0.5000 0.0000
vt 0.4000 0.0000
vt 0.5000 0.1667
vt 0.6000 0.1667
vt 0.6000 0.0000
vt 0.5000 0.0000
vt 0.6000 0.1667
vt 0.7000 0.1667
vt 0.7000 0.0000
vt 0.6000 0.0000
vt 0.7000 0.1667
vt 0.8000 0.1667
vt 0.8000 0.0000
vt 0.7000 0.0000
vt 0.8000 0.1667
vt 0.9000 0.1667
vt 0.9000 0.0000
vt 0.8000 0.0000
vt 0.9000 0.1667
vt 1.0000 0.1667
vt 1.0000 0.0000
vt 0.9000 0.0000
vt 0.0000 1.0000
vt 0.1000 1.0000
vt 0.1000 0.8333
vt 0.0000 0.8333
vt 0.1000 1.0000
vt 0.2000 1.0000
vt 0.2000 0.8333
vt 0.1000 0.8333
vt 0.2000 1.0000
vt 0.3000 1.0000
vt 0.3000 0.8333
vt 0.2000 0.8333
vt 0.3000 1.0000
vt 0.4000 1.0000
vt 0.4000 0.8333
vt 0.3000 0.8333
vt 0.4000 1.0000
vt 0.5000 1.0000
vt 0.5000 0.8333
vt 0.4000 0.8333
vt 0.5000 1.0000
vt 0.6000 1.0000
vt 0.6000 0.8333
vt 0.5000 0.8333
vt 0.6000 1.0000
vt 0.7000 1.0000
vt 0.7000 0.8333
vt 0.6000 0.8333
vt 0.7000 1.0000
vt 0.8000 1.0000
vt 0.8000 0.8333
vt 0.7000 0.8333
vt 0.8000 1.0000
vt 0.9000 1.0000
vt 0.9000 0.8333
vt 0.8000 0.8333
vt 0.9000 1.0000
vt 1.0000 1.0000
vt 1.0000 0.8333
vt 0.9000 0.8333
vt 0.0000 0.8333
vt 0.1000 0.8333
vt 0.1000 0.6667
vt 0.0000 0.6667
vt 0.1000 0.8333
vt 0.2000 0.8333
vt 0.2000 0.6667
vt 0.1000 0.6667
vt 0.2000 0.8333
vt 0.3000 0.8333
vt 0.3000 0.6667
vt 0.2000 0.6667
vt 0.3000 0.8333
vt 0.4000 0.8333
vt 0.4000 0.6667
vt 0.3000 0.6667
vt 0.4000 0.8333
vt 0.5000 0.8333
vt 0.5000 0.6667
vt 0.4000 0.6667
vt 0.5000 0.8333
vt 0.6000 0.8333
vt 0.6000 0.6667
vt 0.5000 0.6667
vt 0.6000 0.8333
vt 0.7000 0.8333
vt 0.7000 0.6667
vt 0.6000 0.6667
vt 0.7000 0.8333
vt 0.8000 0.8333
vt 0.8000 0.6667
vt 0.7000 0.6667
vt 0.8000 0.8333
vt 0.9000 0.8333
vt 0.9000 0.6667
vt 0.8000 0.6667
vt 0.9000 0.8333
vt 1.0000 0.8333
vt 1.0000 0.6667
vt 0.9000 0.6667
vt 0.0000 0.6667
vt 0.1000 0.6667
vt 0.1000 0.5000
vt 0.0000 0.5000
vt 0.1000 0.6667
vt 0.2000 0.6667
vt 0.2000 0.5000
vt 0.1000 0.5000
vt 0.2000 0.6667
vt 0.3000 0.6667
vt 0.3000 0.5000
vt 0.2000 0.5000
vt 0.3000 0.6667
vt 0.4000 0.6667
vt 0.4000 0.5000
vt 0.3000 0.5000
vt 0.4000 0.6667
vt 0.5000 0.6667
vt 0.5000 0.5000
vt 0.4000 0.5000
vt 0.5000 0.6667
vt 0.6000 0.6667
vt 0.6000 0.5000
vt 0.5000 0.5000
vt 0.6000 0.6667
vt 0.7000 0.6667
vt 0.7000 0.5000
vt 0.6000 0.5000
vt 0.7000 0.6667
vt 0.8000 0.6667
vt 0.8000 0.5000
vt 0.7000 0.5000
vt 0.8000 0.6667
vt 0.9000 0.6667
vt 0.9000 0.5000
vt 0.8000 0.5000
vt 0.9000 0.6667
vt 1.0000 0.6667
vt 1.0000 0.5000
vt 0.9000 0.5000
vt 0.0000 0.5000
vt 0.1000 0.5000
vt 0.1000 0.3333
vt 0.0000 0.3333
vt 0.1000 0.5000
vt 0.2000 0.5000
vt 0.2000 0.3333
vt 0.1000 0.3333
vt 0.2000 0.5000
vt 0.3000 0.5000
vt 0.3000 0.3333
vt 0.2000 0.3333
vt 0.3000 0.5000
vt 0.4000 0.5000
vt 0.4000 0.3333
vt 0.3000 0.3333
vt 0.4000 0.5000
vt 0.5000 0.5000
vt 0.5000 0.3333
vt 0.4000 0.3333
vt 0.5000 0.5000
vt 0.6000 0.5000
vt 0.6000 0.3333
vt 0.5000 0.3333
vt 0.6000 0.5000
vt 0.7000 0.5000
vt 0.7000 0.3333
vt 0.6000 0.3333
vt 0.7000 0.5000
vt 0.8000 0.5000
vt 0.8000 0.3333
vt 0.7000 0.3333
vt 0.8000 0.5000
vt 0.9000 0.5000
vt 0.9000 0.3333
vt 0.8000 0.3333
vt 0.9000 0.5000
vt 1.0000 0.5000
vt 1.0000 0.3333
vt 0.9000 0.3333
vt 0.0000 0.3333
vt 0.1000 0.3333
vt 0.1000 0.1667
vt 0.0000 0.1667
vt 0.1000 0.3333
vt 0.2000 0.3333
vt 0.2000 0.1667
vt 0.1000 0.1667
vt 0.2000 0.3333
vt 0.3000 0.3333
vt 0.3000 0.1667
vt 0.2000 0.1667
vt 0.3000 0.3333
vt 0.4000 0.3333
vt 0.4000 0.1667
vt 0.3000 0.1667
vt 0.4000 0.3333
vt 0.5000 0.3333
vt 0.5000 0.1667
vt 0.4000 0.1667
vt 0.5000 0.3333
vt 0.6000 0.3333
vt 0.6000 0.1667
vt 0.5000 0.1667
vt 0.6000 0.3333
vt 0.7000 0.3333
vt 0.7000 0.1667
vt 0.6000 0.1667
vt 0.7000 0.3333
vt 0.8000 0.3333
vt 0.8000 0.1667
vt 0.7000 0.1667
vt 0.8000 0.3333
vt 0.9000 0.3333
vt 0.9000 0.1667
vt 0.8000 0.1667
vt 0.9000 0.3333
vt 1.0000 0.3333
vt 1.0000 0.1667
vt 0.9000 0.1667
vt 0.0000 0.1667
vt 0.1000 0.1667
vt 0.1000 0.0000
vt 0.0000 0.0000
vt 0.1000 0.1667
vt 0.2000 0.1667
vt 0.2000 0.0000
vt 0.1000 0.0000
vt 0.2000 0.1667
vt 0.3000 0.1667
vt 0.3000 0.0000
vt 0.2000 0.0000
vt 0.3000 0.1667
vt 0.4000 0.1667
vt 0.4000 0.0000
vt 0.3000 0.0000
vt 0.4000 0.1667
vt 0.5000 0.1667
vt 0.5000 0.0000
vt 0.4000 0.0000
vt 0.5000 0.1667
vt 0.6000 0.1667
vt 0.6000 0.0000
vt 0.5000 0.0000
vt 0.6000 0.1667
vt 0.7000 0.1667
vt 0.7000 0.0000
vt 0.6000 0.0000
vt 0.7000 0.1667
vt 0.8000 0.1667
vt 0.8000 0.0000
vt 0.7000 0.0000
vt 0.8000 0.1667
vt 0.9000 0.1667
vt 0.9000 0.0000
vt 0.8000 0.0000
vt 0.9000 0.1667
vt 1.0000 0.1667
vt 1.0000 0.0000
vt 0.9000 0.0000
vt 0.0000 1.0000
vt 0.1000 1.0000
vt 0.1000 0.8333
vt 0.0000 0.8333
vt 0.1000 1.0000
vt 0.2000 1.0000
vt 0.2000 0.8333
vt 0.1000 0.8333
vt 0.2000 1.0000
vt 0.3000 1.0000
vt 0.3000 0.8333
vt 0.2000 0.8333
vt 0.3000 1.0000
vt 0.4000 1.0000
vt 0.4000 0.8333
vt 0.3000 0.8333
vt 0.4000 1.0000
vt 0.5000 1.0000
vt 0.5000 0.8333
vt 0.4000 0.8333
vt 0.5000 1.0000
vt 0.6000 1.0000
vt 0.6000 0.8333
vt 0.5000 0.8333
vt 0.6000 1.0000
vt 0.7000 1.0000
vt 0.7000 0.8333
vt 0.6000 0.8333
vt 0.7000 1.0000
vt 0.8000 1.0000
vt 0.8000 0.8333
vt 0.7000 0.8333
vt 0.8000 1.0000
vt 0.9000 1.0000
vt 0.9000 0.8333
vt 0.8000 0.8333
vt 0.9000 1.0000
vt 1.0000 1.0000
vt 1.0000 0.8333
vt 0.9000 0.8333
vt 0.0000 0.8333
vt 0.1000 0.8333
vt 0.1000 0.6667
vt 0.0000 0.6667
vt 0.1000 0.8333
vt 0.2000 0.8333
vt 0.2000 0.6667
vt 0.1000 0.6667
vt 0.2000 0.8333
vt 0.3000 0.8333
vt 0.3000 0.6667
vt 0.2000 0.6667
vt 0.3000 0.8333
vt 0.4000 0.8333
vt 0.4000 0.6667
vt 0.3000 0.6667
vt 0.4000 0.8333
vt 0.5000 0.8333
vt 0.5000 0.6667
vt 0.4000 0.6667
vt 0.5000 0.8333
vt 0.6000 0.8333
vt 0.6000 0.6667
vt 0.5000 0.6667
vt 0.6000 0.8333
vt 0.7000 0.8333
vt 0.7000 0.6667
vt 0.6000 0.6667
vt 0.7000 0.8333
vt 0.8000 0.8333
vt 0.8000 0.6667
vt 0.7000 0.6667
vt 0.8000 0.8333
vt 0.9000 0.8333
vt 0.9000 0.6667
vt 0.8000 0.6667
vt 0.9000 0.8333
vt 1.0000 0.8333
vt 1.0000 0.6667
vt 0.9000 0.6667
vt 0.0000 0.6667
vt 0.1000 0.6667
vt 0.1000 0.5000
vt 0.0000 0.5000
vt 0.1000 0.6667
vt 0.2000 0.6667
vt 0.2000 0.5000
vt 0.1000 0.5000
vt 0.2000 0.6667
vt 0.3000 0.6667
vt 0.3000 0.5000
vt 0.2000 0.5000
vt 0.3000 0.6667
vt 0.4000 0.6667
vt 0.4000 0.5000
vt 0.3000 0.5000
vt 0.4000 0.6667
vt 0.5000 0.6667
vt 0.5000 0.5000
vt 0.4000 0.5000
vt 0.5000 0.6667
vt 0.6000 0.6667
vt 0.6000 0.5000
vt 0.5000 0.5000
vt 0.6000 0.6667
vt 0.7000 0.6667
vt 0.7000 0.5000
vt 0.6000 0.5000
vt 0.7000 0.6667
vt 0.8000 0.6667
vt 0.8000 0.5000
vt 0.7000 0.5000
vt 0.8000 0.6667
vt 0.9000 0.6667
vt 0.9000 0.5000
vt 0.8000 0.5000
vt 0.9000 0.6667
vt 1.0000 0.6667
vt 1.0000 0.5000
vt 0.9000 0.5000
vt 0.0000 0.5000
vt 0.1000 0.5000
vt 0.1000 0.3333
vt 0.0000 0.3333
vt 0.1000 0.5000
vt 0.2000 0.5000
vt 0.2000 0.3333
vt 0.1000 0.3333
vt 0.2000 0.5000
vt 0.3000 0.5000
vt 0.3000 0.3333
vt 0.2000 0.3333
vt 0.3000 0.5000
vt 0.4000 0.5000
vt 0.4000 0.3333
vt 0.3000 0.3333
vt 0.4000 0.5000
vt 0.5000 0.5000
vt 0.5000 0.3333
vt 0.4000 0.3333
vt 0.5000 0.5000
vt 0.6000 0.5000
vt 0.6000 0.3333
vt 0.5000 0.3333
vt 0.6000 0.5000
vt 0.7000 0.5000
vt 0.7000 0.3333
vt 0.6000 0.3333
vt 0.7000 0.5000
vt 0.8000 0.5000
vt 0.8000 0.3333
vt 0.7000 0.3333
vt 0.8000 0.5000
vt 0.9000 0.5000
vt 0.9000 0.3333
vt 0.8000 0.3333
vt 0.9000 0.5000
vt 1.0000 0.5000
vt 1.0000 0.3333
vt 0.9000 0.3333
vt 0.0000 0.3333
vt 0.1000 0.3333
vt 0.1000 0.1667
vt 0.0000 0.1667
vt 0.1000 0.3333
vt 0.2000 0.3333
vt 0.2000 0.1667
vt 0.1000 0.1667
vt 0.2000 0.3333
vt 0.3000 0.3333
vt 0.3000 0.1667
vt 0.2000 0.1667
vt 0.3000 0.3333
vt 0.4000 0.3333
vt 0.4000 0.1667
vt 0.3000 0.1667
vt 0.4000 0.3333
vt 0.5000 0.3333
vt 0.5000 0.1667
vt 0.4000 0.1667
vt 0.5000 0.3333
vt 0.6000 0.3333
vt 0.6000 0.1667
vt 0.5000 0.1667
vt 0.6000 0.3333
vt 0.7000 0.3333
vt 0.7000 0.1667
vt 0.6000 0.1667
vt 0.7000 0.3333
vt 0.8000 0.3333
vt 0.8000 0.1667
vt 0.7000 0.1667
vt 0.8000 0.3333
vt 0.9000 0.3333
vt 0.9000 0.1667
vt 0.8000 0.1667
vt 0.9000 0.3333
vt 1.0000 0.3333
vt 1.0000 0.1667
vt 0.9000 0.1667
vt 0.0000 0.1667
vt 0.1000 0.1667
vt 0.1000 0.0000
vt 0.0000 0.0000
vt 0.1000 0.1667
vt 0.2000 0.1667
vt 0.2000 0.0000
vt 0.1000 0.0000
vt 0.2000 0.1667
vt 0.3000 0.1667
vt 0.3000 0.0000
vt 0.2000 0.0000
vt 0.3000 0.1667
vt 0.4000 0.1667
vt 0.4000 0.0000
vt 0.3000 0.0000
vt 0.4000 0.1667
vt 0.5000 0.1667
vt 0.5000 0.0000
vt 0.4000 0.0000
vt 0.5000 0.1667
vt 0.6000 0.1667
vt 0.6000 0.0000
vt 0.5000 0.0000
vt 0.6000 0.1667
vt 0.7000 0.1667
vt 0.7000 0.0000
vt 0.6000 0.0000
vt 0.7000 0.1667
vt 0.8000 0.1667
vt 0.8000 0.0000
vt 0.7000 0.0000
vt 0.8000 0.1667
vt 0.9000 0.1667
vt 0.9000 0.0000
vt 0.8000 0.0000
vt 0.9000 0.1667
vt 1.0000 0.1667
vt 1.0000 0.0000
vt 0.9000 0.0000
vt 0.0000 1.0000
vt 0.1000 1.0000
vt 0.1000 0.8333
vt 0.0000 0.8333
vt 0.1000 1.0000
vt 0.2000 1.0000
vt 0.2000 0.8333
vt 0.1000 0.8333
vt 0.2000 1.0000
vt 0.3000 1.0000
vt 0.3000 0.8333
vt 0.2000 0.8333
vt 0.3000 1.0000
vt 0.4000 1.0000
vt 0.4000 0.8333
vt 0.3000 0.8333
vt 0.4000 1.0000
vt 0.5000 1.0000
vt 0.5000 0.8333
vt 0.4000 0.8333
vt 0.5000 1.0000
vt 0.6000 1.0000
vt 0.6000 0.8333
vt 0.5000 0.8333
vt 0.6000 1.0000
vt 0.7000 1.0000
vt 0.7000 0.8333
vt 0.6000 0.8333
vt 0.7000 1.0000
vt 0.8000 1.0000
vt 0.8000 0.8333
vt 0.7000 0.8333
vt 0.8000 1.0000
vt 0.9000 1.0000
vt 0.9000 0.8333
vt 0.8000 0.8333
vt 0.9000 1.0000
vt 1.0000 1.0000
vt 1.0000 0.8333
vt 0.9000 0.8333
vt 0.0000 0.8333
vt 0.1000 0.8333
vt 0.1000 0.6667
vt 0.0000 0.6667
vt 0.1000 0.8333
vt 0.2000 0.8333
vt 0.2000 0.6667
vt 0.1000 0.6667
vt 0.2000 0.8333
vt 0.3000 0.8333
vt 0.3000 0.6667
vt 0.2000 0.6667
vt 0.3000 0.8333
vt 0.4000 0.8333
vt 0.4000 0.6667
vt 0.3000 0.6667
vt 0.4000 0.8333
vt 0.5000 0.8333
vt 0.5000 0.6667
vt 0.4000 0.6667
vt 0.5000 0.8333
vt 0.6000 0.8333
vt 0.6000 0.6667
vt 0.5000 0.6667
vt 0.6000 0.8333
vt 0.7000 0.8333
vt 0.7000 0.6667
vt 0.6000 0.6667
vt 0.7000 0.8333
vt 0.8000 0.8333
vt 0.8000 0.6667
vt 0.7000 0.6667
vt 0.8000 0.8333
vt 0.9000 0.8333
vt 0.9000 0.6667
vt 0.8000 0.6667
vt 0.9000 0.8333
vt 1.0000 0.8333
vt 1.0000 0.6667
vt 0.9000 0.6667
vt 0.0000 0.6667
vt 0.1000 0.6667
vt 0.1000 0.5000
vt 0.0000 0.5000
vt 0.1000 0.6667
vt 0.2000 0.6667
vt 0.2000 0.5000
vt 0.1000 0.5000
vt 0.2000 0.6667
vt 0.3000 0.6667
vt 0.3000 0.5000
vt 0.2000 0.5000
vt 0.3000 0.6667
vt 0.4000 0.6667
vt 0.4000 0.5000
vt 0.3000 0.5000
vt 0.4000 0.6667
vt 0.5000 0.6667
vt 0.5000 0.5000
vt 0.4000 0.5000
vt 0.5000 0.6667
vt 0.6000 0.6667
vt 0.6000 0.5000
vt 0.5000 0.5000
vt 0.6000 0.6667
vt 0.7000 0.6667
vt 0.7000 0.5000
vt 0.6000 0.5000
vt 0.7000 0.6667
vt 0.8000 0.6667
vt 0.8000 0.5000
vt 0.7000 0.5000
vt 0.8000 0.6667
vt 0.9000 0.6667
vt 0.9000 0.5000
vt 0.8000 0.5000
vt 0.9000 0.6667
vt 1.0000 0.6667
vt 1.0000 0.5000
vt 0.9000 0.5000
vt 0.0000 0.5000
vt 0.1000 0.5000
vt 0.1000 0.3333
vt 0.0000 0.3333
vt 0.1000 0.5000
vt 0.2000 0.5000
vt 0.2000 0.3333
vt 0.1000 0.3333
vt 0.2000 0.5000
vt 0.3000 0.5000
vt 0.3000 0.3333
vt 0.2000 0.3333
vt 0.3000 0.5000
vt 0.4000 0.5000
vt 0.4000 0.3333
vt 0.3000 0.3333
vt 0.4000 0.5000
vt 0.5000 0.5000
vt 0.5000 0.3333
vt 0.4000 0.3333
vt 0.5000 0.5000
vt 0.6000 0.5000
vt 0.6000 0.3333
vt 0.5000 0.3333
vt 0.6000 0.5000
vt 0.7000 0.5000
vt 0.7000 0.3333
vt 0.6000 0.3333
vt 0.7000 0.5000
vt 0.8000 0.5000
vt 0.8000 0.3333
vt 0.7000 0.3333
vt 0.8000 0.5000
vt 0.9000 0.5000
vt 0.9000 0.3333
vt 0.8000 0.3333
vt 0.9000 0.5000
vt 1.0000 0.5000
vt 1.0000 0.3333
vt 0.9000 0.3333
vt 0.0000 0.3333
vt 0.1000 0.3333
vt 0.1000 0.1667
vt 0.0000 0.1667
vt 0.1000 0.3333
vt 0.2000 0.3333
vt 0.2000 0.1667
vt 0.1000 0.1667
vt 0.2000 0.3333
vt 0.3000 0.3333
vt 0.3000 0.1667
vt 0.2000 0.1667
vt 0.3000 0.3333
vt 0.4000 0.3333
vt 0.4000 0.1667
vt 0.3000 0.1667
vt 0.4000 0.3333
vt 0.5000 0.3333
vt 0.5000 0.1667
vt 0.4000 0.1667
vt 0.5000 0.3333
vt 0.6000 0.3333
vt 0.6000 0.1667
vt 0.5000 0.1667
vt 0.6000 0.3333
vt 0.7000 0.3333
vt 0.7000 0.1667
vt 0.6000 0.1667
vt 0.7000 0.3333
vt 0.8000 0.3333
vt 0.8000 0.1667
vt 0.7000 0.1667
vt 0.8000 0.3333
vt 0.9000 0.3333
vt 0.9000 0.1667
vt 0.8000 0.1667
vt 0.9000 0.3333
vt 1.0000 0.3333
vt 1.0000 0.1667
vt 0.9000 0.1667
vt 0.0000 0.1667
vt 0.1000 0.1667
vt 0.1000 0.0000
vt 0.0000 0.0000
vt 0.1000 0.1667
vt 0.2000 0.1667
vt 0.2000 0.0000
vt 0.1000 0.0000
vt 0.2000 0.1667
vt 0.3000 0.1667
vt 0.3000 0.0000
vt 0.2000 0.0000
vt 0.3000 0.1667
vt 0.4000 0.1667
vt 0.4000 0.0000
vt 0.3000 0.0000
vt 0.4000 0.1667
vt 0.5000 0.1667
vt 0.5000 0.0000
vt 0.4000 0.0000
vt 0.5000 0.1667
vt 0.6000 0.1667
vt 0.6000 0.0000
vt 0.5000 0.0000
vt 0.6000 0.1667
vt 0.7000 0.1667
vt 0.7000 0.0000
vt 0.6000 0.0000
vt 0.7000 0.1667
vt 0.8000 0.1667
vt 0.8000 0.0000
vt 0.7000 0.0000
vt 0.8000 0.1667
vt 0.9000 0.1667
vt 0.9000 0.0000
vt 0.8000 0.0000
vt 0.9000 0.1667
vt 1.0000 0.1667
vt 1.0000 0.0000
vt 0.9000 0.0000
vt 0.0000 0.0000
vt 0.0714 0.0000
vt 0.0714 0.2500
vt 0.0000 0.2500
vt 0.0714 0.0000
vt 0.1429 0.0000
vt 0.1429 0.2500
vt 0.0714 0.2500
vt 0.1429 0.0000
vt 0.2143 0.0000
vt 0.2143 0.2500
vt 0.1429 0.2500
vt 0.2143 0.0000
vt 0.2857 0.0000
vt 0.2857 0.2500
vt 0.2143 0.2500
vt 0.2857 0.0000
vt 0.3571 0.0000
vt 0.3571 0.2500
vt 0.2857 0.2500
vt 0.3571 0.0000
vt 0.4286 0.0000
vt 0.4286 0.2500
vt 0.3571 0.2500
vt 0.4286 0.0000
vt 0.5000 0.0000
vt 0.5000 0.2500
vt 0.4286 0.2500
vt 0.5000 0.0000
vt 0.5714 0.0000
vt 0.5714 0.2500
vt 0.5000 0.2500
vt 0.5714 0.0000
vt 0.6429 0.0000
vt 0.6429 0.2500
vt 0.5714 0.2500
vt 0.6429 0.0000
vt 0.7143 0.0000
vt 0.7143 0.2500
vt 0.6429 0.2500
vt 0.7143 0.0000
vt 0.7857 0.0000
vt 0.7857 0.2500
vt 0.7143 0.2500
vt 0.7857 0.0000
vt 0.8571 0.0000
vt 0.8571 0.2500
vt 0.7857 0.2500
vt 0.8571 0.0000
vt 0.9286 0.0000
vt 0.9286 0.2500
vt 0.8571 0.2500
vt 0.9286 0.0000
vt 1.0000 0.0000
vt 1.0000 0.2500
vt 0.9286 0.2500
vt 0.0000 0.2500
vt 0.0714 0.2500
vt 0.0714 0.5000
vt 0.0000 0.5000
vt 0.0714 0.2500
vt 0.1429 0.2500
vt 0.1429 0.5000
vt 0.0714 0.5000
vt 0.1429 0.2500
vt 0.2143 0.2500
vt 0.2143 0.5000
vt 0.1429 0.5000
vt 0.2143 0.2500
vt 0.2857 0.2500
vt 0.2857 0.5000
vt 0.2143 0.5000
vt 0.2857 0.2500
vt 0.3571 0.2500
vt 0.3571 0.5000
vt 0.2857 0.5000
vt 0.3571 0.2500
vt 0.4286 0.2500
vt 0.4286 0.5000
vt 0.3571 0.5000
vt 0.4286 0.2500
vt 0.5000 0.2500
vt 0.5000 0.5000
vt 0.4286 0.5000
vt 0.5000 0.2500
vt 0.5714 0.2500
vt 0.5714 0.5000
vt 0.5000 0.5000
vt 0.5714 0.2500
vt 0.6429 0.2500
vt 0.6429 0.5000
vt 0.5714 0.5000
vt 0.6429 0.2500
vt 0.7143 0.2500
vt 0.7143 0.5000
vt 0.6429 0.5000
vt 0.7143 0.2500
vt 0.7857 0.2500
vt 0.7857 0.5000
vt 0.7143 0.5000
vt 0.7857 0.2500
vt 0.8571 0.2500
vt 0.8571 0.5000
vt 0.7857 0.5000
vt 0.8571 0.2500
vt 0.9286 0.2500
vt 0.9286 0.5000
vt 0.8571 0.5000
vt 0.9286 0.2500
vt 1.0000 0.2500
vt 1.0000 0.5000
vt 0.9286 0.5000
vt 0.0000 0.5000
vt 0.0714 0.5000
vt 0.0714 0.7500
vt 0.0000 0.7500
vt 0.0714 0.5000
vt 0.1429 0.5000
vt 0.1429 0.7500
vt 0.0714 0.7500
vt 0.1429 0.5000
vt 0.2143 0.5000
vt 0.2143 0.7500
vt 0.1429 0.7500
vt 0.2143 0.5000
vt 0.2857 0.5000
vt 0.2857 0.7500
vt 0.2143 0.7500
vt 0.2857 0.5000
vt 0.3571 0.5000
vt 0.3571 0.7500
vt 0.2857 0.7500
vt 0.3571 0.5000
vt 0.4286 0.5000
vt 0.4286 0.7500
vt 0.3571 0.7500
vt 0.4286 0.5000
vt 0.5000 0.5000
vt 0.5000 0.7500
vt 0.4286 0.7500
vt 0.5000 0.5000
vt 0.5714 0.5000
vt 0.5714 0.7500
vt 0.5000 0.7500
vt 0.5714 0.5000
vt 0.6429 0.5000
vt 0.6429 0.7500
vt 0.5714 0.7500
vt 0.6429 0.5000
vt 0.7143 0.5000
vt 0.7143 0.7500
vt 0.6429 0.7500
vt 0.7143 0.5000
vt 0.7857 0.5000
vt 0.7857 0.7500
vt 0.7143 0.7500
vt 0.7857 0.5000
vt 0.8571 0.5000
vt 0.8571 0.7500
vt 0.7857 0.7500
vt 0.8571 0.5000
vt 0.9286 0.5000
vt 0.9286 0.7500
vt 0.8571 0.7500
vt 0.9286 0.5000
vt 1.0000 0.5000
vt 1.0000 0.7500
vt 0.9286 0.7500
vt 0.0000 0.7500
vt 0.0714 0.7500
vt 0.0714 1.0000
vt 0.0000 1.0000
vt 0.0714 0.7500
vt 0.1429 0.7500
vt 0.1429 1.0000
vt 0.0714 1.0000
vt 0.1429 0.7500
vt 0.2143 0.7500
vt 0.2143 1.0000
vt 0.1429 1.0000
vt 0.2143 0.7500
vt 0.2857 0.7500
vt 0.2857 1.0000
vt 0.2143 1.0000
vt 0.2857 0.7500
vt 0.3571 0.7500
vt 0.3571 1.0000
vt 0.2857 1.0000
vt 0.3571 0.7500
vt 0.4286 0.7500
vt 0.4286 1.0000
vt 0.3571 1.0000
vt 0.4286 0.7500
vt 0.5000 0.7500
vt 0.5000 1.0000
vt 0.4286 1.0000
vt 0.5000 0.7500
vt 0.5714 0.7500
vt 0.5714 1.0000
vt 0.5000 1.0000
vt 0.5714 0.7500
vt 0.6429 0.7500
vt 0.6429 1.0000
vt 0.5714 1.0000
vt 0.6429 0.7500
vt 0.7143 0.7500
vt 0.7143 1.0000
vt 0.6429 1.0000
vt 0.7143 0.7500
vt 0.7857 0.7500
vt 0.7857 1.0000
vt 0.7143 1.0000
vt 0.7857 0.7500
vt 0.8571 0.7500
vt 0.8571 1.0000
vt 0.7857 1.0000
vt 0.8571 0.7500
vt 0.9286 0.7500
vt 0.9286 1.0000
vt 0.8571 1.0000
vt 0.9286 0.7500
vt 1.0000 0.7500
vt 1.0000 1.0000
vt 0.9286 1.0000
vt 0.0000 0.0000
vt 0.0500 0.0000
vt 0.0500 1.0000
vt 0.0000 1.0000
vt 0.0500 0.0000
vt 0.1000 0.0000
vt 0.1000 1.0000
vt 0.0500 1.0000
vt 0.1000 0.0000
vt 0.1500 0.0000
vt 0.1500 1.0000
vt 0.1000 1.0000
vt 0.1500 0.0000
vt 0.2000 0.0000
vt 0.2000 1.0000
vt 0.1500 1.0000
vt 0.2000 0.0000
vt 0.2500 0.0000
vt 0.2500 1.0000
vt 0.2000 1.0000
vt 0.2500 0.0000
vt 0.3000 0.0000
vt 0.3000 1.0000
vt 0.2500 1.0000
vt 0.3000 0.0000
vt 0.3500 0.0000
vt 0.3500 1.0000
vt 0.3000 1.0000
vt 0.3500 0.0000
vt 0.4000 0.0000
vt 0.4000 1.0000
vt 0.3500 1.0000
vt 0.4000 0.0000
vt 0.4500 0.0000
vt 0.4500 1.0000
vt 0.4000 1.0000
vt 0.4500 0.0000
vt 0.5000 0.0000
vt 0.5000 1.0000
vt 0.4500 1.0000
vt 0.5000 0.0000
vt 0.5500 0.0000
vt 0.5500 1.0000
vt 0.5000 1.0000
vt 0.5500 0.0000
vt 0.6000 0.0000
vt 0.6000 1.0000
vt 0.5500 1.0000
vt 0.6000 0.0000
vt 0.6500 0.0000
vt 0.6500 1.0000
vt 0.6000 1.0000
vt 0.6500 0.0000
vt 0.7000 0.0000
vt 0.7000 1.0000
vt 0.6500 1.0000
vt 0.7000 0.0000
vt 0.7500 0.0000
vt 0.7500 1.0000
vt 0.7000 1.0000
vt 0.7500 0.0000
vt 0.8000 0.0000
vt 0.8000 1.0000
vt 0.7500 1.0000
vt 0.8000 0.0000
vt 0.8500 0.0000
vt 0.8500 1.0000
vt 0.8000 1.0000
vt 0.8500 0.0000
vt 0.9000 0.0000
vt 0.9000 1.0000
vt 0.8500 1.0000
vt 0.9000 0.0000
vt 0.9500 0.0000
vt 0.9500 1.0000
vt 0.9000 1.0000
vt 0.9500 0.0000
vt 1.0000 0.0000
vt 1.0000 1.0000
vt 0.9500 1.0000
vt 0.0000 1.0000
vt 0.0714 1.0000
vt 0.0714 0.8750
vt 0.0000 0.8750
vt 0.0714 1.0000
vt 0.1429 1.0000
vt 0.1429 0.8750
vt 0.0714 0.8750
vt 0.1429 1.0000
vt 0.2143 1.0000
vt 0.2143 0.8750
vt 0.1429 0.8750
vt 0.2143 1.0000
vt 0.2857 1.0000
vt 0.2857 0.8750
vt 0.2143 0.8750
vt 0.2857 1.0000
vt 0.3571 1.0000
vt 0.3571 0.8750
vt 0.2857 0.8750
vt 0.3571 1.0000
vt 0.4286 1.0000
vt 0.4286 0.8750
vt 0.3571 0.8750
vt 0.4286 1.0000
vt 0.5000 1.0000
vt 0.5000 0.8750
vt 0.4286 0.8750
vt 0.5000 1.0000
vt 0.5714 1.0000
vt 0.5714 0.8750
vt 0.5000 0.8750
vt 0.5714 1.0000
vt 0.6429 1.0000
vt 0.6429 0.8750
vt 0.5714 0.8750
vt 0.6429 1.0000
vt 0.7143 1.0000
vt 0.7143 0.8750
vt 0.6429 0.8750
vt 0.7143 1.0000
vt 0.7857 1.0000
vt 0.7857 0.8750
vt 0.7143 0.8750
vt 0.7857 1.0000
vt 0.8571 1.0000
vt 0.8571 0.8750
vt 0.7857 0.8750
vt 0.8571 1.0000
vt 0.9286 1.0000
vt 0.9286 0.8750
vt 0.8571 0.8750
vt 0.9286 1.0000
vt 1.0000 1.0000
vt 1.0000 0.8750
vt 0.9286 0.8750
vt 0.0000 0.8750
vt 0.0714 0.8750
vt 0.0714 0.7500
vt 0.0000 0.7500
vt 0.0714 0.8750
vt 0.1429 0.8750
vt 0.1429 0.7500
vt 0.0714 0.7500
vt 0.1429 0.8750
vt 0.2143 0.8750
vt 0.2143 0.7500
vt 0.1429 0.7500
vt 0.2143 0.8750
vt 0.2857 0.8750
vt 0.2857 0.7500
vt 0.2143 0.7500
vt 0.2857 0.8750
vt 0.3571 0.8750
vt 0.3571 0.7500
vt 0.2857 0.7500
vt 0.3571 0.8750
vt 0.4286 0.8750
vt 0.4286 0.7500
vt 0.3571 0.7500
vt 0.4286 0.8750
vt 0.5000 0.8750
vt 0.5000 0.7500
vt 0.4286 0.7500
vt 0.5000 0.8750
vt 0.5714 0.8750
vt 0.5714 0.7500
vt 0.5000 0.7500
vt 0.5714 0.8750
vt 0.6429 0.8750
vt 0.6429 0.7500
vt 0.5714 0.7500
vt 0.6429 0.8750
vt 0.7143 0.8750
vt 0.7143 0.7500
vt 0.6429 0.7500
vt 0.7143 0.8750
vt 0.7857 0.8750
vt 0.7857 0.7500
vt 0.7143 0.7500
vt 0.7857 0.8750
vt 0.8571 0.8750
vt 0.8571 0.7500
vt 0.7857 0.7500
vt 0.8571 0.8750
vt 0.9286 0.8750
vt 0.9286 0.7500
vt 0.8571 0.7500
vt 0.9286 0.8750
vt 1.0000 0.8750
vt 1.0000 0.7500
vt 0.9286 0.7500
vt 0.0000 0.7500
vt 0.0714 0.7500
vt 0.0714 0.6250
vt 0.0000 0.6250
vt 0.0714 0.7500
vt 0.1429 0.7500
vt 0.1429 0.6250
vt 0.0714 0.6250
vt 0.1429 0.7500
vt 0.2143 0.7500
vt 0.2143 0.6250
vt 0.1429 0.6250
vt 0.2143 0.7500
vt 0.2857 0.7500
vt 0.2857 0.6250
vt 0.2143 0.6250
vt 0.2857 0.7500
vt 0.3571 0.7500
vt 0.3571 0.6250
vt 0.2857 0.6250
vt 0.3571 0.7500
vt 0.4286 0.7500
vt 0.4286 0.6250
vt 0.3571 0.6250
vt 0.4286 0.7500
vt 0.5000 0.7500
vt 0.5000 0.6250
vt 0.4286 0.6250
vt 0.5000 0.7500
vt 0.5714 0.7500
vt 0.5714 0.6250
vt 0.5000 0.6250
vt 0.5714 0.7500
vt 0.6429 0.7500
vt 0.6429 0.6250
vt 0.5714 0.6250
vt 0.6429 0.7500
vt 0.7143 0.7500
vt 0.7143 0.6250
vt 0.6429 0.6250
vt 0.7143 0.7500
vt 0.7857 0.7500
vt 0.7857 0.6250
vt 0.7143 0.6250
vt 0.7857 0.7500
vt 0.8571 0.7500
vt 0.8571 0.6250
vt 0.7857 0.6250
vt 0.8571 0.7500
vt 0.9286 0.7500
vt 0.9286 0.6250
vt 0.8571 0.6250
vt 0.9286 0.7500
vt 1.0000 0.7500
vt 1.0000 0.6250
vt 0.9286 0.6250
vt 0.0000 0.6250
vt 0.0714 0.6250
vt 0.0714 0.5000
vt 0.0000 0.5000
vt 0.0714 0.6250
vt 0.1429 0.6250
vt 0.1429 0.5000
vt 0.0714 0.5000
vt 0.1429 0.6250
vt 0.2143 0.6250
vt 0.2143 0.5000
vt 0.1429 0.5000
vt 0.2143 0.6250
vt 0.2857 0.6250
vt 0.2857 0.5000
vt 0.2143 0.5000
vt 0.2857 0.6250
vt 0.3571 0.6250
vt 0.3571 0.5000
vt 0.2857 0.5000
vt 0.3571 0.6250
vt 0.4286 0.6250
vt 0.4286 0.5000
vt 0.3571 0.5000
vt 0.4286 0.6250
vt 0.5000 0.6250
vt 0.5000 0.5000
vt 0.4286 0.5000
vt 0.5000 0.6250
vt 0.5714 0.6250
vt 0.5714 0.5000
vt 0.5000 0.5000
vt 0.5714 0.6250
vt 0.6429 0.6250
vt 0.6429 0.5000
vt 0.5714 0.5000
vt 0.6429 0.6250
vt 0.7143 0.6250
vt 0.7143 0.5000
vt 0.6429 0.5000
vt 0.7143 0.6250
vt 0.7857 0.6250
vt 0.7857 0.5000
vt 0.7143 0.5000
vt 0.7857 0.6250
vt 0.8571 0.6250
vt 0.8571 0.5000
vt 0.7857 0.5000
vt 0.8571 0.6250
vt 0.9286 0.6250
vt 0.9286 0.5000
vt 0.8571 0.5000
vt 0.9286 0.6250
vt 1.0000 0.6250
vt 1.0000 0.5000
vt 0.9286 0.5000
vt 0.0000 0.5000
vt 0.0714 0.5000
vt 0.0714 0.3750
vt 0.0000 0.3750
vt 0.0714 0.5000
vt 0.1429 0.5000
vt 0.1429 0.3750
vt 0.0714 0.3750
vt 0.1429 0.5000
vt 0.2143 0.5000
vt 0.2143 0.3750
vt 0.1429 0.3750
vt 0.2143 0.5000
vt 0.2857 0.5000
vt 0.2857 0.3750
vt 0.2143 0.3750
vt 0.2857 0.5000
vt 0.3571 0.5000
vt 0.3571 0.3750
vt 0.2857 0.3750
vt 0.3571 0.5000
vt 0.4286 0.5000
vt 0.4286 0.3750
vt 0.3571 0.3750
vt 0.4286 0.5000
vt 0.5000 0.5000
vt 0.5000 0.3750
vt 0.4286 0.3750
vt 0.5000 0.5000
vt 0.5714 0.5000
vt 0.5714 0.3750
vt 0.5000 0.3750
vt 0.5714 0.5000
vt 0.6429 0.5000
vt 0.6429 0.3750
vt 0.5714 0.3750
vt 0.6429 0.5000
vt 0.7143 0.5000
vt 0.7143 0.3750
vt 0.6429 0.3750
vt 0.7143 0.5000
vt 0.7857 0.5000
vt 0.7857 0.3750
vt 0.7143 0.3750
vt 0.7857 0.5000
vt 0.8571 0.5000
vt 0.8571 0.3750
vt 0.7857 0.3750
vt 0.8571 0.5000
vt 0.9286 0.5000
vt 0.9286 0.3750
vt 0.8571 0.3750
vt 0.9286 0.5000
vt 1.0000 0.5000
vt 1.0000 0.3750
vt 0.9286 0.3750
vt 0.0000 0.3750
vt 0.0714 0.3750
vt 0.0714 0.2500
vt 0.0000 0.2500
vt 0.0714 0.3750
vt 0.1429 0.3750
vt 0.1429 0.2500
vt 0.0714 0.2500
vt 0.1429 0.3750
vt 0.2143 0.3750
vt 0.2143 0.2500
vt 0.1429 0.2500
vt 0.2143 0.3750
vt 0.2857 0.3750
vt 0.2857 0.2500
vt 0.2143 0.2500
vt 0.2857 0.3750
vt 0.3571 0.3750
vt 0.3571 0.2500
vt 0.2857 0.2500
vt 0.3571 0.3750
vt 0.4286 0.3750
vt 0.4286 0.2500
vt 0.3571 0.2500
vt 0.4286 0.3750
vt 0.5000 0.3750
vt 0.5000 0.2500
vt 0.4286 0.2500
vt 0.5000 0.3750
vt 0.5714 0.3750
vt 0.5714 0.2500
vt 0.5000 0.2500
vt 0.5714 0.3750
vt 0.6429 0.3750
vt 0.6429 0.2500
vt 0.5714 0.2500
vt 0.6429 0.3750
vt 0.7143 0.3750
vt 0.7143 0.2500
vt 0.6429 0.2500
vt 0.7143 0.3750
vt 0.7857 0.3750
vt 0.7857 0.2500
vt 0.7143 0.2500
vt 0.7857 0.3750
vt 0.8571 0.3750
vt 0.8571 0.2500
vt 0.7857 0.2500
vt 0.8571 0.3750
vt 0.9286 0.3750
vt 0.9286 0.2500
vt 0.8571 0.2500
vt 0.9286 0.3750
vt 1.0000 0.3750
vt 1.0000 0.2500
vt 0.9286 0.2500
vt 0.0000 0.2500
vt 0.0714 0.2500
vt 0.0714 0.1250
vt 0.0000 0.1250
vt 0.0714 0.2500
vt 0.1429 0.2500
vt 0.1429 0.1250
vt 0.0714 0.1250
vt 0.1429 0.2500
vt 0.2143 0.2500
vt 0.2143 0.1250
vt 0.1429 0.1250
vt 0.2143 0.2500
vt 0.2857 0.2500
vt 0.2857 0.1250
vt 0.2143 0.1250
vt 0.2857 0.2500
vt 0.3571 0.2500
vt 0.3571 0.1250
vt 0.2857 0.1250
vt 0.3571 0.2500
vt 0.4286 0.2500
vt 0.4286 0.1250
vt 0.3571 0.1250
vt 0.4286 0.2500
vt 0.5000 0.2500
vt 0.5000 0.1250
vt 0.4286 0.1250
vt 0.5000 0.2500
vt 0.5714 0.2500
vt 0.5714 0.1250
vt 0.5000 0.1250
vt 0.5714 0.2500
vt 0.6429 0.2500
vt 0.6429 0.1250
vt 0.5714 0.1250
vt 0.6429 0.2500
vt 0.7143 0.2500
vt 0.7143 0.1250
vt 0.6429 0.1250
vt 0.7143 0.2500
vt 0.7857 0.2500
vt 0.7857 0.1250
vt 0.7143 0.1250
vt 0.7857 0.2500
vt 0.8571 0.2500
vt 0.8571 0.1250
vt 0.7857 0.1250
vt 0.8571 0.2500
vt 0.9286 0.2500
vt 0.9286 0.1250
vt 0.8571 0.1250
vt 0.9286 0.2500
vt 1.0000 0.2500
vt 1.0000 0.1250
vt 0.9286 0.1250
vt 0.0000 0.1250
vt 0.0714 0.1250
vt 0.0714 0.0000
vt 0.0000 0.0000
vt 0.0714 0.1250
vt 0.1429 0.1250
vt 0.1429 0.0000
vt 0.0714 0.0000
vt 0.1429 0.1250
vt 0.2143 0.1250
vt 0.2143 0.0000
vt 0.1429 0.0000
vt 0.2143 0.1250
vt 0.2857 0.1250
vt 0.2857 0.0000
vt 0.2143 0.0000
vt 0.2857 0.1250
vt 0.3571 0.1250
vt 0.3571 0.0000
vt 0.2857 0.0000
vt 0.3571 0.1250
vt 0.4286 0.1250
vt 0.4286 0.0000
vt 0.3571 0.0000
vt 0.4286 0.1250
vt 0.5000 0.1250
vt 0.5000 0.0000
vt 0.4286 0.0000
vt 0.5000 0.1250
vt 0.5714 0.1250
vt 0.5714 0.0000
vt 0.5000 0.0000
vt 0.5714 0.1250
vt 0.6429 0.1250
vt 0.6429 0.0000
vt 0.5714 0.0000
vt 0.6429 0.1250
vt 0.7143 0.1250
vt 0.7143 0.0000
vt 0.6429 0.0000
vt 0.7143 0.1250
vt 0.7857 0.1250
vt 0.7857 0.0000
vt 0.7143 0.0000
vt 0.7857 0.1250
vt 0.8571 0.1250
vt 0.8571 0.0000
vt 0.7857 0.0000
vt 0.8571 0.1250
vt 0.9286 0.1250
vt 0.9286 0.0000
vt 0.8571 0.0000
vt 0.9286 0.1250
vt 1.0000 0.1250
vt 1.0000 0.0000
vt 0.9286 0.0000
vt 0.0000 1.0000
vt 0.0714 1.0000
vt 0.0714 0.8750
vt 0.0000 0.8750
vt 0.0714 1.0000
vt 0.1429 1.0000
vt 0.1429 0.8750
vt 0.0714 0.8750
vt 0.1429 1.0000
vt 0.2143 1.0000
vt 0.2143 0.8750
vt 0.1429 0.8750
vt 0.2143 1.0000
vt 0.2857 1.0000
vt 0.2857 0.8750
vt 0.2143 0.8750
vt 0.2857 1.0000
vt 0.3571 1.0000
vt 0.3571 0.8750
vt 0.2857 0.8750
vt 0.3571 1.0000
vt 0.4286 1.0000
vt 0.4286 0.8750
vt 0.3571 0.8750
vt 0.4286 1.0000
vt 0.5000 1.0000
vt 0.5000 0.8750
vt 0.4286 0.8750
vt 0.5000 1.0000
vt 0.5714 1.0000
vt 0.5714 0.8750
vt 0.5000 0.8750
vt 0.5714 1.0000
vt 0.6429 1.0000
vt 0.6429 0.8750
vt 0.5714 0.8750
vt 0.6429 1.0000
vt 0.7143 1.0000
vt 0.7143 0.8750
vt 0.6429 0.8750
vt 0.7143 1.0000
vt 0.7857 1.0000
vt 0.7857 0.8750
vt 0.7143 0.8750
vt 0.7857 1.0000
vt 0.8571 1.0000
vt 0.8571 0.8750
vt 0.7857 0.8750
vt 0.8571 1.0000
vt 0.9286 1.0000
vt 0.9286 0.8750
vt 0.8571 0.8750
vt 0.9286 1.0000
vt 1.0000 1.0000
vt 1.0000 0.8750
vt 0.9286 0.8750
vt 0.0000 0.8750
vt 0.0714 0.8750
vt 0.0714 0.7500
vt 0.0000 0.7500
vt 0.0714 0.8750
vt 0.1429 0.8750
vt 0.1429 0.7500
vt 0.0714 0.7500
vt 0.1429 0.8750
vt 0.2143 0.8750
vt 0.2143 0.7500
vt 0.1429 0.7500
vt 0.2143 0.8750
vt 0.2857 0.8750
vt 0.2857 0.7500
vt 0.2143 0.7500
vt 0.2857 0.8750
vt 0.3571 0.8750
vt 0.3571 0.7500
vt 0.2857 0.7500
vt 0.3571 0.8750
vt 0.4286 0.8750
vt 0.4286 0.7500
vt 0.3571 0.7500
vt 0.4286 0.8750
vt 0.5000 0.8750
vt 0.5000 0.7500
vt 0.4286 0.7500
vt 0.5000 0.8750
vt 0.5714 0.8750
vt 0.5714 0.7500
vt 0.5000 0.7500
vt 0.5714 0.8750
vt 0.6429 0.8750
vt 0.6429 0.7500
vt 0.5714 0.7500
vt 0.6429 0.8750
vt 0.7143 0.8750
vt 0.7143 0.7500
vt 0.6429 0.7500
vt 0.7143 0.8750
vt 0.7857 0.8750
vt 0.7857 0.7500
vt 0.7143 0.7500
vt 0.7857 0.8750
vt 0.8571 0.8750
vt 0.8571 0.7500
vt 0.7857 0.7500
vt 0.8571 0.8750
vt 0.9286 0.8750
vt 0.9286 0.7500
vt 0.8571 0.7500
vt 0.9286 0.8750
vt 1.0000 0.8750
vt 1.0000 0.7500
vt 0.9286 0.7500
vt 0.0000 0.7500
vt 0.0714 0.7500
vt 0.0714 0.6250
vt 0.0000 0.6250
vt 0.0714 0.7500
vt 0.1429 0.7500
vt 0.1429 0.6250
vt 0.0714 0.6250
vt 0.1429 0.7500
vt 0.2143 0.7500
vt 0.2143 0.6250
vt 0.1429 0.6250
vt 0.2143 0.7500
vt 0.2857 0.7500
vt 0.2857 0.6250
vt 0.2143 0.6250
vt 0.2857 0.7500
vt 0.3571 0.7500
vt 0.3571 0.6250
vt 0.2857 0.6250
vt 0.3571 0.7500
vt 0.4286 0.7500
vt 0.4286 0.6250
vt 0.3571 0.6250
vt 0.4286 0.7500
vt 0.5000 0.7500
vt 0.5000 0.6250
vt 0.4286 0.6250
vt 0.5000 0.7500
vt 0.5714 0.7500
vt 0.5714 0.6250
vt 0.5000 0.6250
vt 0.5714 0.7500
vt 0.6429 0.7500
vt 0.6429 0.6250
vt 0.5714 0.6250
vt 0.6429 0.7500
vt 0.7143 0.7500
vt 0.7143 0.6250
vt 0.6429 0.6250
vt 0.7143 0.7500
vt 0.7857 0.7500
vt 0.7857 0.6250
vt 0.7143 0.6250
vt 0.7857 0.7500
vt 0.8571 0.7500
vt 0.8571 0.6250
vt 0.7857 0.6250
vt 0.8571 0.7500
vt 0.9286 0.7500
vt 0.9286 0.6250
vt 0.8571 0.6250
vt 0.9286 0.7500
vt 1.0000 0.7500
vt 1.0000 0.6250
vt 0.9286 0.6250
vt 0.0000 0.6250
vt 0.0714 0.6250
vt 0.0714 0.5000
vt 0.0000 0.5000
vt 0.0714 0.6250
vt 0.1429 0.6250
vt 0.1429 0.5000
vt 0.0714 0.5000
vt 0.1429 0.6250
vt 0.2143 0.6250
vt 0.2143 0.5000
vt 0.1429 0.5000
vt 0.2143 0.6250
vt 0.2857 0.6250
vt 0.2857 0.5000
vt 0.2143 0.5000
vt 0.2857 0.6250
vt 0.3571 0.6250
vt 0.3571 0.5000
vt 0.2857 0.5000
vt 0.3571 0.6250
vt 0.4286 0.6250
vt 0.4286 0.5000
vt 0.3571 0.5000
vt 0.4286 0.6250
vt 0.5000 0.6250
vt 0.5000 0.5000
vt 0.4286 0.5000
vt 0.5000 0.6250
vt 0.5714 0.6250
vt 0.5714 0.5000
vt 0.5000 0.5000
vt 0.5714 0.6250
vt 0.6429 0.6250
vt 0.6429 0.5000
vt 0.5714 0.5000
vt 0.6429 0.6250
vt 0.7143 0.6250
vt 0.7143 0.5000
vt 0.6429 0.5000
vt 0.7143 0.6250
vt 0.7857 0.6250
vt 0.7857 0.5000
vt 0.7143 0.5000
vt 0.7857 0.6250
vt 0.8571 0.6250
vt 0.8571 0.5000
vt 0.7857 0.5000
vt 0.8571 0.6250
vt 0.9286 0.6250
vt 0.9286 0.5000
vt 0.8571 0.5000
vt 0.9286 0.6250
vt 1.0000 0.6250
vt 1.0000 0.5000
vt 0.9286 0.5000
vt 0.0000 0.5000
vt 0.0714 0.5000
vt 0.0714 0.3750
vt 0.0000 0.3750
vt 0.0714 0.5000
vt 0.1429 0.5000
vt 0.1429 0.3750
vt 0.0714 0.3750
vt 0.1429 0.5000
vt 0.2143 0.5000
vt 0.2143 0.3750
vt 0.1429 0.3750
vt 0.2143 0.5000
vt 0.2857 0.5000
vt 0.2857 0.3750
vt 0.2143 0.3750
vt 0.2857 0.5000
vt 0.3571 0.5000
vt 0.3571 0.3750
vt 0.2857 0.3750
vt 0.3571 0.5000
vt 0.4286 0.5000
vt 0.4286 0.3750
vt 0.3571 0.3750
vt 0.4286 0.5000
vt 0.5000 0.5000
vt 0.5000 0.3750
vt 0.4286 0.3750
vt 0.5000 0.5000
vt 0.5714 0.5000
vt 0.5714 0.3750
vt 0.5000 0.3750
vt 0.5714 0.5000
vt 0.6429 0.5000
vt 0.6429 0.3750
vt 0.5714 0.3750
vt 0.6429 0.5000
vt 0.7143 0.5000
vt 0.7143 0.3750
vt 0.6429 0.3750
vt 0.7143 0.5000
vt 0.7857 0.5000
vt 0.7857 0.3750
vt 0.7143 0.3750
vt 0.7857 0.5000
vt 0.8571 0.5000
vt 0.8571 0.3750
vt 0.7857 0.3750
vt 0.8571 0.5000
vt 0.9286 0.5000
vt 0.9286 0.3750
vt 0.8571 0.3750
vt 0.9286 0.5000
vt 1.0000 0.5000
vt 1.0000 0.3750
vt 0.9286 0.3750
vt 0.0000 0.3750
vt 0.0714 0.3750
vt 0.0714 0.2500
vt 0.0000 0.2500
vt 0.0714 0.3750
vt 0.1429 0.3750
vt 0.1429 0.2500
vt 0.0714 0.2500
vt 0.1429 0.3750
vt 0.2143 0.3750
vt 0.2143 0.2500
vt 0.1429 0.2500
vt 0.2143 0.3750
vt 0.2857 0.3750
vt 0.2857 0.2500
vt 0.2143 0.2500
vt 0.2857 0.3750
vt 0.3571 0.3750
vt 0.3571 0.2500
vt 0.2857 0.2500
vt 0.3571 0.3750
vt 0.4286 0.3750
vt 0.4286 0.2500
vt 0.3571 0.2500
vt 0.4286 0.3750
vt 0.5000 0.3750
vt 0.5000 0.2500
vt 0.4286 0.2500
vt 0.5000 0.3750
vt 0.5714 0.3750
vt 0.5714 0.2500
vt 0.5000 0.2500
vt 0.5714 0.3750
vt 0.6429 0.3750
vt 0.6429 0.2500
vt 0.5714 0.2500
vt 0.6429 0.3750
vt 0.7143 0.3750
vt 0.7143 0.2500
vt 0.6429 0.2500
vt 0.7143 0.3750
vt 0.7857 0.3750
vt 0.7857 0.2500
vt 0.7143 0.2500
vt 0.7857 0.3750
vt 0.8571 0.3750
vt 0.8571 0.2500
vt 0.7857 0.2500
vt 0.8571 0.3750
vt 0.9286 0.3750
vt 0.9286 0.2500
vt 0.8571 0.2500
vt 0.9286 0.3750
vt 1.0000 0.3750
vt 1.0000 0.2500
vt 0.9286 0.2500
vt 0.0000 0.2500
vt 0.0714 0.2500
vt 0.0714 0.1250
vt 0.0000 0.1250
vt 0.0714 0.2500
vt 0.1429 0.2500
vt 0.1429 0.1250
vt 0.0714 0.1250
vt 0.1429 0.2500
vt 0.2143 0.2500
vt 0.2143 0.1250
vt 0.1429 0.1250
vt 0.2143 0.2500
vt 0.2857 0.2500
vt 0.2857 0.1250
vt 0.2143 0.1250
vt 0.2857 0.2500
vt 0.3571 0.2500
vt 0.3571 0.1250
vt 0.2857 0.1250
vt 0.3571 0.2500
vt 0.4286 0.2500
vt 0.4286 0.1250
vt 0.3571 0.1250
vt 0.4286 0.2500
vt 0.5000 0.2500
vt 0.5000 0.1250
vt 0.4286 0.1250
vt 0.5000 0.2500
vt 0.5714 0.2500
vt 0.5714 0.1250
vt 0.5000 0.1250
vt 0.5714 0.2500
vt 0.6429 0.2500
vt 0.6429 0.1250
vt 0.5714 0.1250
vt 0.6429 0.2500
vt 0.7143 0.2500
vt 0.7143 0.1250
vt 0.6429 0.1250
vt 0.7143 0.2500
vt 0.7857 0.2500
vt 0.7857 0.1250
vt 0.7143 0.1250
vt 0.7857 0.2500
vt 0.8571 0.2500
vt 0.8571 0.1250
vt 0.7857 0.1250
vt 0.8571 0.2500
vt 0.9286 0.2500
vt 0.9286 0.1250
vt 0.8571 0.1250
vt 0.9286 0.2500
vt 1.0000 0.2500
vt 1.0000 0.1250
vt 0.9286 0.1250
vt 0.0000 0.1250
vt 0.0714 0.1250
vt 0.0714 0.0000
vt 0.0000 0.0000
vt 0.0714 0.1250
vt 0.1429 0.1250
vt 0.1429 0.0000
vt 0.0714 0.0000
vt 0.1429 0.1250
vt 0.2143 0.1250
vt 0.2143 0.0000
vt 0.1429 0.0000
vt 0.2143 0.1250
vt 0.2857 0.1250
vt 0.2857 0.0000
vt 0.2143 0.0000
vt 0.2857 0.1250
vt 0.3571 0.1250
vt 0.3571 0.0000
vt 0.2857 0.0000
vt 0.3571 0.1250
vt 0.4286 0.1250
vt 0.4286 0.0000
vt 0.3571 0.0000
vt 0.4286 0.1250
vt 0.5000 0.1250
vt 0.5000 0.0000
vt 0.4286 0.0000
vt 0.5000 0.1250
vt 0.5714 0.1250
vt 0.5714 0.0000
vt 0.5000 0.0000
vt 0.5714 0.1250
vt 0.6429 0.1250
vt 0.6429 0.0000
vt 0.5714 0.0000
vt 0.6429 0.1250
vt 0.7143 0.1250
vt 0.7143 0.0000
vt 0.6429 0.0000
vt 0.7143 0.1250
vt 0.7857 0.1250
vt 0.7857 0.0000
vt 0.7143 0.0000
vt 0.7857 0.1250
vt 0.8571 0.1250
vt 0.8571 0.0000
vt 0.7857 0.0000
vt 0.8571 0.1250
vt 0.9286 0.1250
vt 0.9286 0.0000
vt 0.8571 0.0000
vt 0.9286 0.1250
vt 1.0000 0.1250
vt 1.0000 0.0000
vt 0.9286 0.0000
vt 0.0000 0.0000
vt 0.0500 0.0000
vt 0.0500 1.0000
vt 0.0000 1.0000
vt 0.0500 0.0000
vt 0.1000 0.0000
vt 0.1000 1.0000
vt 0.0500 1.0000
vt 0.1000 0.0000
vt 0.1500 0.0000
vt 0.1500 1.0000
vt 0.1000 1.0000
vt 0.1500 0.0000
vt 0.2000 0.0000
vt 0.2000 1.0000
vt 0.1500 1.0000
vt 0.2000 0.0000
vt 0.2500 0.0000
vt 0.2500 1.0000
vt 0.2000 1.0000
vt 0.2500 0.0000
vt 0.3000 0.0000
vt 0.3000 1.0000
vt 0.2500 1.0000
vt 0.3000 0.0000
vt 0.3500 0.0000
vt 0.3500 1.0000
vt 0.3000 1.0000
vt 0.3500 0.0000
vt 0.4000 0.0000
vt 0.4000 1.0000
vt 0.3500 1.0000
vt 0.4000 0.0000
vt 0.4500 0.0000
vt 0.4500 1.0000
vt 0.4000 1.0000
vt 0.4500 0.0000
vt 0.5000 0.0000
vt 0.5000 1.0000
vt 0.4500 1.0000
vt 0.5000 0.0000
vt 0.5500 0.0000
vt 0.5500 1.0000
vt 0.5000 1.0000
vt 0.5500 0.0000
vt 0.6000 0.0000
vt 0.6000 1.0000
vt 0.5500 1.0000
vt 0.6000 0.0000
vt 0.6500 0.0000
vt 0.6500 1.0000
vt 0.6000 1.0000
vt 0.6500 0.0000
vt 0.7000 0.0000
vt 0.7000 1.0000
vt 0.6500 1.0000
vt 0.7000 0.0000
vt 0.7500 0.0000
vt 0.7500 1.0000
vt 0.7000 1.0000
vt 0.7500 0.0000
vt 0.8000 0.0000
vt 0.8000 1.0000
vt 0.7500 1.0000
vt 0.8000 0.0000
vt 0.8500 0.0000
vt 0.8500 1.0000
vt 0.8000 1.0000
vt 0.8500 0.0000
vt 0.9000 0.0000
vt 0.9000 1.0000
vt 0.8500 1.0000
vt 0.9000 0.0000
vt 0.9500 0.0000
vt 0.9500 1.0000
vt 0.9000 1.0000
vt 0.9500 0.0000
vt 1.0000 0.0000
vt 1.0000 1.0000
vt 0.9500 1.0000
vt 0.0000 0.0000
vt 0.0500 0.0000
vt 0.0500 1.0000
vt 0.0000 1.0000
vt 0.0500 0.0000
vt 0.1000 0.0000
vt 0.1000 1.0000
vt 0.0500 1.0000
vt 0.1000 0.0000
vt 0.1500 0.0000
vt 0.1500 1.0000
vt 0.1000 1.0000
vt 0.1500 0.0000
vt 0.2000 0.0000
vt 0.2000 1.0000
vt 0.1500 1.0000
vt 0.2000 0.0000
vt 0.2500 0.0000
vt 0.2500 1.0000
vt 0.2000 1.0000
vt 0.2500 0.0000
vt 0.3000 0.0000
vt 0.3000 1.0000
vt 0.2500 1.0000
vt 0.3000 0.0000
vt 0.3500 0.0000
vt 0.3500 1.0000
vt 0.3000 1.0000
vt 0.3500 0.0000
vt 0.4000 0.0000
vt 0.4000 1.0000
vt 0.3500 1.0000
vt 0.4000 0.0000
vt 0.4500 0.0000
vt 0.4500 1.0000
vt 0.4000 1.0000
vt 0.4500 0.0000
vt 0.5000 0.0000
vt 0.5000 1.0000
vt 0.4500 1.0000
vt 0.5000 0.0000
vt 0.5500 0.0000
vt 0.5500 1.0000
vt 0.5000 1.0000
vt 0.5500 0.0000
vt 0.6000 0.0000
vt 0.6000 1.0000
vt 0.5500 1.0000
vt 0.6000 0.0000
vt 0.6500 0.0000
vt 0.6500 1.0000
vt 0.6000 1.0000
vt 0.6500 0.0000
vt 0.7000 0.0000
vt 0.7000 1.0000
vt 0.6500 1.0000
vt 0.7000 0.0000
vt 0.7500 0.0000
vt 0.7500 1.0000
vt 0.7000 1.0000
vt 0.7500 0.0000
vt 0.8000 0.0000
vt 0.8000 1.0000
vt 0.7500 1.0000
vt 0.8000 0.0000
vt 0.8500 0.0000
vt 0.8500 1.0000
vt 0.8000 1.0000
vt 0.8500 0.0000
vt 0.9000 0.0000
vt 0.9000 1.0000
vt 0.8500 1.0000
vt 0.9000 0.0000
vt 0.9500 0.0000
vt 0.9500 1.0000
vt 0.9000 1.0000
vt 0.9500 0.0000
vt 1.0000 0.0000
vt 1.0000 1.0000
vt 0.9500 1.0000
vt 0.0000 1.0000
vt 0.0714 1.0000
vt 0.0714 0.8750
vt 0.0000 0.8750
vt 0.0714 1.0000
vt 0.1429 1.0000
vt 0.1429 0.8750
vt 0.0714 0.8750
vt 0.1429 1.0000
vt 0.2143 1.0000
vt 0.2143 0.8750
vt 0.1429 0.8750
vt 0.2143 1.0000
vt 0.2857 1.0000
vt 0.2857 0.8750
vt 0.2143 0.8750
vt 0.2857 1.0000
vt 0.3571 1.0000
vt 0.3571 0.8750
vt 0.2857 0.8750
vt 0.3571 1.0000
vt 0.4286 1.0000
vt 0.4286 0.8750
vt 0.3571 0.8750
vt 0.4286 1.0000
vt 0.5000 1.0000
vt 0.5000 0.8750
vt 0.4286 0.8750
vt 0.5000 1.0000
vt 0.5714 1.0000
vt 0.5714 0.8750
vt 0.5000 0.8750
vt 0.5714 1.0000
vt 0.6429 1.0000
vt 0.6429 0.8750
vt 0.5714 0.8750
vt 0.6429 1.0000
vt 0.7143 1.0000
vt 0.7143 0.8750
vt 0.6429 0.8750
vt 0.7143 1.0000
vt 0.7857 1.0000
vt 0.7857 0.8750
vt 0.7143 0.8750
vt 0.7857 1.0000
vt 0.8571 1.0000
vt 0.8571 0.8750
vt 0.7857 0.8750
vt 0.8571 1.0000
vt 0.9286 1.0000
vt 0.9286 0.8750
vt 0.8571 0.8750
vt 0.9286 1.0000
vt 1.0000 1.0000
vt 1.0000 0.8750
vt 0.9286 0.8750
vt 0.0000 0.8750
vt 0.0714 0.8750
vt 0.0714 0.7500
vt 0.0000 0.7500
vt 0.0714 0.8750
vt 0.1429 0.8750
vt 0.1429 0.7500
vt 0.0714 0.7500
vt 0.1429 0.8750
vt 0.2143 0.8750
vt 0.2143 0.7500
vt 0.1429 0.7500
vt 0.2143 0.8750
vt 0.2857 0.8750
vt 0.2857 0.7500
vt 0.2143 0.7500
vt 0.2857 0.8750
vt 0.3571 0.8750
vt 0.3571 0.7500
vt 0.2857 0.7500
vt 0.3571 0.8750
vt 0.4286 0.8750
vt 0.4286 0.7500
vt 0.3571 0.7500
vt 0.4286 0.8750
vt 0.5000 0.8750
vt 0.5000 0.7500
vt 0.4286 0.7500
vt 0.5000 0.8750
vt 0.5714 0.8750
vt 0.5714 0.7500
vt 0.5000 0.7500
vt 0.5714 0.8750
vt 0.6429 0.8750
vt 0.6429 0.7500
vt 0.5714 0.7500
vt 0.6429 0.8750
vt 0.7143 0.8750
vt 0.7143 0.7500
vt 0.6429 0.7500
vt 0.7143 0.8750
vt 0.7857 0.8750
vt 0.7857 0.7500
vt 0.7143 0.7500
vt 0.7857 0.8750
vt 0.8571 0.8750
vt 0.8571 0.7500
vt 0.7857 0.7500
vt 0.8571 0.8750
vt 0.9286 0.8750
vt 0.9286 0.7500
vt 0.8571 0.7500
vt 0.9286 0.8750
vt 1.0000 0.8750
vt 1.0000 0.7500
vt 0.9286 0.7500
vt 0.0000 0.7500
vt 0.0714 0.7500
vt 0.0714 0.6250
vt 0.0000 0.6250
vt 0.0714 0.7500
vt 0.1429 0.7500
vt 0.1429 0.6250
vt 0.0714 0.6250
vt 0.1429 0.7500
vt 0.2143 0.7500
vt 0.2143 0.6250
vt 0.1429 0.6250
vt 0.2143 0.7500
vt 0.2857 0.7500
vt 0.2857 0.6250
vt 0.2143 0.6250
vt 0.2857 0.7500
vt 0.3571 0.7500
vt 0.3571 0.6250
vt 0.2857 0.6250
vt 0.3571 0.7500
vt 0.4286 0.7500
vt 0.4286 0.6250
vt 0.3571 0.6250
vt 0.4286 0.7500
vt 0.5000 0.7500
vt 0.5000 0.6250
vt 0.4286 0.6250
vt 0.5000 0.7500
vt 0.5714 0.7500
vt 0.5714 0.6250
vt 0.5000 0.6250
vt 0.5714 0.7500
vt 0.6429 0.7500
vt 0.6429 0.6250
vt 0.5714 0.6250
vt 0.6429 0.7500
vt 0.7143 0.7500
vt 0.7143 0.6250
vt 0.6429 0.6250
vt 0.7143 0.7500
vt 0.7857 0.7500
vt 0.7857 0.6250
vt 0.7143 0.6250
vt 0.7857 0.7500
vt 0.8571 0.7500
vt 0.8571 0.6250
vt 0.7857 0.6250
vt 0.8571 0.7500
vt 0.9286 0.7500
vt 0.9286 0.6250
vt 0.8571 0.6250
vt 0.9286 0.7500
vt 1.0000 0.7500
vt 1.0000 0.6250
vt 0.9286 0.6250
vt 0.0000 0.6250
vt 0.0714 0.6250
vt 0.0714 0.5000
vt 0.0000 0.5000
vt 0.0714 0.6250
vt 0.1429 0.6250
vt 0.1429 0.5000
vt 0.0714 0.5000
vt 0.1429 0.6250
vt 0.2143 0.6250
vt 0.2143 0.5000
vt 0.1429 0.5000
vt 0.2143 0.6250
vt 0.2857 0.6250
vt 0.2857 0.5000
vt 0.2143 0.5000
vt 0.2857 0.6250
vt 0.3571 0.6250
vt 0.3571 0.5000
vt 0.2857 0.5000
vt 0.3571 0.6250
vt 0.4286 0.6250
vt 0.4286 0.5000
vt 0.3571 0.5000
vt 0.4286 0.6250
vt 0.5000 0.6250
vt 0.5000 0.5000
vt 0.4286 0.5000
vt 0.5000 0.6250
vt 0.5714 0.6250
vt 0.5714 0.5000
vt 0.5000 0.5000
vt 0.5714 0.6250
vt 0.6429 0.6250
vt 0.6429 0.5000
vt 0.5714 0.5000
vt 0.6429 0.6250
vt 0.7143 0.6250
vt 0.7143 0.5000
vt 0.6429 0.5000
vt 0.7143 0.6250
vt 0.7857 0.6250
vt 0.7857 0.5000
vt 0.7143 0.5000
vt 0.7857 0.6250
vt 0.8571 0.6250
vt 0.8571 0.5000
vt 0.7857 0.5000
vt 0.8571 0.6250
vt 0.9286 0.6250
vt 0.9286 0.5000
vt 0.8571 0.5000
vt 0.9286 0.6250
vt 1.0000 0.6250
vt 1.0000 0.5000
vt 0.9286 0.5000
vt 0.0000 0.5000
vt 0.0714 0.5000
vt 0.0714 0.3750
vt 0.0000 0.3750
vt 0.0714 0.5000
vt 0.1429 0.5000
vt 0.1429 0.3750
vt 0.0714 0.3750
vt 0.1429 0.5000
vt 0.2143 0.5000
vt 0.2143 0.3750
vt 0.1429 0.3750
vt 0.2143 0.5000
vt 0.2857 0.5000
vt 0.2857 0.3750
vt 0.2143 0.3750
vt 0.2857 0.5000
vt 0.3571 0.5000
vt 0.3571 0.3750
vt 0.2857 0.3750
vt 0.3571 0.5000
vt 0.4286 0.5000
vt 0.4286 0.3750
vt 0.3571 0.3750
vt 0.4286 0.5000
vt 0.5000 0.5000
vt 0.5000 0.3750
vt 0.4286 0.3750
vt 0.5000 0.5000
vt 0.5714 0.5000
vt 0.5714 0.3750
vt 0.5000 0.3750
vt 0.5714 0.5000
vt 0.6429 0.5000
vt 0.6429 0.3750
vt 0.5714 0.3750
vt 0.6429 0.5000
vt 0.7143 0.5000
vt 0.7143 0.3750
vt 0.6429 0.3750
vt 0.7143 0.5000
vt 0.7857 0.5000
vt 0.7857 0.3750
vt 0.7143 0.3750
vt 0.7857 0.5000
vt 0.8571 0.5000
vt 0.8571 0.3750
vt 0.7857 0.3750
vt 0.8571 0.5000
vt 0.9286 0.5000
vt 0.9286 0.3750
vt 0.8571 0.3750
vt 0.9286 0.5000
vt 1.0000 0.5000
vt 1.0000 0.3750
vt 0.9286 0.3750
vt 0.0000 0.3750
vt 0.0714 0.3750
vt 0.0714 0.2500
vt 0.0000 0.2500
vt 0.0714 0.3750
vt 0.1429 0.3750
vt 0.1429 0.2500
vt 0.0714 0.2500
vt 0.1429 0.3750
vt 0.2143 0.3750
vt 0.2143 0.2500
vt 0.1429 0.2500
vt 0.2143 0.3750
vt 0.2857 0.3750
vt 0.2857 0.2500
vt 0.2143 0.2500
vt 0.2857 0.3750
vt 0.3571 0.3750
vt 0.3571 0.2500
vt 0.2857 0.2500
vt 0.3571 0.3750
vt 0.4286 0.3750
vt 0.4286 0.2500
vt 0.3571 0.2500
vt 0.4286 0.3750
vt 0.5000 0.3750
vt 0.5000 0.2500
vt 0.4286 0.2500
vt 0.5000 0.3750
vt 0.5714 0.3750
vt 0.5714 0.2500
vt 0.5000 0.2500
vt 0.5714 0.3750
vt 0.6429 0.3750
vt 0.6429 0.2500
vt 0.5714 0.2500
vt 0.6429 0.3750
vt 0.7143 0.3750
vt 0.7143 0.2500
vt 0.6429 0.2500
vt 0.7143 0.3750
vt 0.7857 0.3750
vt 0.7857 0.2500
vt 0.7143 0.2500
vt 0.7857 0.3750
vt 0.8571 0.3750
vt 0.8571 0.2500
vt 0.7857 0.2500
vt 0.8571 0.3750
vt 0.9286 0.3750
vt 0.9286 0.2500
vt 0.8571 0.2500
vt 0.9286 0.3750
vt 1.0000 0.3750
vt 1.0000 0.2500
vt 0.9286 0.2500
vt 0.0000 0.2500
vt 0.0714 0.2500
vt 0.0714 0.1250
vt 0.0000 0.1250
vt 0.0714 0.2500
vt 0.1429 0.2500
vt 0.1429 0.1250
vt 0.0714 0.1250
vt 0.1429 0.2500
vt 0.2143 0.2500
vt 0.2143 0.1250
vt 0.1429 0.1250
vt 0.2143 0.2500
vt 0.2857 0.2500
vt 0.2857 0.1250
vt 0.2143 0.1250
vt 0.2857 0.2500
vt 0.3571 0.2500
vt 0.3571 0.1250
vt 0.2857 0.1250
vt 0.3571 0.2500
vt 0.4286 0.2500
vt 0.4286 0.1250
vt 0.3571 0.1250
vt 0.4286 0.2500
vt 0.5000 0.2500
vt 0.5000 0.1250
vt 0.4286 0.1250
vt 0.5000 0.2500
vt 0.5714 0.2500
vt 0.5714 0.1250
vt 0.5000 0.1250
vt 0.5714 0.2500
vt 0.6429 0.2500
vt 0.6429 0.1250
vt 0.5714 0.1250
vt 0.6429 0.2500
vt 0.7143 0.2500
vt 0.7143 0.1250
vt 0.6429 0.1250
vt 0.7143 0.2500
vt 0.7857 0.2500
vt 0.7857 0.1250
vt 0.7143 0.1250
vt 0.7857 0.2500
vt 0.8571 0.2500
vt 0.8571 0.1250
vt 0.7857 0.1250
vt 0.8571 0.2500
vt 0.9286 0.2500
vt 0.9286 0.1250
vt 0.8571 0.1250
vt 0.9286 0.2500
vt 1.0000 0.2500
vt 1.0000 0.1250
vt 0.9286 0.1250
vt 0.0000 0.1250
vt 0.0714 0.1250
vt 0.0714 0.0000
vt 0.0000 0.0000
vt 0.0714 0.1250
vt 0.1429 0.1250
vt 0.1429 0.0000
vt 0.0714 0.0000
vt 0.1429 0.1250
vt 0.2143 0.1250
vt 0.2143 0.0000
vt 0.1429 0.0000
vt 0.2143 0.1250
vt 0.2857 0.1250
vt 0.2857 0.0000
vt 0.2143 0.0000
vt 0.2857 0.1250
vt 0.3571 0.1250
vt 0.3571 0.0000
vt 0.2857 0.0000
vt 0.3571 0.1250
vt 0.4286 0.1250
vt 0.4286 0.0000
vt 0.3571 0.0000
vt 0.4286 0.1250
vt 0.5000 0.1250
vt 0.5000 0.0000
vt 0.4286 0.0000
vt 0.5000 0.1250
vt 0.5714 0.1250
vt 0.5714 0.0000
vt 0.5000 0.0000
vt 0.5714 0.1250
vt 0.6429 0.1250
vt 0.6429 0.0000
vt 0.5714 0.0000
vt 0.6429 0.1250
vt 0.7143 0.1250
vt 0.7143 0.0000
vt 0.6429 0.0000
vt 0.7143 0.1250
vt 0.7857 0.1250
vt 0.7857 0.0000
vt 0.7143 0.0000
vt 0.7857 0.1250
vt 0.8571 0.1250
vt 0.8571 0.0000
vt 0.7857 0.0000
vt 0.8571 0.1250
vt 0.9286 0.1250
vt 0.9286 0.0000
vt 0.8571 0.0000
vt 0.9286 0.1250
vt 1.0000 0.1250
vt 1.0000 0.0000
vt 0.9286 0.0000
vt 0.0000 1.0000
vt 0.0714 1.0000
vt 0.0714 0.8750
vt 0.0000 0.8750
vt 0.0714 1.0000
vt 0.1429 1.0000
vt 0.1429 0.8750
vt 0.0714 0.8750
vt 0.1429 1.0000
vt 0.2143 1.0000
vt 0.2143 0.8750
vt 0.1429 0.8750
vt 0.2143 1.0000
vt 0.2857 1.0000
vt 0.2857 0.8750
vt 0.2143 0.8750
vt 0.2857 1.0000
vt 0.3571 1.0000
vt 0.3571 0.8750
vt 0.2857 0.8750
vt 0.3571 1.0000
vt 0.4286 1.0000
vt 0.4286 0.8750
vt 0.3571 0.8750
vt 0.4286 1.0000
vt 0.5000 1.0000
vt 0.5000 0.8750
vt 0.4286 0.8750
vt 0.5000 1.0000
vt 0.5714 1.0000
vt 0.5714 0.8750
vt 0.5000 0.8750
vt 0.5714 1.0000
vt 0.6429 1.0000
vt 0.6429 0.8750
vt 0.5714 0.8750
vt 0.6429 1.0000
vt 0.7143 1.0000
vt 0.7143 0.8750
vt 0.6429 0.8750
vt 0.7143 1.0000
vt 0.7857 1.0000
vt 0.7857 0.8750
vt 0.7143 0.8750
vt 0.7857 1.0000
vt 0.8571 1.0000
vt 0.8571 0.8750
vt 0.7857 0.8750
vt 0.8571 1.0000
vt 0.9286 1.0000
vt 0.9286 0.8750
vt 0.8571 0.8750
vt 0.9286 1.0000
vt 1.0000 1.0000
vt 1.0000 0.8750
vt 0.9286 0.8750
vt 0.0000 0.8750
vt 0.0714 0.8750
vt 0.0714 0.7500
vt 0.0000 0.7500
vt 0.0714 0.8750
vt 0.1429 0.8750
vt 0.1429 0.7500
vt 0.0714 0.7500
vt 0.1429 0.8750
vt 0.2143 0.8750
vt 0.2143 0.7500
vt 0.1429 0.7500
vt 0.2143 0.8750
vt 0.2857 0.8750
vt 0.2857 0.7500
vt 0.2143 0.7500
vt 0.2857 0.8750
vt 0.3571 0.8750
vt 0.3571 0.7500
vt 0.2857 0.7500
vt 0.3571 0.8750
vt 0.4286 0.8750
vt 0.4286 0.7500
vt 0.3571 0.7500
vt 0.4286 0.8750
vt 0.5000 0.8750
vt 0.5000 0.7500
vt 0.4286 0.7500
vt 0.5000 0.8750
vt 0.5714 0.8750
vt 0.5714 0.7500
vt 0.5000 0.7500
vt 0.5714 0.8750
vt 0.6429 0.8750
vt 0.6429 0.7500
vt 0.5714 0.7500
vt 0.6429 0.8750
vt 0.7143 0.8750
vt 0.7143 0.7500
vt 0.6429 0.7500
vt 0.7143 0.8750
vt 0.7857 0.8750
vt 0.7857 0.7500
vt 0.7143 0.7500
vt 0.7857 0.8750
vt 0.8571 0.8750
vt 0.8571 0.7500
vt 0.7857 0.7500
vt 0.8571 0.8750
vt 0.9286 0.8750
vt 0.9286 0.7500
vt 0.8571 0.7500
vt 0.9286 0.8750
vt 1.0000 0.8750
vt 1.0000 0.7500
vt 0.9286 0.7500
vt 0.0000 0.7500
vt 0.0714 0.7500
vt 0.0714 0.6250
vt 0.0000 0.6250
vt 0.0714 0.7500
vt 0.1429 0.7500
vt 0.1429 0.6250
vt 0.0714 0.6250
vt 0.1429 0.7500
vt 0.2143 0.7500
vt 0.2143 0.6250
vt 0.1429 0.6250
vt 0.2143 0.7500
vt 0.2857 0.7500
vt 0.2857 0.6250
vt 0.2143 0.6250
vt 0.2857 0.7500
vt 0.3571 0.7500
vt 0.3571 0.6250
vt 0.2857 0.6250
vt 0.3571 0.7500
vt 0.4286 0.7500
vt 0.4286 0.6250
vt 0.3571 0.6250
vt 0.4286 0.7500
vt 0.5000 0.7500
vt 0.5000 0.6250
vt 0.4286 0.6250
vt 0.5000 0.7500
vt 0.5714 0.7500
vt 0.5714 0.6250
vt 0.5000 0.6250
vt 0.5714 0.7500
vt 0.6429 0.7500
vt 0.6429 0.6250
vt 0.5714 0.6250
vt 0.6429 0.7500
vt 0.7143 0.7500
vt 0.7143 0.6250
vt 0.6429 0.6250
vt 0.7143 0.7500
vt 0.7857 0.7500
vt 0.7857 0.6250
vt 0.7143 0.6250
vt 0.7857 0.7500
vt 0.8571 0.7500
vt 0.8571 0.6250
vt 0.7857 0.6250
vt 0.8571 0.7500
vt 0.9286 0.7500
vt 0.9286 0.6250
vt 0.8571 0.6250
vt 0.9286 0.7500
vt 1.0000 0.7500
vt 1.0000 0.6250
vt 0.9286 0.6250
vt 0.0000 0.6250
vt 0.0714 0.6250
vt 0.0714 0.5000
vt 0.0000 0.5000
vt 0.0714 0.6250
vt 0.1429 0.6250
vt 0.1429 0.5000
vt 0.0714 0.5000
vt 0.1429 0.6250
vt 0.2143 0.6250
vt 0.2143 0.5000
vt 0.1429 0.5000
vt 0.2143 0.6250
vt 0.2857 0.6250
vt 0.2857 0.5000
vt 0.2143 0.5000
vt 0.2857 0.6250
vt 0.3571 0.6250
vt 0.3571 0.5000
vt 0.2857 0.5000
vt 0.3571 0.6250
vt 0.4286 0.6250
vt 0.4286 0.5000
vt 0.3571 0.5000
vt 0.4286 0.6250
vt 0.5000 0.6250
vt 0.5000 0.5000
vt 0.4286 0.5000
vt 0.5000 0.6250
vt 0.5714 0.6250
vt 0.5714 0.5000
vt 0.5000 0.5000
vt 0.5714 0.6250
vt 0.6429 0.6250
vt 0.6429 0.5000
vt 0.5714 0.5000
vt 0.6429 0.6250
vt 0.7143 0.6250
vt 0.7143 0.5000
vt 0.6429 0.5000
vt 0.7143 0.6250
vt 0.7857 0.6250
vt 0.7857 0.5000
vt 0.7143 0.5000
vt 0.7857 0.6250
vt 0.8571 0.6250
vt 0.8571 0.5000
vt 0.7857 0.5000
vt 0.8571 0.6250
vt 0.9286 0.6250
vt 0.9286 0.5000
vt 0.8571 0.5000
vt 0.9286 0.6250
vt 1.0000 0.6250
vt 1.0000 0.5000
vt 0.9286 0.5000
vt 0.0000 0.5000
vt 0.0714 0.5000
vt 0.0714 0.3750
vt 0.0000 0.3750
vt 0.0714 0.5000
vt 0.1429 0.5000
vt 0.1429 0.3750
vt 0.0714 0.3750
vt 0.1429 0.5000
vt 0.2143 0.5000
vt 0.2143 0.3750
vt 0.1429 0.3750
vt 0.2143 0.5000
vt 0.2857 0.5000
vt 0.2857 0.3750
vt 0.2143 0.3750
vt 0.2857 0.5000
vt 0.3571 0.5000
vt 0.3571 0.3750
vt 0.2857 0.3750
vt 0.3571 0.5000
vt 0.4286 0.5000
vt 0.4286 0.3750
vt 0.3571 0.3750
vt 0.4286 0.5000
vt 0.5000 0.5000
vt 0.5000 0.3750
vt 0.4286 0.3750
vt 0.5000 0.5000
vt 0.5714 0.5000
vt 0.5714 0.3750
vt 0.5000 0.3750
vt 0.5714 0.5000
vt 0.6429 0.5000
vt 0.6429 0.3750
vt 0.5714 0.3750
vt 0.6429 0.5000
vt 0.7143 0.5000
vt 0.7143 0.3750
vt 0.6429 0.3750
vt 0.7143 0.5000
vt 0.7857 0.5000
vt 0.7857 0.3750
vt 0.7143 0.3750
vt 0.7857 0.5000
vt 0.8571 0.5000
vt 0.8571 0.3750
vt 0.7857 0.3750
vt 0.8571 0.5000
vt 0.9286 0.5000
vt 0.9286 0.3750
vt 0.8571 0.3750
vt 0.9286 0.5000
vt 1.0000 0.5000
vt 1.0000 0.3750
vt 0.9286 0.3750
vt 0.0000 0.3750
vt 0.0714 0.3750
vt 0.0714 0.2500
vt 0.0000 0.2500
vt 0.0714 0.3750
vt 0.1429 0.3750
vt 0.1429 0.2500
vt 0.0714 0.2500
vt 0.1429 0.3750
vt 0.2143 0.3750
vt 0.2143 0.2500
vt 0.1429 0.2500
vt 0.2143 0.3750
vt 0.2857 0.3750
vt 0.2857 0.2500
vt 0.2143 0.2500
vt 0.2857 0.3750
vt 0.3571 0.3750
vt 0.3571 0.2500
vt 0.2857 0.2500
vt 0.3571 0.3750
vt 0.4286 0.3750
vt 0.4286 0.2500
vt 0.3571 0.2500
vt 0.4286 0.3750
vt 0.5000 0.3750
vt 0.5000 0.2500
vt 0.4286 0.2500
vt 0.5000 0.3750
vt 0.5714 0.3750
vt 0.5714 0.2500
vt 0.5000 0.2500
vt 0.5714 0.3750
vt 0.6429 0.3750
vt 0.6429 0.2500
vt 0.5714 0.2500
vt 0.6429 0.3750
vt 0.7143 0.3750
vt 0.7143 0.2500
vt 0.6429 0.2500
vt 0.7143 0.3750
vt 0.7857 0.3750
vt 0.7857 0.2500
vt 0.7143 0.2500
vt 0.7857 0.3750
vt 0.8571 0.3750
vt 0.8571 0.2500
vt 0.7857 0.2500
vt 0.8571 0.3750
vt 0.9286 0.3750
vt 0.9286 0.2500
vt 0.8571 0.2500
vt 0.9286 0.3750
vt 1.0000 0.3750
vt 1.0000 0.2500
vt 0.9286 0.2500
vt 0.0000 0.2500
vt 0.0714 0.2500
vt 0.0714 0.1250
vt 0.0000 0.1250
vt 0.0714 0.2500
vt 0.1429 0.2500
vt 0.1429 0.1250
vt 0.0714 0.1250
vt 0.1429 0.2500
vt 0.2143 0.2500
vt 0.2143 0.1250
vt 0.1429 0.1250
vt 0.2143 0.2500
vt 0.2857 0.2500
vt 0.2857 0.1250
vt 0.2143 0.1250
vt 0.2857 0.2500
vt 0.3571 0.2500
vt 0.3571 0.1250
vt 0.2857 0.1250
vt 0.3571 0.2500
vt 0.4286 0.2500
vt 0.4286 0.1250
vt 0.3571 0.1250
vt 0.4286 0.2500
vt 0.5000 0.2500
vt 0.5000 0.1250
vt 0.4286 0.1250
vt 0.5000 0.2500
vt 0.5714 0.2500
vt 0.5714 0.1250
vt 0.5000 0.1250
vt 0.5714 0.2500
vt 0.6429 0.2500
vt 0.6429 0.1250
vt 0.5714 0.1250
vt 0.6429 0.2500
vt 0.7143 0.2500
vt 0.7143 0.1250
vt 0.6429 0.1250
vt 0.7143 0.2500
vt 0.7857 0.2500
vt 0.7857 0.1250
vt 0.7143 0.1250
vt 0.7857 0.2500
vt 0.8571 0.2500
vt 0.8571 0.1250
vt 0.7857 0.1250
vt 0.8571 0.2500
vt 0.9286 0.2500
vt 0.9286 0.1250
vt 0.8571 0.1250
vt 0.9286 0.2500
vt 1.0000 0.2500
vt 1.0000 0.1250
vt 0.9286 0.1250
vt 0.0000 0.1250
vt 0.0714 0.1250
vt 0.0714 0.0000
vt 0.0000 0.0000
vt 0.0714 0.1250
vt 0.1429 0.1250
vt 0.1429 0.0000
vt 0.0714 0.0000
vt 0.1429 0.1250
vt 0.2143 0.1250
vt 0.2143 0.0000
vt 0.1429 0.0000
vt 0.2143 0.1250
vt 0.2857 0.1250
vt 0.2857 0.0000
vt 0.2143 0.0000
vt 0.2857 0.1250
vt 0.3571 0.1250
vt 0.3571 0.0000
vt 0.2857 0.0000
vt 0.3571 0.1250
vt 0.4286 0.1250
vt 0.4286 0.0000
vt 0.3571 0.0000
vt 0.4286 0.1250
vt 0.5000 0.1250
vt 0.5000 0.0000
vt 0.4286 0.0000
vt 0.5000 0.1250
vt 0.5714 0.1250
vt 0.5714 0.0000
vt 0.5000 0.0000
vt 0.5714 0.1250
vt 0.6429 0.1250
vt 0.6429 0.0000
vt 0.5714 0.0000
vt 0.6429 0.1250
vt 0.7143 0.1250
vt 0.7143 0.0000
vt 0.6429 0.0000
vt 0.7143 0.1250
vt 0.7857 0.1250
vt 0.7857 0.0000
vt 0.7143 0.0000
vt 0.7857 0.1250
vt 0.8571 0.1250
vt 0.8571 0.0000
vt 0.7857 0.0000
vt 0.8571 0.1250
vt 0.9286 0.1250
vt 0.9286 0.0000
vt 0.8571 0.0000
vt 0.9286 0.1250
vt 1.0000 0.1250
vt 1.0000 0.0000
vt 0.9286 0.0000
vt 0.0000 1.0000
vt 0.0714 1.0000
vt 0.0714 0.8750
vt 0.0000 0.8750
vt 0.0714 1.0000
vt 0.1429 1.0000
vt 0.1429 0.8750
vt 0.0714 0.8750
vt 0.1429 1.0000
vt 0.2143 1.0000
vt 0.2143 0.8750
vt 0.1429 0.8750
vt 0.2143 1.0000
vt 0.2857 1.0000
vt 0.2857 0.8750
vt 0.2143 0.8750
vt 0.2857 1.0000
vt 0.3571 1.0000
vt 0.3571 0.8750
vt 0.2857 0.8750
vt 0.3571 1.0000
vt 0.4286 1.0000
vt 0.4286 0.8750
vt 0.3571 0.8750
vt 0.4286 1.0000
vt 0.5000 1.0000
vt 0.5000 0.8750
vt 0.4286 0.8750
vt 0.5000 1.0000
vt 0.5714 1.0000
vt 0.5714 0.8750
vt 0.5000 0.8750
vt 0.5714 1.0000
vt 0.6429 1.0000
vt 0.6429 0.8750
vt 0.5714 0.8750
vt 0.6429 1.0000
vt 0.7143 1.0000
vt 0.7143 0.8750
vt 0.6429 0.8750
vt 0.7143 1.0000
vt 0.7857 1.0000
vt 0.7857 0.8750
vt 0.7143 0.8750
vt 0.7857 1.0000
vt 0.8571 1.0000
vt 0.8571 0.8750
vt 0.7857 0.8750
vt 0.8571 1.0000
vt 0.9286 1.0000
vt 0.9286 0.8750
vt 0.8571 0.8750
vt 0.9286 1.0000
vt 1.0000 1.0000
vt 1.0000 0.8750
vt 0.9286 0.8750
vt 0.0000 0.8750
vt 0.0714 0.8750
vt 0.0714 0.7500
vt 0.0000 0.7500
vt 0.0714 0.8750
vt 0.1429 0.8750
vt 0.1429 0.7500
vt 0.0714 0.7500
vt 0.1429 0.8750
vt 0.2143 0.8750
vt 0.2143 0.7500
vt 0.1429 0.7500
vt 0.2143 0.8750
vt 0.2857 0.8750
vt 0.2857 0.7500
vt 0.2143 0.7500
vt 0.2857 0.8750
vt 0.3571 0.8750
vt 0.3571 0.7500
vt 0.2857 0.7500
vt 0.3571 0.8750
vt 0.4286 0.8750
vt 0.4286 0.7500
vt 0.3571 0.7500
vt 0.4286 0.8750
vt 0.5000 0.8750
vt 0.5000 0.7500
vt 0.4286 0.7500
vt 0.5000 0.8750
vt 0.5714 0.8750
vt 0.5714 0.7500
vt 0.5000 0.7500
vt 0.5714 0.8750
vt 0.6429 0.8750
vt 0.6429 0.7500
vt 0.5714 0.7500
vt 0.6429 0.8750
vt 0.7143 0.8750
vt 0.7143 0.7500
vt 0.6429 0.7500
vt 0.7143 0.8750
vt 0.7857 0.8750
vt 0.7857 0.7500
vt 0.7143 0.7500
vt 0.7857 0.8750
vt 0.8571 0.8750
vt 0.8571 0.7500
vt 0.7857 0.7500
vt 0.8571 0.8750
vt 0.9286 0.8750
vt 0.9286 0.7500
vt 0.8571 0.7500
vt 0.9286 0.8750
vt 1.0000 0.8750
vt 1.0000 0.7500
vt 0.9286 0.7500
vt 0.0000 0.7500
vt 0.0714 0.7500
vt 0.0714 0.6250
vt 0.0000 0.6250
vt 0.0714 0.7500
vt 0.1429 0.7500
vt 0.1429 0.6250
vt 0.0714 0.6250
vt 0.1429 0.7500
vt 0.2143 0.7500
vt 0.2143 0.6250
vt 0.1429 0.6250
vt 0.2143 0.7500
vt 0.2857 0.7500
vt 0.2857 0.6250
vt 0.2143 0.6250
vt 0.2857 0.7500
vt 0.3571 0.7500
vt 0.3571 0.6250
vt 0.2857 0.6250
vt 0.3571 0.7500
vt 0.4286 0.7500
vt 0.4286 0.6250
vt 0.3571 0.6250
vt 0.4286 0.7500
vt 0.5000 0.7500
vt 0.5000 0.6250
vt 0.4286 0.6250
vt 0.5000 0.7500
vt 0.5714 0.7500
vt 0.5714 0.6250
vt 0.5000 0.6250
vt 0.5714 0.7500
vt 0.6429 0.7500
vt 0.6429 0.6250
vt 0.5714 0.6250
vt 0.6429 0.7500
vt 0.7143 0.7500
vt 0.7143 0.6250
vt 0.6429 0.6250
vt 0.7143 0.7500
vt 0.7857 0.7500
vt 0.7857 0.6250
vt 0.7143 0.6250
vt 0.7857 0.7500
vt 0.8571 0.7500
vt 0.8571 0.6250
vt 0.7857 0.6250
vt 0.8571 0.7500
vt 0.9286 0.7500
vt 0.9286 0.6250
vt 0.8571 0.6250
vt 0.9286 0.7500
vt 1.0000 0.7500
vt 1.0000 0.6250
vt 0.9286 0.6250
vt 0.0000 0.6250
vt 0.0714 0.6250
vt 0.0714 0.5000
vt 0.0000 0.5000
vt 0.0714 0.6250
vt 0.1429 0.6250
vt 0.1429 0.5000
vt 0.0714 0.5000
vt 0.1429 0.6250
vt 0.2143 0.6250
vt 0.2143 0.5000
vt 0.1429 0.5000
vt 0.2143 0.6250
vt 0.2857 0.6250
vt 0.2857 0.5000
vt 0.2143 0.5000
vt 0.2857 0.6250
vt 0.3571 0.6250
vt 0.3571 0.5000
vt 0.2857 0.5000
vt 0.3571 0.6250
vt 0.4286 0.6250
vt 0.4286 0.5000
vt 0.3571 0.5000
vt 0.4286 0.6250
vt 0.5000 0.6250
vt 0.5000 0.5000
vt 0.4286 0.5000
vt 0.5000 0.6250
vt 0.5714 0.6250
vt 0.5714 0.5000
vt 0.5000 0.5000
vt 0.5714 0.6250
vt 0.6429 0.6250
vt 0.6429 0.5000
vt 0.5714 0.5000
vt 0.6429 0.6250
vt 0.7143 0.6250
vt 0.7143 0.5000
vt 0.6429 0.5000
vt 0.7143 0.6250
vt 0.7857 0.6250
vt 0.7857 0.5000
vt 0.7143 0.5000
vt 0.7857 0.6250
vt 0.8571 0.6250
vt 0.8571 0.5000
vt 0.7857 0.5000
vt 0.8571 0.6250
vt 0.9286 0.6250
vt 0.9286 0.5000
vt 0.8571 0.5000
vt 0.9286 0.6250
vt 1.0000 0.6250
vt 1.0000 0.5000
vt 0.9286 0.5000
vt 0.0000 0.5000
vt 0.0714 0.5000
vt 0.0714 0.3750
vt 0.0000 0.3750
vt 0.0714 0.5000
vt 0.1429 0.5000
vt 0.1429 0.3750
vt 0.0714 0.3750
vt 0.1429 0.5000
vt 0.2143 0.5000
vt 0.2143 0.3750
vt 0.1429 0.3750
vt 0.2143 0.5000
vt 0.2857 0.5000
vt 0.2857 0.3750
vt 0.2143 0.3750
vt 0.2857 0.5000
vt 0.3571 0.5000
vt 0.3571 0.3750
vt 0.2857 0.3750
vt 0.3571 0.5000
vt 0.4286 0.5000
vt 0.4286 0.3750
vt 0.3571 0.3750
vt 0.4286 0.5000
vt 0.5000 0.5000
vt 0.5000 0.3750
vt 0.4286 0.3750
vt 0.5000 0.5000
vt 0.5714 0.5000
vt 0.5714 0.3750
vt 0.5000 0.3750
vt 0.5714 0.5000
vt 0.6429 0.5000
vt 0.6429 0.3750
vt 0.5714 0.3750
vt 0.6429 0.5000
vt 0.7143 0.5000
vt 0.7143 0.3750
vt 0.6429 0.3750
vt 0.7143 0.5000
vt 0.7857 0.5000
vt 0.7857 0.3750
vt 0.7143 0.3750
vt 0.7857 0.5000
vt 0.8571 0.5000
vt 0.8571 0.3750
vt 0.7857 0.3750
vt 0.8571 0.5000
vt 0.9286 0.5000
vt 0.9286 0.3750
vt 0.8571 0.3750
vt 0.9286 0.5000
vt 1.0000 0.5000
vt 1.0000 0.3750
vt 0.9286 0.3750
vt 0.0000 0.3750
vt 0.0714 0.3750
vt 0.0714 0.2500
vt 0.0000 0.2500
vt 0.0714 0.3750
vt 0.1429 0.3750
vt 0.1429 0.2500
vt 0.0714 0.2500
vt 0.1429 0.3750
vt 0.2143 0.3750
vt 0.2143 0.2500
vt 0.1429 0.2500
vt 0.2143 0.3750
vt 0.2857 0.3750
vt 0.2857 0.2500
vt 0.2143 0.2500
vt 0.2857 0.3750
vt 0.3571 0.3750
vt 0.3571 0.2500
vt 0.2857 0.2500
vt 0.3571 0.3750
vt 0.4286 0.3750
vt 0.4286 0.2500
vt 0.3571 0.2500
vt 0.4286 0.3750
vt 0.5000 0.3750
vt 0.5000 0.2500
vt 0.4286 0.2500
vt 0.5000 0.3750
vt 0.5714 0.3750
vt 0.5714 0.2500
vt 0.5000 0.2500
vt 0.5714 0.3750
vt 0.6429 0.3750
vt 0.6429 0.2500
vt 0.5714 0.2500
vt 0.6429 0.3750
vt 0.7143 0.3750
vt 0.7143 0.2500
vt 0.6429 0.2500
vt 0.7143 0.3750
vt 0.7857 0.3750
vt 0.7857 0.2500
vt 0.7143 0.2500
vt 0.7857 0.3750
vt 0.8571 0.3750
vt 0.8571 0.2500
vt 0.7857 0.2500
vt 0.8571 0.3750
vt 0.9286 0.3750
vt 0.9286 0.2500
vt 0.8571 0.2500
vt 0.9286 0.3750
vt 1.0000 0.3750
vt 1.0000 0.2500
vt 0.9286 0.2500
vt 0.0000 0.2500
vt 0.0714 0.2500
vt 0.0714 0.1250
vt 0.0000 0.1250
vt 0.0714 0.2500
vt 0.1429 0.2500
vt 0.1429 0.1250
vt 0.0714 0.1250
vt 0.1429 0.2500
vt 0.2143 0.2500
vt 0.2143 0.1250
vt 0.1429 0.1250
vt 0.2143 0.2500
vt 0.2857 0.2500
vt 0.2857 0.1250
vt 0.2143 0.1250
vt 0.2857 0.2500
vt 0.3571 0.2500
vt 0.3571 0.1250
vt 0.2857 0.1250
vt 0.3571 0.2500
vt 0.4286 0.2500
vt 0.4286 0.1250
vt 0.3571 0.1250
vt 0.4286 0.2500
vt 0.5000 0.2500
vt 0.5000 0.1250
vt 0.4286 0.1250
vt 0.5000 0.2500
vt 0.5714 0.2500
vt 0.5714 0.1250
vt 0.5000 0.1250
vt 0.5714 0.2500
vt 0.6429 0.2500
vt 0.6429 0.1250
vt 0.5714 0.1250
vt 0.6429 0.2500
vt 0.7143 0.2500
vt 0.7143 0.1250
vt 0.6429 0.1250
vt 0.7143 0.2500
vt 0.7857 0.2500
vt 0.7857 0.1250
vt 0.7143 0.1250
vt 0.7857 0.2500
vt 0.8571 0.2500
vt 0.8571 0.1250
vt 0.7857 0.1250
vt 0.8571 0.2500
vt 0.9286 0.2500
vt 0.9286 0.1250
vt 0.8571 0.1250
vt 0.9286 0.2500
vt 1.0000 0.2500
vt 1.0000 0.1250
vt 0.9286 0.1250
vt 0.0000 0.1250
vt 0.0714 0.1250
vt 0.0714 0.0000
vt 0.0000 0.0000
vt 0.0714 0.1250
vt 0.1429 0.1250
vt 0.1429 0.0000
vt 0.0714 0.0000
vt 0.1429 0.1250
vt 0.2143 0.1250
vt 0.2143 0.0000
vt 0.1429 0.0000
vt 0.2143 0.1250
vt 0.2857 0.1250
vt 0.2857 0.0000
vt 0.2143 0.0000
vt 0.2857 0.1250
vt 0.3571 0.1250
vt 0.3571 0.0000
vt 0.2857 0.0000
vt 0.3571 0.1250
vt 0.4286 0.1250
vt 0.4286 0.0000
vt 0.3571 0.0000
vt 0.4286 0.1250
vt 0.5000 0.1250
vt 0.5000 0.0000
vt 0.4286 0.0000
vt 0.5000 0.1250
vt 0.5714 0.1250
vt 0.5714 0.0000
vt 0.5000 0.0000
vt 0.5714 0.1250
vt 0.6429 0.1250
vt 0.6429 0.0000
vt 0.5714 0.0000
vt 0.6429 0.1250
vt 0.7143 0.1250
vt 0.7143 0.0000
vt 0.6429 0.0000
vt 0.7143 0.1250
vt 0.7857 0.1250
vt 0.7857 0.0000
vt 0.7143 0.0000
vt 0.7857 0.1250
vt 0.8571 0.1250
vt 0.8571 0.0000
vt 0.7857 0.0000
vt 0.8571 0.1250
vt 0.9286 0.1250
vt 0.9286 0.0000
vt 0.8571 0.0000
vt 0.9286 0.1250
vt 1.0000 0.1250
vt 1.0000 0.0000
vt 0.9286 0.0000
vt 0.0000 0.0000
vt 0.0833 0.0000
vt 0.0833 0.2000
vt 0.0000 0.2000
vt 0.0833 0.0000
vt 0.1667 0.0000
vt 0.1667 0.2000
vt 0.0833 0.2000
vt 0.1667 0.0000
vt 0.2500 0.0000
vt 0.2500 0.2000
vt 0.1667 0.2000
vt 0.2500 0.0000
vt 0.3333 0.0000
vt 0.3333 0.2000
vt 0.2500 0.2000
vt 0.3333 0.0000
vt 0.4167 0.0000
vt 0.4167 0.2000
vt 0.3333 0.2000
vt 0.4167 0.0000
vt 0.5000 0.0000
vt 0.5000 0.2000
vt 0.4167 0.2000
vt 0.5000 0.0000
vt 0.5833 0.0000
vt 0.5833 0.2000
vt 0.5000 0.2000
vt 0.5833 0.0000
vt 0.6667 0.0000
vt 0.6667 0.2000
vt 0.5833 0.2000
vt 0.6667 0.0000
vt 0.7500 0.0000
vt 0.7500 0.2000
vt 0.6667 0.2000
vt 0.7500 0.0000
vt 0.8333 0.0000
vt 0.8333 0.2000
vt 0.7500 0.2000
vt 0.8333 0.0000
vt 0.9167 0.0000
vt 0.9167 0.2000
vt 0.8333 0.2000
vt 0.9167 0.0000
vt 1.0000 0.0000
vt 1.0000 0.2000
vt 0.9167 0.2000
vt 0.0000 0.2000
vt 0.0833 0.2000
vt 0.0833 0.4000
vt 0.0000 0.4000
vt 0.0833 0.2000
vt 0.1667 0.2000
vt 0.1667 0.4000
vt 0.0833 0.4000
vt 0.1667 0.2000
vt 0.2500 0.2000
vt 0.2500 0.4000
vt 0.1667 0.4000
vt 0.2500 0.2000
vt 0.3333 0.2000
vt 0.3333 0.4000
vt 0.2500 0.4000
vt 0.3333 0.2000
vt 0.4167 0.2000
vt 0.4167 0.4000
vt 0.3333 0.4000
vt 0.4167 0.2000
vt 0.5000 0.2000
vt 0.5000 0.4000
vt 0.4167 0.4000
vt 0.5000 0.2000
vt 0.5833 0.2000
vt 0.5833 0.4000
vt 0.5000 0.4000
vt 0.5833 0.2000
vt 0.6667 0.2000
vt 0.6667 0.4000
vt 0.5833 0.4000
vt 0.6667 0.2000
vt 0.7500 0.2000
vt 0.7500 0.4000
vt 0.6667 0.4000
vt 0.7500 0.2000
vt 0.8333 0.2000
vt 0.8333 0.4000
vt 0.7500 0.4000
vt 0.8333 0.2000
vt 0.9167 0.2000
vt 0.9167 0.4000
vt 0.8333 0.4000
vt 0.9167 0.2000
vt 1.0000 0.2000
vt 1.0000 0.4000
vt 0.9167 0.4000
vt 0.0000 0.4000
vt 0.0833 0.4000
vt 0.0833 0.6000
vt 0.0000 0.6000
vt 0.0833 0.4000
vt 0.1667 0.4000
vt 0.1667 0.6000
vt 0.0833 0.6000
vt 0.1667 0.4000
vt 0.2500 0.4000
vt 0.2500 0.6000
vt 0.1667 0.6000
vt 0.2500 0.4000
vt 0.3333 0.4000
vt 0.3333 0.6000
vt 0.2500 0.6000
vt 0.3333 0.4000
vt 0.4167 0.4000
vt 0.4167 0.6000
vt 0.3333 0.6000
vt 0.4167 0.4000
vt 0.5000 0.4000
vt 0.5000 0.6000
vt 0.4167 0.6000
vt 0.5000 0.4000
vt 0.5833 0.4000
vt 0.5833 0.6000
vt 0.5000 0.6000
vt 0.5833 0.4000
vt 0.6667 0.4000
vt 0.6667 0.6000
vt 0.5833 0.6000
vt 0.6667 0.4000
vt 0.7500 0.4000
vt 0.7500 0.6000
vt 0.6667 0.6000
vt 0.7500 0.4000
vt 0.8333 0.4000
vt 0.8333 0.6000
vt 0.7500 0.6000
vt 0.8333 0.4000
vt 0.9167 0.4000
vt 0.9167 0.6000
vt 0.8333 0.6000
vt 0.9167 0.4000
vt 1.0000 0.4000
vt 1.0000 0.6000
vt 0.9167 0.6000
vt 0.0000 0.6000
vt 0.0833 0.6000
vt 0.0833 0.8000
vt 0.0000 0.8000
vt 0.0833 0.6000
vt 0.1667 0.6000
vt 0.1667 0.8000
vt 0.0833 0.8000
vt 0.1667 0.6000
vt 0.2500 0.6000
vt 0.2500 0.8000
vt 0.1667 0.8000
vt 0.2500 0.6000
vt 0.3333 0.6000
vt 0.3333 0.8000
vt 0.2500 0.8000
vt 0.3333 0.6000
vt 0.4167 0.6000
vt 0.4167 0.8000
vt 0.3333 0.8000
vt 0.4167 0.6000
vt 0.5000 0.6000
vt 0.5000 0.8000
vt 0.4167 0.8000
vt 0.5000 0.6000
vt 0.5833 0.6000
vt 0.5833 0.8000
vt 0.5000 0.8000
vt 0.5833 0.6000
vt 0.6667 0.6000
vt 0.6667 0.8000
vt 0.5833 0.8000
vt 0.6667 0.6000
vt 0.7500 0.6000
vt 0.7500 0.8000
vt 0.6667 0.8000
vt 0.7500 0.6000
vt 0.8333 0.6000
vt 0.8333 0.8000
vt 0.7500 0.8000
vt 0.8333 0.6000
vt 0.9167 0.6000
vt 0.9167 0.8000
vt 0.8333 0.8000
vt 0.9167 0.6000
vt 1.0000 0.6000
vt 1.0000 0.8000
vt 0.9167 0.8000
vt 0.0000 0.8000
vt 0.0833 0.8000
vt 0.0833 1.0000
vt 0.0000 1.0000
vt 0.0833 0.8000
vt 0.1667 0.8000
vt 0.1667 1.0000
vt 0.0833 1.0000
vt 0.1667 0.8000
vt 0.2500 0.8000
vt 0.2500 1.0000
vt 0.1667 1.0000
vt 0.2500 0.8000
vt 0.3333 0.8000
vt 0.3333 1.0000
vt 0.2500 1.0000
vt 0.3333 0.8000
vt 0.4167 0.8000
vt 0.4167 1.0000
vt 0.3333 1.0000
vt 0.4167 0.8000
vt 0.5000 0.8000
vt 0.5000 1.0000
vt 0.4167 1.0000
vt 0.5000 0.8000
vt 0.5833 0.8000
vt 0.5833 1.0000
vt 0.5000 1.0000
vt 0.5833 0.8000
vt 0.6667 0.8000
vt 0.6667 1.0000
vt 0.5833 1.0000
vt 0.6667 0.8000
vt 0.7500 0.8000
vt 0.7500 1.0000
vt 0.6667 1.0000
vt 0.7500 0.8000
vt 0.8333 0.8000
vt 0.8333 1.0000
vt 0.7500 1.0000
vt 0.8333 0.8000
vt 0.9167 0.8000
vt 0.9167 1.0000
vt 0.8333 1.0000
vt 0.9167 0.8000
vt 1.0000 0.8000
vt 1.0000 1.0000
vt 0.9167 1.0000
vt 0.0000 1.0000
vt 0.0833 1.0000
vt 0.0833 0.8333
vt 0.0000 0.8333
vt 0.0833 1.0000
vt 0.1667 1.0000
vt 0.1667 0.8333
vt 0.0833 0.8333
vt 0.1667 1.0000
vt 0.2500 1.0000
vt 0.2500 0.8333
vt 0.1667 0.8333
vt 0.2500 1.0000
vt 0.3333 1.0000
vt 0.3333 0.8333
vt 0.2500 0.8333
vt 0.3333 1.0000
vt 0.4167 1.0000
vt 0.4167 0.8333
vt 0.3333 0.8333
vt 0.4167 1.0000
vt 0.5000 1.0000
vt 0.5000 0.8333
vt 0.4167 0.8333
vt 0.5000 1.0000
vt 0.5833 1.0000
vt 0.5833 0.8333
vt 0.5000 0.8333
vt 0.5833 1.0000
vt 0.6667 1.0000
vt 0.6667 0.8333
vt 0.5833 0.8333
vt 0.6667 1.0000
vt 0.7500 1.0000
vt 0.7500 0.8333
vt 0.6667 0.8333
vt 0.7500 1.0000
vt 0.8333 1.0000
vt 0.8333 0.8333
vt 0.7500 0.8333
vt 0.8333 1.0000
vt 0.9167 1.0000
vt 0.9167 0.8333
vt 0.8333 0.8333
vt 0.9167 1.0000
vt 1.0000 1.0000
vt 1.0000 0.8333
vt 0.9167 0.8333
vt 0.0000 0.8333
vt 0.0833 0.8333
vt 0.0833 0.6667
vt 0.0000 0.6667
vt 0.0833 0.8333
vt 0.1667 0.8333
vt 0.1667 0.6667
vt 0.0833 0.6667
vt 0.1667 0.8333
vt 0.2500 0.8333
vt 0.2500 0.6667
vt 0.1667 0.6667
vt 0.2500 0.8333
vt 0.3333 0.8333
vt 0.3333 0.6667
vt 0.2500 0.6667
vt 0.3333 0.8333
vt 0.4167 0.8333
vt 0.4167 0.6667
vt 0.3333 0.6667
vt 0.4167 0.8333
vt 0.5000 0.8333
vt 0.5000 0.6667
vt 0.4167 0.6667
vt 0.5000 0.8333
vt 0.5833 0.8333
vt 0.5833 0.6667
vt 0.5000 0.6667
vt 0.5833 0.8333
vt 0.6667 0.8333
vt 0.6667 0.6667
vt 0.5833 0.6667
vt 0.6667 0.8333
vt 0.7500 0.8333
vt 0.7500 0.6667
vt 0.6667 0.6667
vt 0.7500 0.8333
vt 0.8333 0.8333
vt 0.8333 0.6667
vt 0.7500 0.6667
vt 0.8333 0.8333
vt 0.9167 0.8333
vt 0.9167 0.6667
vt 0.8333 0.6667
vt 0.9167 0.8333
vt 1.0000 0.8333
vt 1.0000 0.6667
vt 0.9167 0.6667
vt 0.0000 0.6667
vt 0.0833 0.6667
vt 0.0833 0.5000
vt 0.0000 0.5000
vt 0.0833 0.6667
vt 0.1667 0.6667
vt 0.1667 0.5000
vt 0.0833 0.5000
vt 0.1667 0.6667
vt 0.2500 0.6667
vt 0.2500 0.5000
vt 0.1667 0.5000
vt 0.2500 0.6667
vt 0.3333 0.6667
vt 0.3333 0.5000
vt 0.2500 0.5000
vt 0.3333 0.6667
vt 0.4167 0.6667
vt 0.4167 0.5000
vt 0.3333 0.5000
vt 0.4167 0.6667
vt 0.5000 0.6667
vt 0.5000 0.5000
vt 0.4167 0.5000
vt 0.5000 0.6667
vt 0.5833 0.6667
vt 0.5833 0.5000
vt 0.5000 0.5000
vt 0.5833 0.6667
vt 0.6667 0.6667
vt 0.6667 0.5000
vt 0.5833 0.5000
vt 0.6667 0.6667
vt 0.7500 0.6667
vt 0.7500 0.5000
vt 0.6667 0.5000
vt 0.7500 0.6667
vt 0.8333 0.6667
vt 0.8333 0.5000
vt 0.7500 0.5000
vt 0.8333 0.6667
vt 0.9167 0.6667
vt 0.9167 0.5000
vt 0.8333 0.5000
vt 0.9167 0.6667
vt 1.0000 0.6667
vt 1.0000 0.5000
vt 0.9167 0.5000
vt 0.0000 0.5000
vt 0.0833 0.5000
vt 0.0833 0.3333
vt 0.0000 0.3333
vt 0.0833 0.5000
vt 0.1667 0.5000
vt 0.1667 0.3333
vt 0.0833 0.3333
vt 0.1667 0.5000
vt 0.2500 0.5000
vt 0.2500 0.3333
vt 0.1667 0.3333
vt 0.2500 0.5000
vt 0.3333 0.5000
vt 0.3333 0.3333
vt 0.2500 0.3333
vt 0.3333 0.5000
vt 0.4167 0.5000
vt 0.4167 0.3333
vt 0.3333 0.3333
vt 0.4167 0.5000
vt 0.5000 0.5000
vt 0.5000 0.3333
vt 0.4167 0.3333
vt 0.5000 0.5000
vt 0.5833 0.5000
vt 0.5833 0.3333
vt 0.5000 0.3333
vt 0.5833 0.5000
vt 0.6667 0.5000
vt 0.6667 0.3333
vt 0.5833 0.3333
vt 0.6667 0.5000
vt 0.7500 0.5000
vt 0.7500 0.3333
vt 0.6667 0.3333
vt 0.7500 0.5000
vt 0.8333 0.5000
vt 0.8333 0.3333
vt 0.7500 0.3333
vt 0.8333 0.5000
vt 0.9167 0.5000
vt 0.9167 0.3333
vt 0.8333 0.3333
vt 0.9167 0.5000
vt 1.0000 0.5000
vt 1.0000 0.3333
vt 0.9167 0.3333
vt 0.0000 0.3333
vt 0.0833 0.3333
vt 0.0833 0.1667
vt 0.0000 0.1667
vt 0.0833 0.3333
vt 0.1667 0.3333
vt 0.1667 0.1667
vt 0.0833 0.1667
vt 0.1667 0.3333
vt 0.2500 0.3333
vt 0.2500 0.1667
vt 0.1667 0.1667
vt 0.2500 0.3333
vt 0.3333 0.3333
vt 0.3333 0.1667
vt 0.2500 0.1667
vt 0.3333 0.3333
vt 0.4167 0.3333
vt 0.4167 0.1667
vt 0.3333 0.1667
vt 0.4167 0.3333
vt 0.5000 0.3333
vt 0.5000 0.1667
vt 0.4167 0.1667
vt 0.5000 0.3333
vt 0.5833 0.3333
vt 0.5833 0.1667
vt 0.5000 0.1667
vt 0.5833 0.3333
vt 0.6667 0.3333
vt 0.6667 0.1667
vt 0.5833 0.1667
vt 0.6667 0.3333
vt 0.7500 0.3333
vt 0.7500 0.1667
vt 0.6667 0.1667
vt 0.7500 0.3333
vt 0.8333 0.3333
vt 0.8333 0.1667
vt 0.7500 0.1667
vt 0.8333 0.3333
vt 0.9167 0.3333
vt 0.9167 0.1667
vt 0.8333 0.1667
vt 0.9167 0.3333
vt 1.0000 0.3333
vt 1.0000 0.1667
vt 0.9167 0.1667
vt 0.0000 0.1667
vt 0.0833 0.1667
vt 0.0833 0.0000
vt 0.0000 0.0000
vt 0.0833 0.1667
vt 0.1667 0.1667
vt 0.1667 0.0000
vt 0.0833 0.0000
vt 0.1667 0.1667
vt 0.2500 0.1667
vt 0.2500 0.0000
vt 0.1667 0.0000
vt 0.2500 0.1667
vt 0.3333 0.1667
vt 0.3333 0.0000
vt 0.2500 0.0000
vt 0.3333 0.1667
vt 0.4167 0.1667
vt 0.4167 0.0000
vt 0.3333 0.0000
vt 0.4167 0.1667
vt 0.5000 0.1667
vt 0.5000 0.0000
vt 0.4167 0.0000
vt 0.5000 0.1667
vt 0.5833 0.1667
vt 0.5833 0.0000
vt 0.5000 0.0000
vt 0.5833 0.1667
vt 0.6667 0.1667
vt 0.6667 0.0000
vt 0.5833 0.0000
vt 0.6667 0.1667
vt 0.7500 0.1667
vt 0.7500 0.0000
vt 0.6667 0.0000
vt 0.7500 0.1667
vt 0.8333 0.1667
vt 0.8333 0.0000
vt 0.7500 0.0000
vt 0.8333 0.1667
vt 0.9167 0.1667
vt 0.9167 0.0000
vt 0.8333 0.0000
vt 0.9167 0.1667
vt 1.0000 0.1667
vt 1.0000 0.0000
vt 0.9167 0.0000
vt 0.0000 0.0000
vt 0.0833 0.0000
vt 0.0833 0.2000
vt 0.0000 0.2000
vt 0.0833 0.0000
vt 0.1667 0.0000
vt 0.1667 0.2000
vt 0.0833 0.2000
vt 0.1667 0.0000
vt 0.2500 0.0000
vt 0.2500 0.2000
vt 0.1667 0.2000
vt 0.2500 0.0000
vt 0.3333 0.0000
vt 0.3333 0.2000
vt 0.2500 0.2000
vt 0.3333 0.0000
vt 0.4167 0.0000
vt 0.4167 0.2000
vt 0.3333 0.2000
vt 0.4167 0.0000
vt 0.5000 0.0000
vt 0.5000 0.2000
vt 0.4167 0.2000
vt 0.5000 0.0000
vt 0.5833 0.0000
vt 0.5833 0.2000
vt 0.5000 0.2000
vt 0.5833 0.0000
vt 0.6667 0.0000
vt 0.6667 0.2000
vt 0.5833 0.2000
vt 0.6667 0.0000
vt 0.7500 0.0000
vt 0.7500 0.2000
vt 0.6667 0.2000
vt 0.7500 0.0000
vt 0.8333 0.0000
vt 0.8333 0.2000
vt 0.7500 0.2000
vt 0.8333 0.0000
vt 0.9167 0.0000
vt 0.9167 0.2000
vt 0.8333 0.2000
vt 0.9167 0.0000
vt 1.0000 0.0000
vt 1.0000 0.2000
vt 0.9167 0.2000
vt 0.0000 0.2000
vt 0.0833 0.2000
vt 0.0833 0.4000
vt 0.0000 0.4000
vt 0.0833 0.2000
vt 0.1667 0.2000
vt 0.1667 0.4000
vt 0.0833 0.4000
vt 0.1667 0.2000
vt 0.2500 0.2000
vt 0.2500 0.4000
vt 0.1667 0.4000
vt 0.2500 0.2000
vt 0.3333 0.2000
vt 0.3333 0.4000
vt 0.2500 0.4000
vt 0.3333 0.2000
vt 0.4167 0.2000
vt 0.4167 0.4000
vt 0.3333 0.4000
vt 0.4167 0.2000
vt 0.5000 0.2000
vt 0.5000 0.4000
vt 0.4167 0.4000
vt 0.5000 0.2000
vt 0.5833 0.2000
vt 0.5833 0.4000
vt 0.5000 0.4000
vt 0.5833 0.2000
vt 0.6667 0.2000
vt 0.6667 0.4000
vt 0.5833 0.4000
vt 0.6667 0.2000
vt 0.7500 0.2000
vt 0.7500 0.4000
vt 0.6667 0.4000
vt 0.7500 0.2000
vt 0.8333 0.2000
vt 0.8333 0.4000
vt 0.7500 0.4000
vt 0.8333 0.2000
vt 0.9167 0.2000
vt 0.9167 0.4000
vt 0.8333 0.4000
vt 0.9167 0.2000
vt 1.0000 0.2000
vt 1.0000 0.4000
vt 0.9167 0.4000
vt 0.0000 0.4000
vt 0.0833 0.4000
vt 0.0833 0.6000
vt 0.0000 0.6000
vt 0.0833 0.4000
vt 0.1667 0.4000
vt 0.1667 0.6000
vt 0.0833 0.6000
vt 0.1667 0.4000
vt 0.2500 0.4000
vt 0.2500 0.6000
vt 0.1667 0.6000
vt 0.2500 0.4000
vt 0.3333 0.4000
vt 0.3333 0.6000
vt 0.2500 0.6000
vt 0.3333 0.4000
vt 0.4167 0.4000
vt 0.4167 0.6000
vt 0.3333 0.6000
vt 0.4167 0.4000
vt 0.5000 0.4000
vt 0.5000 0.6000
vt 0.4167 0.6000
vt 0.5000 0.4000
vt 0.5833 0.4000
vt 0.5833 0.6000
vt 0.5000 0.6000
vt 0.5833 0.4000
vt 0.6667 0.4000
vt 0.6667 0.6000
vt 0.5833 0.6000
vt 0.6667 0.4000
vt 0.7500 0.4000
vt 0.7500 0.6000
vt 0.6667 0.6000
vt 0.7500 0.4000
vt 0.8333 0.4000
vt 0.8333 0.6000
vt 0.7500 0.6000
vt 0.8333 0.4000
vt 0.9167 0.4000
vt 0.9167 0.6000
vt 0.8333 0.6000
vt 0.9167 0.4000
vt 1.0000 0.4000
vt 1.0000 0.6000
vt 0.9167 0.6000
vt 0.0000 0.6000
vt 0.0833 0.6000
vt 0.0833 0.8000
vt 0.0000 0.8000
vt 0.0833 0.6000
vt 0.1667 0.6000
vt 0.1667 0.8000
vt 0.0833 0.8000
vt 0.1667 0.6000
vt 0.2500 0.6000
vt 0.2500 0.8000
vt 0.1667 0.8000
vt 0.2500 0.6000
vt 0.3333 0.6000
vt 0.3333 0.8000
vt 0.2500 0.8000
vt 0.3333 0.6000
vt 0.4167 0.6000
vt 0.4167 0.8000
vt 0.3333 0.8000
vt 0.4167 0.6000
vt 0.5000 0.6000
vt 0.5000 0.8000
vt 0.4167 0.8000
vt 0.5000 0.6000
vt 0.5833 0.6000
vt 0.5833 0.8000
vt 0.5000 0.8000
vt 0.5833 0.6000
vt 0.6667 0.6000
vt 0.6667 0.8000
vt 0.5833 0.8000
vt 0.6667 0.6000
vt 0.7500 0.6000
vt 0.7500 0.8000
vt 0.6667 0.8000
vt 0.7500 0.6000
vt 0.8333 0.6000
vt 0.8333 0.8000
vt 0.7500 0.8000
vt 0.8333 0.6000
vt 0.9167 0.6000
vt 0.9167 0.8000
vt 0.8333 0.8000
vt 0.9167 0.6000
vt 1.0000 0.6000
vt 1.0000 0.8000
vt 0.9167 0.8000
vt 0.0000 0.8000
vt 0.0833 0.8000
vt 0.0833 1.0000
vt 0.0000 1.0000
vt 0.0833 0.8000
vt 0.1667 0.8000
vt 0.1667 1.0000
vt 0.0833 1.0000
vt 0.1667 0.8000
vt 0.2500 0.8000
vt 0.2500 1.0000
vt 0.1667 1.0000
vt 0.2500 0.8000
vt 0.3333 0.8000
vt 0.3333 1.0000
vt 0.2500 1.0000
vt 0.3333 0.8000
vt 0.4167 0.8000
vt 0.4167 1.0000
vt 0.3333 1.0000
vt 0.4167 0.8000
vt 0.5000 0.8000
vt 0.5000 1.0000
vt 0.4167 1.0000
vt 0.5000 0.8000
vt 0.5833 0.8000
vt 0.5833 1.0000
vt 0.5000 1.0000
vt 0.5833 0.8000
vt 0.6667 0.8000
vt 0.6667 1.0000
vt 0.5833 1.0000
vt 0.6667 0.8000
vt 0.7500 0.8000
vt 0.7500 1.0000
vt 0.6667 1.0000
vt 0.7500 0.8000
vt 0.8333 0.8000
vt 0.8333 1.0000
vt 0.7500 1.0000
vt 0.8333 0.8000
vt 0.9167 0.8000
vt 0.9167 1.0000
vt 0.8333 1.0000
vt 0.9167 0.8000
vt 1.0000 0.8000
vt 1.0000 1.0000
vt 0.9167 1.0000
vt 0.0000 1.0000
vt 0.0833 1.0000
vt 0.0833 0.8333
vt 0.0000 0.8333
vt 0.0833 1.0000
vt 0.1667 1.0000
vt 0.1667 0.8333
vt 0.0833 0.8333
vt 0.1667 1.0000
vt 0.2500 1.0000
vt 0.2500 0.8333
vt 0.1667 0.8333
vt 0.2500 1.0000
vt 0.3333 1.0000
vt 0.3333 0.8333
vt 0.2500 0.8333
vt 0.3333 1.0000
vt 0.4167 1.0000
vt 0.4167 0.8333
vt 0.3333 0.8333
vt 0.4167 1.0000
vt 0.5000 1.0000
vt 0.5000 0.8333
vt 0.4167 0.8333
vt 0.5000 1.0000
vt 0.5833 1.0000
vt 0.5833 0.8333
vt 0.5000 0.8333
vt 0.5833 1.0000
vt 0.6667 1.0000
vt 0.6667 0.8333
vt 0.5833 0.8333
vt 0.6667 1.0000
vt 0.7500 1.0000
vt 0.7500 0.8333
vt 0.6667 0.8333
vt 0.7500 1.0000
vt 0.8333 1.0000
vt 0.8333 0.8333
vt 0.7500 0.8333
vt 0.8333 1.0000
vt 0.9167 1.0000
vt 0.9167 0.8333
vt 0.8333 0.8333
vt 0.9167 1.0000
vt 1.0000 1.0000
vt 1.0000 0.8333
vt 0.9167 0.8333
vt 0.0000 0.8333
vt 0.0833 0.8333
vt 0.0833 0.6667
vt 0.0000 0.6667
vt 0.0833 0.8333
vt 0.1667 0.8333
vt 0.1667 0.6667
vt 0.0833 0.6667
vt 0.1667 0.8333
vt 0.2500 0.8333
vt 0.2500 0.6667
vt 0.1667 0.6667
vt 0.2500 0.8333
vt 0.3333 0.8333
vt 0.3333 0.6667
vt 0.2500 0.6667
vt 0.3333 0.8333
vt 0.4167 0.8333
vt 0.4167 0.6667
vt 0.3333 0.6667
vt 0.4167 0.8333
vt 0.5000 0.8333
vt 0.5000 0.6667
vt 0.4167 0.6667
vt 0.5000 0.8333
vt 0.5833 0.8333
vt 0.5833 0.6667
vt 0.5000 0.6667
vt 0.5833 0.8333
vt 0.6667 0.8333
vt 0.6667 0.6667
vt 0.5833 0.6667
vt 0.6667 0.8333
vt 0.7500 0.8333
vt 0.7500 0.6667
vt 0.6667 0.6667
vt 0.7500 0.8333
vt 0.8333 0.8333
vt 0.8333 0.6667
vt 0.7500 0.6667
vt 0.8333 0.8333
vt 0.9167 0.8333
vt 0.9167 0.6667
vt 0.8333 0.6667
vt 0.9167 0.8333
vt 1.0000 0.8333
vt 1.0000 0.6667
vt 0.9167 0.6667
vt 0.0000 0.6667
vt 0.0833 0.6667
vt 0.0833 0.5000
vt 0.0000 0.5000
vt 0.0833 0.6667
vt 0.1667 0.6667
vt 0.1667 0.5000
vt 0.0833 0.5000
vt 0.1667 0.6667
vt 0.2500 0.6667
vt 0.2500 0.5000
vt 0.1667 0.5000
vt 0.2500 0.6667
vt 0.3333 0.6667
vt 0.3333 0.5000
vt 0.2500 0.5000
vt 0.3333 0.6667
vt 0.4167 0.6667
vt 0.4167 0.5000
vt 0.3333 0.5000
vt 0.4167 0.6667
vt 0.5000 0.6667
vt 0.5000 0.5000
vt 0.4167 0.5000
vt 0.5000 0.6667
vt 0.5833 0.6667
vt 0.5833 0.5000
vt 0.5000 0.5000
vt 0.5833 0.6667
vt 0.6667 0.6667
vt 0.6667 0.5000
vt 0.5833 0.5000
vt 0.6667 0.6667
vt 0.7500 0.6667
vt 0.7500 0.5000
vt 0.6667 0.5000
vt 0.7500 0.6667
vt 0.8333 0.6667
vt 0.8333 0.5000
vt 0.7500 0.5000
vt 0.8333 0.6667
vt 0.9167 0.6667
vt 0.9167 0.5000
vt 0.8333 0.5000
vt 0.9167 0.6667
vt 1.0000 0.6667
vt 1.0000 0.5000
vt 0.9167 0.5000
vt 0.0000 0.5000
vt 0.0833 0.5000
vt 0.0833 0.3333
vt 0.0000 0.3333
vt 0.0833 0.5000
vt 0.1667 0.5000
vt 0.1667 0.3333
vt 0.0833 0.3333
vt 0.1667 0.5000
vt 0.2500 0.5000
vt 0.2500 0.3333
vt 0.1667 0.3333
vt 0.2500 0.5000
vt 0.3333 0.5000
vt 0.3333 0.3333
vt 0.2500 0.3333
vt 0.3333 0.5000
vt 0.4167 0.5000
vt 0.4167 0.3333
vt 0.3333 0.3333
vt 0.4167 0.5000
vt 0.5000 0.5000
vt 0.5000 0.3333
vt 0.4167 0.3333
vt 0.5000 0.5000
vt 0.5833 0.5000
vt 0.5833 0.3333
vt 0.5000 0.3333
vt 0.5833 0.5000
vt 0.6667 0.5000
vt 0.6667 0.3333
vt 0.5833 0.3333
vt 0.6667 0.5000
vt 0.7500 0.5000
vt 0.7500 0.3333
vt 0.6667 0.3333
vt 0.7500 0.5000
vt 0.8333 0.5000
vt 0.8333 0.3333
vt 0.7500 0.3333
vt 0.8333 0.5000
vt 0.9167 0.5000
vt 0.9167 0.3333
vt 0.8333 0.3333
vt 0.9167 0.5000
vt 1.0000 0.5000
vt 1.0000 0.3333
vt 0.9167 0.3333
vt 0.0000 0.3333
vt 0.0833 0.3333
vt 0.0833 0.1667
vt 0.0000 0.1667
vt 0.0833 0.3333
vt 0.1667 0.3333
vt 0.1667 0.1667
vt 0.0833 0.1667
vt 0.1667 0.3333
vt 0.2500 0.3333
vt 0.2500 0.1667
vt 0.1667 0.1667
vt 0.2500 0.3333
vt 0.3333 0.3333
vt 0.3333 0.1667
vt 0.2500 0.1667
vt 0.3333 0.3333
vt 0.4167 0.3333
vt 0.4167 0.1667
vt 0.3333 0.1667
vt 0.4167 0.3333
vt 0.5000 0.3333
vt 0.5000 0.1667
vt 0.4167 0.1667
vt 0.5000 0.3333
vt 0.5833 0.3333
vt 0.5833 0.1667
vt 0.5000 0.1667
vt 0.5833 0.3333
vt 0.6667 0.3333
vt 0.6667 0.1667
vt 0.5833 0.1667
vt 0.6667 0.3333
vt 0.7500 0.3333
vt 0.7500 0.1667
vt 0.6667 0.1667
vt 0.7500 0.3333
vt 0.8333 0.3333
vt 0.8333 0.1667
vt 0.7500 0.1667
vt 0.8333 0.3333
vt 0.9167 0.3333
vt 0.9167 0.1667
vt 0.8333 0.1667
vt 0.9167 0.3333
vt 1.0000 0.3333
vt 1.0000 0.1667
vt 0.9167 0.1667
vt 0.0000 0.1667
vt 0.0833 0.1667
vt 0.0833 0.0000
vt 0.0000 0.0000
vt 0.0833 0.1667
vt 0.1667 0.1667
vt 0.1667 0.0000
vt 0.0833 0.0000
vt 0.1667 0.1667
vt 0.2500 0.1667
vt 0.2500 0.0000
vt 0.1667 0.0000
vt 0.2500 0.1667
vt 0.3333 0.1667
vt 0.3333 0.0000
vt 0.2500 0.0000
vt 0.3333 0.1667
vt 0.4167 0.1667
vt 0.4167 0.0000
vt 0.3333 0.0000
vt 0.4167 0.1667
vt 0.5000 0.1667
vt 0.5000 0.0000
vt 0.4167 0.0000
vt 0.5000 0.1667
vt 0.5833 0.1667
vt 0.5833 0.0000
vt 0.5000 0.0000
vt 0.5833 0.1667
vt 0.6667 0.1667
vt 0.6667 0.0000
vt 0.5833 0.0000
vt 0.6667 0.1667
vt 0.7500 0.1667
vt 0.7500 0.0000
vt 0.6667 0.0000
vt 0.7500 0.1667
vt 0.8333 0.1667
vt 0.8333 0.0000
vt 0.7500 0.0000
vt 0.8333 0.1667
vt 0.9167 0.1667
vt 0.9167 0.0000
vt 0.8333 0.0000
vt 0.9167 0.1667
vt 1.0000 0.1667
vt 1.0000 0.0000
vt 0.9167 0.0000
vt 0.0000 0.0000
vt 0.1667 0.0000
vt 0.1667 0.5000
vt 0.0000 0.5000
vt 0.1667 0.0000
vt 0.3333 0.0000
vt 0.3333 0.5000
vt 0.1667 0.5000
vt 0.3333 0.0000
vt 0.5000 0.0000
vt 0.5000 0.5000
vt 0.3333 0.5000
vt 0.5000 0.0000
vt 0.6667 0.0000
vt 0.6667 0.5000
vt 0.5000 0.5000
vt 0.6667 0.0000
vt 0.8333 0.0000
vt 0.8333 0.5000
vt 0.6667 0.5000
vt 0.8333 0.0000
vt 1.0000 0.0000
vt 1.0000 0.5000
vt 0.8333 0.5000
vt 0.0000 0.5000
vt 0.1667 0.5000
vt 0.1667 1.0000
vt 0.0000 1.0000
vt 0.1667 0.5000
vt 0.3333 0.5000
vt 0.3333 1.0000
vt 0.1667 1.0000
vt 0.3333 0.5000
vt 0.5000 0.5000
vt 0.5000 1.0000
vt 0.3333 1.0000
vt 0.5000 0.5000
vt 0.6667 0.5000
vt 0.6667 1.0000
vt 0.5000 1.0000
vt 0.6667 0.5000
vt 0.8333 0.5000
vt 0.8333 1.0000
vt 0.6667 1.0000
vt 0.8333 0.5000
vt 1.0000 0.5000
vt 1.0000 1.0000
vt 0.8333 1.0000
vt 0.0000 0.0000
vt 0.1250 0.0000
vt 0.1250 0.3333
vt 0.0000 0.3333
vt 0.1250 0.0000
vt 0.2500 0.0000
vt 0.2500 0.3333
vt 0.1250 0.3333
vt 0.2500 0.0000
vt 0.3750 0.0000
vt 0.3750 0.3333
vt 0.2500 0.3333
vt 0.3750 0.0000
vt 0.5000 0.0000
vt 0.5000 0.3333
vt 0.3750 0.3333
vt 0.5000 0.0000
vt 0.6250 0.0000
vt 0.6250 0.3333
vt 0.5000 0.3333
vt 0.6250 0.0000
vt 0.7500 0.0000
vt 0.7500 0.3333
vt 0.6250 0.3333
vt 0.7500 0.0000
vt 0.8750 0.0000
vt 0.8750 0.3333
vt 0.7500 0.3333
vt 0.8750 0.0000
vt 1.0000 0.0000
vt 1.0000 0.3333
vt 0.8750 0.3333
vt 0.0000 0.3333
vt 0.1250 0.3333
vt 0.1250 0.6667
vt 0.0000 0.6667
vt 0.1250 0.3333
vt 0.2500 0.3333
vt 0.2500 0.6667
vt 0.1250 0.6667
vt 0.2500 0.3333
vt 0.3750 0.3333
vt 0.3750 0.6667
vt 0.2500 0.6667
vt 0.3750 0.3333
vt 0.5000 0.3333
vt 0.5000 0.6667
vt 0.3750 0.6667
vt 0.5000 0.3333
vt 0.6250 0.3333
vt 0.6250 0.6667
vt 0.5000 0.6667
vt 0.6250 0.3333
vt 0.7500 0.3333
vt 0.7500 0.6667
vt 0.6250 0.6667
vt 0.7500 0.3333
vt 0.8750 0.3333
vt 0.8750 0.6667
vt 0.7500 0.6667
vt 0.8750 0.3333
vt 1.0000 0.3333
vt 1.0000 0.6667
vt 0.8750 0.6667
vt 0.0000 0.6667
vt 0.1250 0.6667
vt 0.1250 1.0000
vt 0.0000 1.0000
vt 0.1250 0.6667
vt 0.2500 0.6667
vt 0.2500 1.0000
vt 0.1250 1.0000
vt 0.2500 0.6667
vt 0.3750 0.6667
vt 0.3750 1.0000
vt 0.2500 1.0000
vt 0.3750 0.6667
vt 0.5000 0.6667
vt 0.5000 1.0000
vt 0.3750 1.0000
vt 0.5000 0.6667
vt 0.6250 0.6667
vt 0.6250 1.0000
vt 0.5000 1.0000
vt 0.6250 0.6667
vt 0.7500 0.6667
vt 0.7500 1.0000
vt 0.6250 1.0000
vt 0.7500 0.6667
vt 0.8750 0.6667
vt 0.8750 1.0000
vt 0.7500 1.0000
vt 0.8750 0.6667
vt 1.0000 0.6667
vt 1.0000 1.0000
vt 0.8750 1.0000
vt 0.0000 1.0000
vt 0.0714 1.0000
vt 0.0714 0.8750
vt 0.0000 0.8750
vt 0.0714 1.0000
vt 0.1429 1.0000
vt 0.1429 0.8750
vt 0.0714 0.8750
vt 0.1429 1.0000
vt 0.2143 1.0000
vt 0.2143 0.8750
vt 0.1429 0.8750
vt 0.2143 1.0000
vt 0.2857 1.0000
vt 0.2857 0.8750
vt 0.2143 0.8750
vt 0.2857 1.0000
vt 0.3571 1.0000
vt 0.3571 0.8750
vt 0.2857 0.8750
vt 0.3571 1.0000
vt 0.4286 1.0000
vt 0.4286 0.8750
vt 0.3571 0.8750
vt 0.4286 1.0000
vt 0.5000 1.0000
vt 0.5000 0.8750
vt 0.4286 0.8750
vt 0.5000 1.0000
vt 0.5714 1.0000
vt 0.5714 0.8750
vt 0.5000 0.8750
vt 0.5714 1.0000
vt 0.6429 1.0000
vt 0.6429 0.8750
vt 0.5714 0.8750
vt 0.6429 1.0000
vt 0.7143 1.0000
vt 0.7143 0.8750
vt 0.6429 0.8750
vt 0.7143 1.0000
vt 0.7857 1.0000
vt 0.7857 0.8750
vt 0.7143 0.8750
vt 0.7857 1.0000
vt 0.8571 1.0000
vt 0.8571 0.8750
vt 0.7857 0.8750
vt 0.8571 1.0000
vt 0.9286 1.0000
vt 0.9286 0.8750
vt 0.8571 0.8750
vt 0.9286 1.0000
vt 1.0000 1.0000
vt 1.0000 0.8750
vt 0.9286 0.8750
vt 0.0000 0.8750
vt 0.0714 0.8750
vt 0.0714 0.7500
vt 0.0000 0.7500
vt 0.0714 0.8750
vt 0.1429 0.8750
vt 0.1429 0.7500
vt 0.0714 0.7500
vt 0.1429 0.8750
vt 0.2143 0.8750
vt 0.2143 0.7500
vt 0.1429 0.7500
vt 0.2143 0.8750
vt 0.2857 0.8750
vt 0.2857 0.7500
vt 0.2143 0.7500
vt 0.2857 0.8750
vt 0.3571 0.8750
vt 0.3571 0.7500
vt 0.2857 0.7500
vt 0.3571 0.8750
vt 0.4286 0.8750
vt 0.4286 0.7500
vt 0.3571 0.7500
vt 0.4286 0.8750
vt 0.5000 0.8750
vt 0.5000 0.7500
vt 0.4286 0.7500
vt 0.5000 0.8750
vt 0.5714 0.8750
vt 0.5714 0.7500
vt 0.5000 0.7500
vt 0.5714 0.8750
vt 0.6429 0.8750
vt 0.6429 0.7500
vt 0.5714 0.7500
vt 0.6429 0.8750
vt 0.7143 0.8750
vt 0.7143 0.7500
vt 0.6429 0.7500
vt 0.7143 0.8750
vt 0.7857 0.8750
vt 0.7857 0.7500
vt 0.7143 0.7500
vt 0.7857 0.8750
vt 0.8571 0.8750
vt 0.8571 0.7500
vt 0.7857 0.7500
vt 0.8571 0.8750
vt 0.9286 0.8750
vt 0.9286 0.7500
vt 0.8571 0.7500
vt 0.9286 0.8750
vt 1.0000 0.8750
vt 1.0000 0.7500
vt 0.9286 0.7500
vt 0.0000 0.7500
vt 0.0714 0.7500
vt 0.0714 0.6250
vt 0.0000 0.6250
vt 0.0714 0.7500
vt 0.1429 0.7500
vt 0.1429 0.6250
vt 0.0714 0.6250
vt 0.1429 0.7500
vt 0.2143 0.7500
vt 0.2143 0.6250
vt 0.1429 0.6250
vt 0.2143 0.7500
vt 0.2857 0.7500
vt 0.2857 0.6250
vt 0.2143 0.6250
vt 0.2857 0.7500
vt 0.3571 0.7500
vt 0.3571 0.6250
vt 0.2857 0.6250
vt 0.3571 0.7500
vt 0.4286 0.7500
vt 0.4286 0.6250
vt 0.3571 0.6250
vt 0.4286 0.7500
vt 0.5000 0.7500
vt 0.5000 0.6250
vt 0.4286 0.6250
vt 0.5000 0.7500
vt 0.5714 0.7500
vt 0.5714 0.6250
vt 0.5000 0.6250
vt 0.5714 0.7500
vt 0.6429 0.7500
vt 0.6429 0.6250
vt 0.5714 0.6250
vt 0.6429 0.7500
vt 0.7143 0.7500
vt 0.7143 0.6250
vt 0.6429 0.6250
vt 0.7143 0.7500
vt 0.7857 0.7500
vt 0.7857 0.6250
vt 0.7143 0.6250
vt 0.7857 0.7500
vt 0.8571 0.7500
vt 0.8571 0.6250
vt 0.7857 0.6250
vt 0.8571 0.7500
vt 0.9286 0.7500
vt 0.9286 0.6250
vt 0.8571 0.6250
vt 0.9286 0.7500
vt 1.0000 0.7500
vt 1.0000 0.6250
vt 0.9286 0.6250
vt 0.0000 0.6250
vt 0.0714 0.6250
vt 0.0714 0.5000
vt 0.0000 0.5000
vt 0.0714 0.6250
vt 0.1429 0.6250
vt 0.1429 0.5000
vt 0.0714 0.5000
vt 0.1429 0.6250
vt 0.2143 0.6250
vt 0.2143 0.5000
vt 0.1429 0.5000
vt 0.2143 0.6250
vt 0.2857 0.6250
vt 0.2857 0.5000
vt 0.2143 0.5000
vt 0.2857 0.6250
vt 0.3571 0.6250
vt 0.3571 0.5000
vt 0.2857 0.5000
vt 0.3571 0.6250
vt 0.4286 0.6250
vt 0.4286 0.5000
vt 0.3571 0.5000
vt 0.4286 0.6250
vt 0.5000 0.6250
vt 0.5000 0.5000
vt 0.4286 0.5000
vt 0.5000 0.6250
vt 0.5714 0.6250
vt 0.5714 0.5000
vt 0.5000 0.5000
vt 0.5714 0.6250
vt 0.6429 0.6250
vt 0.6429 0.5000
vt 0.5714 0.5000
vt 0.6429 0.6250
vt 0.7143 0.6250
vt 0.7143 0.5000
vt 0.6429 0.5000
vt 0.7143 0.6250
vt 0.7857 0.6250
vt 0.7857 0.5000
vt 0.7143 0.5000
vt 0.7857 0.6250
vt 0.8571 0.6250
vt 0.8571 0.5000
vt 0.7857 0.5000
vt 0.8571 0.6250
vt 0.9286 0.6250
vt 0.9286 0.5000
vt 0.8571 0.5000
vt 0.9286 0.6250
vt 1.0000 0.6250
vt 1.0000 0.5000
vt 0.9286 0.5000
vt 0.0000 0.5000
vt 0.0714 0.5000
vt 0.0714 0.3750
vt 0.0000 0.3750
vt 0.0714 0.5000
vt 0.1429 0.5000
vt 0.1429 0.3750
vt 0.0714 0.3750
vt 0.1429 0.5000
vt 0.2143 0.5000
vt 0.2143 0.3750
vt 0.1429 0.3750
vt 0.2143 0.5000
vt 0.2857 0.5000
vt 0.2857 0.3750
vt 0.2143 0.3750
vt 0.2857 0.5000
vt 0.3571 0.5000
vt 0.3571 0.3750
vt 0.2857 0.3750
vt 0.3571 0.5000
vt 0.4286 0.5000
vt 0.4286 0.3750
vt 0.3571 0.3750
vt 0.4286 0.5000
vt 0.5000 0.5000
vt 0.5000 0.3750
vt 0.4286 0.3750
vt 0.5000 0.5000
vt 0.5714 0.5000
vt 0.5714 0.3750
vt 0.5000 0.3750
vt 0.5714 0.5000
vt 0.6429 0.5000
vt 0.6429 0.3750
vt 0.5714 0.3750
vt 0.6429 0.5000
vt 0.7143 0.5000
vt 0.7143 0.3750
vt 0.6429 0.3750
vt 0.7143 0.5000
vt 0.7857 0.5000
vt 0.7857 0.3750
vt 0.7143 0.3750
vt 0.7857 0.5000
vt 0.8571 0.5000
vt 0.8571 0.3750
vt 0.7857 0.3750
vt 0.8571 0.5000
vt 0.9286 0.5000
vt 0.9286 0.3750
vt 0.8571 0.3750
vt 0.9286 0.5000
vt 1.0000 0.5000
vt 1.0000 0.3750
vt 0.9286 0.3750
vt 0.0000 0.3750
vt 0.0714 0.3750
vt 0.0714 0.2500
vt 0.0000 0.2500
vt 0.0714 0.3750
vt 0.1429 0.3750
vt 0.1429 0.2500
vt 0.0714 0.2500
vt 0.1429 0.3750
vt 0.2143 0.3750
vt 0.2143 0.2500
vt 0.1429 0.2500
vt 0.2143 0.3750
vt 0.2857 0.3750
vt 0.2857 0.2500
vt 0.2143 0.2500
vt 0.2857 0.3750
vt 0.3571 0.3750
vt 0.3571 0.2500
vt 0.2857 0.2500
vt 0.3571 0.3750
vt 0.4286 0.3750
vt 0.4286 0.2500
vt 0.3571 0.2500
vt 0.4286 0.3750
vt 0.5000 0.3750
vt 0.5000 0.2500
vt 0.4286 0.2500
vt 0.5000 0.3750
vt 0.5714 0.3750
vt 0.5714 0.2500
vt 0.5000 0.2500
vt 0.5714 0.3750
vt 0.6429 0.3750
vt 0.6429 0.2500
vt 0.5714 0.2500
vt 0.6429 0.3750
vt 0.7143 0.3750
vt 0.7143 0.2500
vt 0.6429 0.2500
vt 0.7143 0.3750
vt 0.7857 0.3750
vt 0.7857 0.2500
vt 0.7143 0.2500
vt 0.7857 0.3750
vt 0.8571 0.3750
vt 0.8571 0.2500
vt 0.7857 0.2500
vt 0.8571 0.3750
vt 0.9286 0.3750
vt 0.9286 0.2500
vt 0.8571 0.2500
vt 0.9286 0.3750
vt 1.0000 0.3750
vt 1.0000 0.2500
vt 0.9286 0.2500
vt 0.0000 0.2500
vt 0.0714 0.2500
vt 0.0714 0.1250
vt 0.0000 0.1250
vt 0.0714 0.2500
vt 0.1429 0.2500
vt 0.1429 0.1250
vt 0.0714 0.1250
vt 0.1429 0.2500
vt 0.2143 0.2500
vt 0.2143 0.1250
vt 0.1429 0.1250
vt 0.2143 0.2500
vt 0.2857 0.2500
vt 0.2857 0.1250
vt 0.2143 0.1250
vt 0.2857 0.2500
vt 0.3571 0.2500
vt 0.3571 0.1250
vt 0.2857 0.1250
vt 0.3571 0.2500
vt 0.4286 0.2500
vt 0.4286 0.1250
vt 0.3571 0.1250
vt 0.4286 0.2500
vt 0.5000 0.2500
vt 0.5000 0.1250
vt 0.4286 0.1250
vt 0.5000 0.2500
vt 0.5714 0.2500
vt 0.5714 0.1250
vt 0.5000 0.1250
vt 0.5714 0.2500
vt 0.6429 0.2500
vt 0.6429 0.1250
vt 0.5714 0.1250
vt 0.6429 0.2500
vt 0.7143 0.2500
vt 0.7143 0.1250
vt 0.6429 0.1250
vt 0.7143 0.2500
vt 0.7857 0.2500
vt 0.7857 0.1250
vt 0.7143 0.1250
vt 0.7857 0.2500
vt 0.8571 0.2500
vt 0.8571 0.1250
vt 0.7857 0.1250
vt 0.8571 0.2500
vt 0.9286 0.2500
vt 0.9286 0.1250
vt 0.8571 0.1250
vt 0.9286 0.2500
vt 1.0000 0.2500
vt 1.0000 0.1250
vt 0.9286 0.1250
vt 0.0000 0.1250
vt 0.0714 0.1250
vt 0.0714 0.0000
vt 0.0000 0.0000
vt 0.0714 0.1250
vt 0.1429 0.1250
vt 0.1429 0.0000
vt 0.0714 0.0000
vt 0.1429 0.1250
vt 0.2143 0.1250
vt 0.2143 0.0000
vt 0.1429 0.0000
vt 0.2143 0.1250
vt 0.2857 0.1250
vt 0.2857 0.0000
vt 0.2143 0.0000
vt 0.2857 0.1250
vt 0.3571 0.1250
vt 0.3571 0.0000
vt 0.2857 0.0000
vt 0.3571 0.1250
vt 0.4286 0.1250
vt 0.4286 0.0000
vt 0.3571 0.0000
vt 0.4286 0.1250
vt 0.5000 0.1250
vt 0.5000 0.0000
vt 0.4286 0.0000
vt 0.5000 0.1250
vt 0.5714 0.1250
vt 0.5714 0.0000
vt 0.5000 0.0000
vt 0.5714 0.1250
vt 0.6429 0.1250
vt 0.6429 0.0000
vt 0.5714 0.0000
vt 0.6429 0.1250
vt 0.7143 0.1250
vt 0.7143 0.0000
vt 0.6429 0.0000
vt 0.7143 0.1250
vt 0.7857 0.1250
vt 0.7857 0.0000
vt 0.7143 0.0000
vt 0.7857 0.1250
vt 0.8571 0.1250
vt 0.8571 0.0000
vt 0.7857 0.0000
vt 0.8571 0.1250
vt 0.9286 0.1250
vt 0.9286 0.0000
vt 0.8571 0.0000
vt 0.9286 0.1250
vt 1.0000 0.1250
vt 1.0000 0.0000
vt 0.9286 0.0000
vt 0.0000 0.0000
vt 0.0833 0.0000
vt 0.0833 0.2000
vt 0.0000 0.2000
vt 0.0833 0.0000
vt 0.1667 0.0000
vt 0.1667 0.2000
vt 0.0833 0.2000
vt 0.1667 0.0000
vt 0.2500 0.0000
vt 0.2500 0.2000
vt 0.1667 0.2000
vt 0.2500 0.0000
vt 0.3333 0.0000
vt 0.3333 0.2000
vt 0.2500 0.2000
vt 0.3333 0.0000
vt 0.4167 0.0000
vt 0.4167 0.2000
vt 0.3333 0.2000
vt 0.4167 0.0000
vt 0.5000 0.0000
vt 0.5000 0.2000
vt 0.4167 0.2000
vt 0.5000 0.0000
vt 0.5833 0.0000
vt 0.5833 0.2000
vt 0.5000 0.2000
vt 0.5833 0.0000
vt 0.6667 0.0000
vt 0.6667 0.2000
vt 0.5833 0.2000
vt 0.6667 0.0000
vt 0.7500 0.0000
vt 0.7500 0.2000
vt 0.6667 0.2000
vt 0.7500 0.0000
vt 0.8333 0.0000
vt 0.8333 0.2000
vt 0.7500 0.2000
vt 0.8333 0.0000
vt 0.9167 0.0000
vt 0.9167 0.2000
vt 0.8333 0.2000
vt 0.9167 0.0000
vt 1.0000 0.0000
vt 1.0000 0.2000
vt 0.9167 0.2000
vt 0.0000 0.2000
vt 0.0833 0.2000
vt 0.0833 0.4000
vt 0.0000 0.4000
vt 0.0833 0.2000
vt 0.1667 0.2000
vt 0.1667 0.4000
vt 0.0833 0.4000
vt 0.1667 0.2000
vt 0.2500 0.2000
vt 0.2500 0.4000
vt 0.1667 0.4000
vt 0.2500 0.2000
vt 0.3333 0.2000
vt 0.3333 0.4000
vt 0.2500 0.4000
vt 0.3333 0.2000
vt 0.4167 0.2000
vt 0.4167 0.4000
vt 0.3333 0.4000
vt 0.4167 0.2000
vt 0.5000 0.2000
vt 0.5000 0.4000
vt 0.4167 0.4000
vt 0.5000 0.2000
vt 0.5833 0.2000
vt 0.5833 0.4000
vt 0.5000 0.4000
vt 0.5833 0.2000
vt 0.6667 0.2000
vt 0.6667 0.4000
vt 0.5833 0.4000
vt 0.6667 0.2000
vt 0.7500 0.2000
vt 0.7500 0.4000
vt 0.6667 0.4000
vt 0.7500 0.2000
vt 0.8333 0.2000
vt 0.8333 0.4000
vt 0.7500 0.4000
vt 0.8333 0.2000
vt 0.9167 0.2000
vt 0.9167 0.4000
vt 0.8333 0.4000
vt 0.9167 0.2000
vt 1.0000 0.2000
vt 1.0000 0.4000
vt 0.9167 0.4000
vt 0.0000 0.4000
vt 0.0833 0.4000
vt 0.0833 0.6000
vt 0.0000 0.6000
vt 0.0833 0.4000
vt 0.1667 0.4000
vt 0.1667 0.6000
vt 0.0833 0.6000
vt 0.1667 0.4000
vt 0.2500 0.4000
vt 0.2500 0.6000
vt 0.1667 0.6000
vt 0.2500 0.4000
vt 0.3333 0.4000
vt 0.3333 0.6000
vt 0.2500 0.6000
vt 0.3333 0.4000
vt 0.4167 0.4000
vt 0.4167 0.6000
vt 0.3333 0.6000
vt 0.4167 0.4000
vt 0.5000 0.4000
vt 0.5000 0.6000
vt 0.4167 0.6000
vt 0.5000 0.4000
vt 0.5833 0.4000
vt 0.5833 0.6000
vt 0.5000 0.6000
vt 0.5833 0.4000
vt 0.6667 0.4000
vt 0.6667 0.6000
vt 0.5833 0.6000
vt 0.6667 0.4000
vt 0.7500 0.4000
vt 0.7500 0.6000
vt 0.6667 0.6000
vt 0.7500 0.4000
vt 0.8333 0.4000
vt 0.8333 0.6000
vt 0.7500 0.6000
vt 0.8333 0.4000
vt 0.9167 0.4000
vt 0.9167 0.6000
vt 0.8333 0.6000
vt 0.9167 0.4000
vt 1.0000 0.4000
vt 1.0000 0.6000
vt 0.9167 0.6000
vt 0.0000 0.6000
vt 0.0833 0.6000
vt 0.0833 0.8000
vt 0.0000 0.8000
vt 0.0833 0.6000
vt 0.1667 0.6000
vt 0.1667 0.8000
vt 0.0833 0.8000
vt 0.1667 0.6000
vt 0.2500 0.6000
vt 0.2500 0.8000
vt 0.1667 0.8000
vt 0.2500 0.6000
vt 0.3333 0.6000
vt 0.3333 0.8000
vt 0.2500 0.8000
vt 0.3333 0.6000
vt 0.4167 0.6000
vt 0.4167 0.8000
vt 0.3333 0.8000
vt 0.4167 0.6000
vt 0.5000 0.6000
vt 0.5000 0.8000
vt 0.4167 0.8000
vt 0.5000 0.6000
vt 0.5833 0.6000
vt 0.5833 0.8000
vt 0.5000 0.8000
vt 0.5833 0.6000
vt 0.6667 0.6000
vt 0.6667 0.8000
vt 0.5833 0.8000
vt 0.6667 0.6000
vt 0.7500 0.6000
vt 0.7500 0.8000
vt 0.6667 0.8000
vt 0.7500 0.6000
vt 0.8333 0.6000
vt 0.8333 0.8000
vt 0.7500 0.8000
vt 0.8333 0.6000
vt 0.9167 0.6000
vt 0.9167 0.8000
vt 0.8333 0.8000
vt 0.9167 0.6000
vt 1.0000 0.6000
vt 1.0000 0.8000
vt 0.9167 0.8000
vt 0.0000 0.8000
vt 0.0833 0.8000
vt 0.0833 1.0000
vt 0.0000 1.0000
vt 0.0833 0.8000
vt 0.1667 0.8000
vt 0.1667 1.0000
vt 0.0833 1.0000
vt 0.1667 0.8000
vt 0.2500 0.8000
vt 0.2500 1.0000
vt 0.1667 1.0000
vt 0.2500 0.8000
vt 0.3333 0.8000
vt 0.3333 1.0000
vt 0.2500 1.0000
vt 0.3333 0.8000
vt 0.4167 0.8000
vt 0.4167 1.0000
vt 0.3333 1.0000
vt 0.4167 0.8000
vt 0.5000 0.8000
vt 0.5000 1.0000
vt 0.4167 1.0000
vt 0.5000 0.8000
vt 0.5833 0.8000
vt 0.5833 1.0000
vt 0.5000 1.0000
vt 0.5833 0.8000
vt 0.6667 0.8000
vt 0.6667 1.0000
vt 0.5833 1.0000
vt 0.6667 0.8000
vt 0.7500 0.8000
vt 0.7500 1.0000
vt 0.6667 1.0000
vt 0.7500 0.8000
vt 0.8333 0.8000
vt 0.8333 1.0000
vt 0.7500 1.0000
vt 0.8333 0.8000
vt 0.9167 0.8000
vt 0.9167 1.0000
vt 0.8333 1.0000
vt 0.9167 0.8000
vt 1.0000 0.8000
vt 1.0000 1.0000
vt 0.9167 1.0000
vt 0.0000 1.0000
vt 0.0833 1.0000
vt 0.0833 0.8333
vt 0.0000 0.8333
vt 0.0833 1.0000
vt 0.1667 1.0000
vt 0.1667 0.8333
vt 0.0833 0.8333
vt 0.1667 1.0000
vt 0.2500 1.0000
vt 0.2500 0.8333
vt 0.1667 0.8333
vt 0.2500 1.0000
vt 0.3333 1.0000
vt 0.3333 0.8333
vt 0.2500 0.8333
vt 0.3333 1.0000
vt 0.4167 1.0000
vt 0.4167 0.8333
vt 0.3333 0.8333
vt 0.4167 1.0000
vt 0.5000 1.0000
vt 0.5000 0.8333
vt 0.4167 0.8333
vt 0.5000 1.0000
vt 0.5833 1.0000
vt 0.5833 0.8333
vt 0.5000 0.8333
vt 0.5833 1.0000
vt 0.6667 1.0000
vt 0.6667 0.8333
vt 0.5833 0.8333
vt 0.6667 1.0000
vt 0.7500 1.0000
vt 0.7500 0.8333
vt 0.6667 0.8333
vt 0.7500 1.0000
vt 0.8333 1.0000
vt 0.8333 0.8333
vt 0.7500 0.8333
vt 0.8333 1.0000
vt 0.9167 1.0000
vt 0.9167 0.8333
vt 0.8333 0.8333
vt 0.9167 1.0000
vt 1.0000 1.0000
vt 1.0000 0.8333
vt 0.9167 0.8333
vt 0.0000 0.8333
vt 0.0833 0.8333
vt 0.0833 0.6667
vt 0.0000 0.6667
vt 0.0833 0.8333
vt 0.1667 0.8333
vt 0.1667 0.6667
vt 0.0833 0.6667
vt 0.1667 0.8333
vt 0.2500 0.8333
vt 0.2500 0.6667
vt 0.1667 0.6667
vt 0.2500 0.8333
vt 0.3333 0.8333
vt 0.3333 0.6667
vt 0.2500 0.6667
vt 0.3333 0.8333
vt 0.4167 0.8333
vt 0.4167 0.6667
vt 0.3333 0.6667
vt 0.4167 0.8333
vt 0.5000 0.8333
vt 0.5000 0.6667
vt 0.4167 0.6667
vt 0.5000 0.8333
vt 0.5833 0.8333
vt 0.5833 0.6667
vt 0.5000 0.6667
vt 0.5833 0.8333
vt 0.6667 0.8333
vt 0.6667 0.6667
vt 0.5833 0.6667
vt 0.6667 0.8333
vt 0.7500 0.8333
vt 0.7500 0.6667
vt 0.6667 0.6667
vt 0.7500 0.8333
vt 0.8333 0.8333
vt 0.8333 0.6667
vt 0.7500 0.6667
vt 0.8333 0.8333
vt 0.9167 0.8333
vt 0.9167 0.6667
vt 0.8333 0.6667
vt 0.9167 0.8333
vt 1.0000 0.8333
vt 1.0000 0.6667
vt 0.9167 0.6667
vt 0.0000 0.6667
vt 0.0833 0.6667
vt 0.0833 0.5000
vt 0.0000 0.5000
vt 0.0833 0.6667
vt 0.1667 0.6667
vt 0.1667 0.5000
vt 0.0833 0.5000
vt 0.1667 0.6667
vt 0.2500 0.6667
vt 0.2500 0.5000
vt 0.1667 0.5000
vt 0.2500 0.6667
vt 0.3333 0.6667
vt 0.3333 0.5000
vt 0.2500 0.5000
vt 0.3333 0.6667
vt 0.4167 0.6667
vt 0.4167 0.5000
vt 0.3333 0.5000
vt 0.4167 0.6667
vt 0.5000 0.6667
vt 0.5000 0.5000
vt 0.4167 0.5000
vt 0.5000 0.6667
vt 0.5833 0.6667
vt 0.5833 0.5000
vt 0.5000 0.5000
vt 0.5833 0.6667
vt 0.6667 0.6667
vt 0.6667 0.5000
vt 0.5833 0.5000
vt 0.6667 0.6667
vt 0.7500 0.6667
vt 0.7500 0.5000
vt 0.6667 0.5000
vt 0.7500 0.6667
vt 0.8333 0.6667
vt 0.8333 0.5000
vt 0.7500 0.5000
vt 0.8333 0.6667
vt 0.9167 0.6667
vt 0.9167 0.5000
vt 0.8333 0.5000
vt 0.9167 0.6667
vt 1.0000 0.6667
vt 1.0000 0.5000
vt 0.9167 0.5000
vt 0.0000 0.5000
vt 0.0833 0.5000
vt 0.0833 0.3333
vt 0.0000 0.3333
vt 0.0833 0.5000
vt 0.1667 0.5000
vt 0.1667 0.3333
vt 0.0833 0.3333
vt 0.1667 0.5000
vt 0.2500 0.5000
vt 0.2500 0.3333
vt 0.1667 0.3333
vt 0.2500 0.5000
vt 0.3333 0.5000
vt 0.3333 0.3333
vt 0.2500 0.3333
vt 0.3333 0.5000
vt 0.4167 0.5000
vt 0.4167 0.3333
vt 0.3333 0.3333
vt 0.4167 0.5000
vt 0.5000 0.5000
vt 0.5000 0.3333
vt 0.4167 0.3333
vt 0.5000 0.5000
vt 0.5833 0.5000
vt 0.5833 0.3333
vt 0.5000 0.3333
vt 0.5833 0.5000
vt 0.6667 0.5000
vt 0.6667 0.3333
vt 0.5833 0.3333
vt 0.6667 0.5000
vt 0.7500 0.5000
vt 0.7500 0.3333
vt 0.6667 0.3333
vt 0.7500 0.5000
vt 0.8333 0.5000
vt 0.8333 0.3333
vt 0.7500 0.3333
vt 0.8333 0.5000
vt 0.9167 0.5000
vt 0.9167 0.3333
vt 0.8333 0.3333
vt 0.9167 0.5000
vt 1.0000 0.5000
vt 1.0000 0.3333
vt 0.9167 0.3333
vt 0.0000 0.3333
vt 0.0833 0.3333
vt 0.0833 0.1667
vt 0.0000 0.1667
vt 0.0833 0.3333
vt 0.1667 0.3333
vt 0.1667 0.1667
vt 0.0833 0.1667
vt 0.1667 0.3333
vt 0.2500 0.3333
vt 0.2500 0.1667
vt 0.1667 0.1667
vt 0.2500 0.3333
vt 0.3333 0.3333
vt 0.3333 0.1667
vt 0.2500 0.1667
vt 0.3333 0.3333
vt 0.4167 0.3333
vt 0.4167 0.1667
vt 0.3333 0.1667
vt 0.4167 0.3333
vt 0.5000 0.3333
vt 0.5000 0.1667
vt 0.4167 0.1667
vt 0.5000 0.3333
vt 0.5833 0.3333
vt 0.5833 0.1667
vt 0.5000 0.1667
vt 0.5833 0.3333
vt 0.6667 0.3333
vt 0.6667 0.1667
vt 0.5833 0.1667
vt 0.6667 0.3333
vt 0.7500 0.3333
vt 0.7500 0.1667
vt 0.6667 0.1667
vt 0.7500 0.3333
vt 0.8333 0.3333
vt 0.8333 0.1667
vt 0.7500 0.1667
vt 0.8333 0.3333
vt 0.9167 0.3333
vt 0.9167 0.1667
vt 0.8333 0.1667
vt 0.9167 0.3333
vt 1.0000 0.3333
vt 1.0000 0.1667
vt 0.9167 0.1667
vt 0.0000 0.1667
vt 0.0833 0.1667
vt 0.0833 0.0000
vt 0.0000 0.0000
vt 0.0833 0.1667
vt 0.1667 0.1667
vt 0.1667 0.0000
vt 0.0833 0.0000
vt 0.1667 0.1667
vt 0.2500 0.1667
vt 0.2500 0.0000
vt 0.1667 0.0000
vt 0.2500 0.1667
vt 0.3333 0.1667
vt 0.3333 0.0000
vt 0.2500 0.0000
vt 0.3333 0.1667
vt 0.4167 0.1667
vt 0.4167 0.0000
vt 0.3333 0.0000
vt 0.4167 0.1667
vt 0.5000 0.1667
vt 0.5000 0.0000
vt 0.4167 0.0000
vt 0.5000 0.1667
vt 0.5833 0.1667
vt 0.5833 0.0000
vt 0.5000 0.0000
vt 0.5833 0.1667
vt 0.6667 0.1667
vt 0.6667 0.0000
vt 0.5833 0.0000
vt 0.6667 0.1667
vt 0.7500 0.1667
vt 0.7500 0.0000
vt 0.6667 0.0000
vt 0.7500 0.1667
vt 0.8333 0.1667
vt 0.8333 0.0000
vt 0.7500 0.0000
vt 0.8333 0.1667
vt 0.9167 0.1667
vt 0.9167 0.0000
vt 0.8333 0.0000
vt 0.9167 0.1667
vt 1.0000 0.1667
vt 1.0000 0.0000
vt 0.9167 0.0000
vt 0.0000 0.0000
vt 0.0833 0.0000
vt 0.0833 0.2000
vt 0.0000 0.2000
vt 0.0833 0.0000
vt 0.1667 0.0000
vt 0.1667 0.2000
vt 0.0833 0.2000
vt 0.1667 0.0000
vt 0.2500 0.0000
vt 0.2500 0.2000
vt 0.1667 0.2000
vt 0.2500 0.0000
vt 0.3333 0.0000
vt 0.3333 0.2000
vt 0.2500 0.2000
vt 0.3333 0.0000
vt 0.4167 0.0000
vt 0.4167 0.2000
vt 0.3333 0.2000
vt 0.4167 0.0000
vt 0.5000 0.0000
vt 0.5000 0.2000
vt 0.4167 0.2000
vt 0.5000 0.0000
vt 0.5833 0.0000
vt 0.5833 0.2000
vt 0.5000 0.2000
vt 0.5833 0.0000
vt 0.6667 0.0000
vt 0.6667 0.2000
vt 0.5833 0.2000
vt 0.6667 0.0000
vt 0.7500 0.0000
vt 0.7500 0.2000
vt 0.6667 0.2000
vt 0.7500 0.0000
vt 0.8333 0.0000
vt 0.8333 0.2000
vt 0.7500 0.2000
vt 0.8333 0.0000
vt 0.9167 0.0000
vt 0.9167 0.2000
vt 0.8333 0.2000
vt 0.9167 0.0000
vt 1.0000 0.0000
vt 1.0000 0.2000
vt 0.9167 0.2000
vt 0.0000 0.2000
vt 0.0833 0.2000
vt 0.0833 0.4000
vt 0.0000 0.4000
vt 0.0833 0.2000
vt 0.1667 0.2000
vt 0.1667 0.4000
vt 0.0833 0.4000
vt 0.1667 0.2000
vt 0.2500 0.2000
vt 0.2500 0.4000
vt 0.1667 0.4000
vt 0.2500 0.2000
vt 0.3333 0.2000
vt 0.3333 0.4000
vt 0.2500 0.4000
vt 0.3333 0.2000
vt 0.4167 0.2000
vt 0.4167 0.4000
vt 0.3333 0.4000
vt 0.4167 0.2000
vt 0.5000 0.2000
vt 0.5000 0.4000
vt 0.4167 0.4000
vt 0.5000 0.2000
vt 0.5833 0.2000
vt 0.5833 0.4000
vt 0.5000 0.4000
vt 0.5833 0.2000
vt 0.6667 0.2000
vt 0.6667 0.4000
vt 0.5833 0.4000
vt 0.6667 0.2000
vt 0.7500 0.2000
vt 0.7500 0.4000
vt 0.6667 0.4000
vt 0.7500 0.2000
vt 0.8333 0.2000
vt 0.8333 0.4000
vt 0.7500 0.4000
vt 0.8333 0.2000
vt 0.9167 0.2000
vt 0.9167 0.4000
vt 0.8333 0.4000
vt 0.9167 0.2000
vt 1.0000 0.2000
vt 1.0000 0.4000
vt 0.9167 0.4000
vt 0.0000 0.4000
vt 0.0833 0.4000
vt 0.0833 0.6000
vt 0.0000 0.6000
vt 0.0833 0.4000
vt 0.1667 0.4000
vt 0.1667 0.6000
vt 0.0833 0.6000
vt 0.1667 0.4000
vt 0.2500 0.4000
vt 0.2500 0.6000
vt 0.1667 0.6000
vt 0.2500 0.4000
vt 0.3333 0.4000
vt 0.3333 0.6000
vt 0.2500 0.6000
vt 0.3333 0.4000
vt 0.4167 0.4000
vt 0.4167 0.6000
vt 0.3333 0.6000
vt 0.4167 0.4000
vt 0.5000 0.4000
vt 0.5000 0.6000
vt 0.4167 0.6000
vt 0.5000 0.4000
vt 0.5833 0.4000
vt 0.5833 0.6000
vt 0.5000 0.6000
vt 0.5833 0.4000
vt 0.6667 0.4000
vt 0.6667 0.6000
vt 0.5833 0.6000
vt 0.6667 0.4000
vt 0.7500 0.4000
vt 0.7500 0.6000
vt 0.6667 0.6000
vt 0.7500 0.4000
vt 0.8333 0.4000
vt 0.8333 0.6000
vt 0.7500 0.6000
vt 0.8333 0.4000
vt 0.9167 0.4000
vt 0.9167 0.6000
vt 0.8333 0.6000
vt 0.9167 0.4000
vt 1.0000 0.4000
vt 1.0000 0.6000
vt 0.9167 0.6000
vt 0.0000 0.6000
vt 0.0833 0.6000
vt 0.0833 0.8000
vt 0.0000 0.8000
vt 0.0833 0.6000
vt 0.1667 0.6000
vt 0.1667 0.8000
vt 0.0833 0.8000
vt 0.1667 0.6000
vt 0.2500 0.6000
vt 0.2500 0.8000
vt 0.1667 0.8000
vt 0.2500 0.6000
vt 0.3333 0.6000
vt 0.3333 0.8000
vt 0.2500 0.8000
vt 0.3333 0.6000
vt 0.4167 0.6000
vt 0.4167 0.8000
vt 0.3333 0.8000
vt 0.4167 0.6000
vt 0.5000 0.6000
vt 0.5000 0.8000
vt 0.4167 0.8000
vt 0.5000 0.6000
vt 0.5833 0.6000
vt 0.5833 0.8000
vt 0.5000 0.8000
vt 0.5833 0.6000
vt 0.6667 0.6000
vt 0.6667 0.8000
vt 0.5833 0.8000
vt 0.6667 0.6000
vt 0.7500 0.6000
vt 0.7500 0.8000
vt 0.6667 0.8000
vt 0.7500 0.6000
vt 0.8333 0.6000
vt 0.8333 0.8000
vt 0.7500 0.8000
vt 0.8333 0.6000
vt 0.9167 0.6000
vt 0.9167 0.8000
vt 0.8333 0.8000
vt 0.9167 0.6000
vt 1.0000 0.6000
vt 1.0000 0.8000
vt 0.9167 0.8000
vt 0.0000 0.8000
vt 0.0833 0.8000
vt 0.0833 1.0000
vt 0.0000 1.0000
vt 0.0833 0.8000
vt 0.1667 0.8000
vt 0.1667 1.0000
vt 0.0833 1.0000
vt 0.1667 0.8000
vt 0.2500 0.8000
vt 0.2500 1.0000
vt 0.1667 1.0000
vt 0.2500 0.8000
vt 0.3333 0.8000
vt 0.3333 1.0000
vt 0.2500 1.0000
vt 0.3333 0.8000
vt 0.4167 0.8000
vt 0.4167 1.0000
vt 0.3333 1.0000
vt 0.4167 0.8000
vt 0.5000 0.8000
vt 0.5000 1.0000
vt 0.4167 1.0000
vt 0.5000 0.8000
vt 0.5833 0.8000
vt 0.5833 1.0000
vt 0.5000 1.0000
vt 0.5833 0.8000
vt 0.6667 0.8000
vt 0.6667 1.0000
vt 0.5833 1.0000
vt 0.6667 0.8000
vt 0.7500 0.8000
vt 0.7500 1.0000
vt 0.6667 1.0000
vt 0.7500 0.8000
vt 0.8333 0.8000
vt 0.8333 1.0000
vt 0.7500 1.0000
vt 0.8333 0.8000
vt 0.9167 0.8000
vt 0.9167 1.0000
vt 0.8333 1.0000
vt 0.9167 0.8000
vt 1.0000 0.8000
vt 1.0000 1.0000
vt 0.9167 1.0000
vt 0.0000 1.0000
vt 0.0833 1.0000
vt 0.0833 0.8333
vt 0.0000 0.8333
vt 0.0833 1.0000
vt 0.1667 1.0000
vt 0.1667 0.8333
vt 0.0833 0.8333
vt 0.1667 1.0000
vt 0.2500 1.0000
vt 0.2500 0.8333
vt 0.1667 0.8333
vt 0.2500 1.0000
vt 0.3333 1.0000
vt 0.3333 0.8333
vt 0.2500 0.8333
vt 0.3333 1.0000
vt 0.4167 1.0000
vt 0.4167 0.8333
vt 0.3333 0.8333
vt 0.4167 1.0000
vt 0.5000 1.0000
vt 0.5000 0.8333
vt 0.4167 0.8333
vt 0.5000 1.0000
vt 0.5833 1.0000
vt 0.5833 0.8333
vt 0.5000 0.8333
vt 0.5833 1.0000
vt 0.6667 1.0000
vt 0.6667 0.8333
vt 0.5833 0.8333
vt 0.6667 1.0000
vt 0.7500 1.0000
vt 0.7500 0.8333
vt 0.6667 0.8333
vt 0.7500 1.0000
vt 0.8333 1.0000
vt 0.8333 0.8333
vt 0.7500 0.8333
vt 0.8333 1.0000
vt 0.9167 1.0000
vt 0.9167 0.8333
vt 0.8333 0.8333
vt 0.9167 1.0000
vt 1.0000 1.0000
vt 1.0000 0.8333
vt 0.9167 0.8333
vt 0.0000 0.8333
vt 0.0833 0.8333
vt 0.0833 0.6667
vt 0.0000 0.6667
vt 0.0833 0.8333
vt 0.1667 0.8333
vt 0.1667 0.6667
vt 0.0833 0.6667
vt 0.1667 0.8333
vt 0.2500 0.8333
vt 0.2500 0.6667
vt 0.1667 0.6667
vt 0.2500 0.8333
vt 0.3333 0.8333
vt 0.3333 0.6667
vt 0.2500 0.6667
vt 0.3333 0.8333
vt 0.4167 0.8333
vt 0.4167 0.6667
vt 0.3333 0.6667
vt 0.4167 0.8333
vt 0.5000 0.8333
vt 0.5000 0.6667
vt 0.4167 0.6667
vt 0.5000 0.8333
vt 0.5833 0.8333
vt 0.5833 0.6667
vt 0.5000 0.6667
vt 0.5833 0.8333
vt 0.6667 0.8333
vt 0.6667 0.6667
vt 0.5833 0.6667
vt 0.6667 0.8333
vt 0.7500 0.8333
vt 0.7500 0.6667
vt 0.6667 0.6667
vt 0.7500 0.8333
vt 0.8333 0.8333
vt 0.8333 0.6667
vt 0.7500 0.6667
vt 0.8333 0.8333
vt 0.9167 0.8333
vt 0.9167 0.6667
vt 0.8333 0.6667
vt 0.9167 0.8333
vt 1.0000 0.8333
vt 1.0000 0.6667
vt 0.9167 0.6667
vt 0.0000 0.6667
vt 0.0833 0.6667
vt 0.0833 0.5000
vt 0.0000 0.5000
vt 0.0833 0.6667
vt 0.1667 0.6667
vt 0.1667 0.5000
vt 0.0833 0.5000
vt 0.1667 0.6667
vt 0.2500 0.6667
vt 0.2500 0.5000
vt 0.1667 0.5000
vt 0.2500 0.6667
vt 0.3333 0.6667
vt 0.3333 0.5000
vt 0.2500 0.5000
vt 0.3333 0.6667
vt 0.4167 0.6667
vt 0.4167 0.5000
vt 0.3333 0.5000
vt 0.4167 0.6667
vt 0.5000 0.6667
vt 0.5000 0.5000
vt 0.4167 0.5000
vt 0.5000 0.6667
vt 0.5833 0.6667
vt 0.5833 0.5000
vt 0.5000 0.5000
vt 0.5833 0.6667
vt 0.6667 0.6667
vt 0.6667 0.5000
vt 0.5833 0.5000
vt 0.6667 0.6667
vt 0.7500 0.6667
vt 0.7500 0.5000
vt 0.6667 0.5000
vt 0.7500 0.6667
vt 0.8333 0.6667
vt 0.8333 0.5000
vt 0.7500 0.5000
vt 0.8333 0.6667
vt 0.9167 0.6667
vt 0.9167 0.5000
vt 0.8333 0.5000
vt 0.9167 0.6667
vt 1.0000 0.6667
vt 1.0000 0.5000
vt 0.9167 0.5000
vt 0.0000 0.5000
vt 0.0833 0.5000
vt 0.0833 0.3333
vt 0.0000 0.3333
vt 0.0833 0.5000
vt 0.1667 0.5000
vt 0.1667 0.3333
vt 0.0833 0.3333
vt 0.1667 0.5000
vt 0.2500 0.5000
vt 0.2500 0.3333
vt 0.1667 0.3333
vt 0.2500 0.5000
vt 0.3333 0.5000
vt 0.3333 0.3333
vt 0.2500 0.3333
vt 0.3333 0.5000
vt 0.4167 0.5000
vt 0.4167 0.3333
vt 0.3333 0.3333
vt 0.4167 0.5000
vt 0.5000 0.5000
vt 0.5000 0.3333
vt 0.4167 0.3333
vt 0.5000 0.5000
vt 0.5833 0.5000
vt 0.5833 0.3333
vt 0.5000 0.3333
vt 0.5833 0.5000
vt 0.6667 0.5000
vt 0.6667 0.3333
vt 0.5833 0.3333
vt 0.6667 0.5000
vt 0.7500 0.5000
vt 0.7500 0.3333
vt 0.6667 0.3333
vt 0.7500 0.5000
vt 0.8333 0.5000
vt 0.8333 0.3333
vt 0.7500 0.3333
vt 0.8333 0.5000
vt 0.9167 0.5000
vt 0.9167 0.3333
vt 0.8333 0.3333
vt 0.9167 0.5000
vt 1.0000 0.5000
vt 1.0000 0.3333
vt 0.9167 0.3333
vt 0.0000 0.3333
vt 0.0833 0.3333
vt 0.0833 0.1667
vt 0.0000 0.1667
vt 0.0833 0.3333
vt 0.1667 0.3333
vt 0.1667 0.1667
vt 0.0833 0.1667
vt 0.1667 0.3333
vt 0.2500 0.3333
vt 0.2500 0.1667
vt 0.1667 0.1667
vt 0.2500 0.3333
vt 0.3333 0.3333
vt 0.3333 0.1667
vt 0.2500 0.1667
vt 0.3333 0.3333
vt 0.4167 0.3333
vt 0.4167 0.1667
vt 0.3333 0.1667
vt 0.4167 0.3333
vt 0.5000 0.3333
vt 0.5000 0.1667
vt 0.4167 0.1667
vt 0.5000 0.3333
vt 0.5833 0.3333
vt 0.5833 0.1667
vt 0.5000 0.1667
vt 0.5833 0.3333
vt 0.6667 0.3333
vt 0.6667 0.1667
vt 0.5833 0.1667
vt 0.6667 0.3333
vt 0.7500 0.3333
vt 0.7500 0.1667
vt 0.6667 0.1667
vt 0.7500 0.3333
vt 0.8333 0.3333
vt 0.8333 0.1667
vt 0.7500 0.1667
vt 0.8333 0.3333
vt 0.9167 0.3333
vt 0.9167 0.1667
vt 0.8333 0.1667
vt 0.9167 0.3333
vt 1.0000 0.3333
vt 1.0000 0.1667
vt 0.9167 0.1667
vt 0.0000 0.1667
vt 0.0833 0.1667
vt 0.0833 0.0000
vt 0.0000 0.0000
vt 0.0833 0.1667
vt 0.1667 0.1667
vt 0.1667 0.0000
vt 0.0833 0.0000
vt 0.1667 0.1667
vt 0.2500 0.1667
vt 0.2500 0.0000
vt 0.1667 0.0000
vt 0.2500 0.1667
vt 0.3333 0.1667
vt 0.3333 0.0000
vt 0.2500 0.0000
vt 0.3333 0.1667
vt 0.4167 0.1667
vt 0.4167 0.0000
vt 0.3333 0.0000
vt 0.4167 0.1667
vt 0.5000 0.1667
vt 0.5000 0.0000
vt 0.4167 0.0000
vt 0.5000 0.1667
vt 0.5833 0.1667
vt 0.5833 0.0000
vt 0.5000 0.0000
vt 0.5833 0.1667
vt 0.6667 0.1667
vt 0.6667 0.0000
vt 0.5833 0.0000
vt 0.6667 0.1667
vt 0.7500 0.1667
vt 0.7500 0.0000
vt 0.6667 0.0000
vt 0.7500 0.1667
vt 0.8333 0.1667
vt 0.8333 0.0000
vt 0.7500 0.0000
vt 0.8333 0.1667
vt 0.9167 0.1667
vt 0.9167 0.0000
vt 0.8333 0.0000
vt 0.9167 0.1667
vt 1.0000 0.1667
vt 1.0000 0.0000
vt 0.9167 0.0000
vt 0.0000 0.0000
vt 0.1667 0.0000
vt 0.1667 0.5000
vt 0.0000 0.5000
vt 0.1667 0.0000
vt 0.3333 0.0000
vt 0.3333 0.5000
vt 0.1667 0.5000
vt 0.3333 0.0000
vt 0.5000 0.0000
vt 0.5000 0.5000
vt 0.3333 0.5000
vt 0.5000 0.0000
vt 0.6667 0.0000
vt 0.6667 0.5000
vt 0.5000 0.5000
vt 0.6667 0.0000
vt 0.8333 0.0000
vt 0.8333 0.5000
vt 0.6667 0.5000
vt 0.8333 0.0000
vt 1.0000 0.0000
vt 1.0000 0.5000
vt 0.8333 0.5000
vt 0.0000 0.5000
vt 0.1667 0.5000
vt 0.1667 1.0000
vt 0.0000 1.0000
vt 0.1667 0.5000
vt 0.3333 0.5000
vt 0.3333 1.0000
vt 0.1667 1.0000
vt 0.3333 0.5000
vt 0.5000 0.5000
vt 0.5000 1.0000
vt 0.3333 1.0000
vt 0.5000 0.5000
vt 0.6667 0.5000
vt 0.6667 1.0000
vt 0.5000 1.0000
vt 0.6667 0.5000
vt 0.8333 0.5000
vt 0.8333 1.0000
vt 0.6667 1.0000
vt 0.8333 0.5000
vt 1.0000 0.5000
vt 1.0000 1.0000
vt 0.8333 1.0000
vt 0.0000 0.0000
vt 0.1250 0.0000
vt 0.1250 0.3333
vt 0.0000 0.3333
vt 0.1250 0.0000
vt 0.2500 0.0000
vt 0.2500 0.3333
vt 0.1250 0.3333
vt 0.2500 0.0000
vt 0.3750 0.0000
vt 0.3750 0.3333
vt 0.2500 0.3333
vt 0.3750 0.0000
vt 0.5000 0.0000
vt 0.5000 0.3333
vt 0.3750 0.3333
vt 0.5000 0.0000
vt 0.6250 0.0000
vt 0.6250 0.3333
vt 0.5000 0.3333
vt 0.6250 0.0000
vt 0.7500 0.0000
vt 0.7500 0.3333
vt 0.6250 0.3333
vt 0.7500 0.0000
vt 0.8750 0.0000
vt 0.8750 0.3333
vt 0.7500 0.3333
vt 0.8750 0.0000
vt 1.0000 0.0000
vt 1.0000 0.3333
vt 0.8750 0.3333
vt 0.0000 0.3333
vt 0.1250 0.3333
vt 0.1250 0.6667
vt 0.0000 0.6667
vt 0.1250 0.3333
vt 0.2500 0.3333
vt 0.2500 0.6667
vt 0.1250 0.6667
vt 0.2500 0.3333
vt 0.3750 0.3333
vt 0.3750 0.6667
vt 0.2500 0.6667
vt 0.3750 0.3333
vt 0.5000 0.3333
vt 0.5000 0.6667
vt 0.3750 0.6667
vt 0.5000 0.3333
vt 0.6250 0.3333
vt 0.6250 0.6667
vt 0.5000 0.6667
vt 0.6250 0.3333
vt 0.7500 0.3333
vt 0.7500 0.6667
vt 0.6250 0.6667
vt 0.7500 0.3333
vt 0.8750 0.3333
vt 0.8750 0.6667
vt 0.7500 0.6667
vt 0.8750 0.3333
vt 1.0000 0.3333
vt 1.0000 0.6667
vt 0.8750 0.6667
vt 0.0000 0.6667
vt 0.1250 0.6667
vt 0.1250 1.0000
vt 0.0000 1.0000
vt 0.1250 0.6667
vt 0.2500 0.6667
vt 0.2500 1.0000
vt 0.1250 1.0000
vt 0.2500 0.6667
vt 0.3750 0.6667
vt 0.3750 1.0000
vt 0.2500 1.0000
vt 0.3750 0.6667
vt 0.5000 0.6667
vt 0.5000 1.0000
vt 0.3750 1.0000
vt 0.5000 0.6667
vt 0.6250 0.6667
vt 0.6250 1.0000
vt 0.5000 1.0000
vt 0.6250 0.6667
vt 0.7500 0.6667
vt 0.7500 1.0000
vt 0.6250 1.0000
vt 0.7500 0.6667
vt 0.8750 0.6667
vt 0.8750 1.0000
vt 0.7500 1.0000
vt 0.8750 0.6667
vt 1.0000 0.6667
vt 1.0000 1.0000
vt 0.8750 1.0000
vt 0.0000 0.0000
vt 0.0714 0.0000
vt 0.0714 0.1667
vt 0.0000 0.1667
vt 0.0714 0.0000
vt 0.1429 0.0000
vt 0.1429 0.1667
vt 0.0714 0.1667
vt 0.1429 0.0000
vt 0.2143 0.0000
vt 0.2143 0.1667
vt 0.1429 0.1667
vt 0.2143 0.0000
vt 0.2857 0.0000
vt 0.2857 0.1667
vt 0.2143 0.1667
vt 0.2857 0.0000
vt 0.3571 0.0000
vt 0.3571 0.1667
vt 0.2857 0.1667
vt 0.3571 0.0000
vt 0.4286 0.0000
vt 0.4286 0.1667
vt 0.3571 0.1667
vt 0.4286 0.0000
vt 0.5000 0.0000
vt 0.5000 0.1667
vt 0.4286 0.1667
vt 0.5000 0.0000
vt 0.5714 0.0000
vt 0.5714 0.1667
vt 0.5000 0.1667
vt 0.5714 0.0000
vt 0.6429 0.0000
vt 0.6429 0.1667
vt 0.5714 0.1667
vt 0.6429 0.0000
vt 0.7143 0.0000
vt 0.7143 0.1667
vt 0.6429 0.1667
vt 0.7143 0.0000
vt 0.7857 0.0000
vt 0.7857 0.1667
vt 0.7143 0.1667
vt 0.7857 0.0000
vt 0.8571 0.0000
vt 0.8571 0.1667
vt 0.7857 0.1667
vt 0.8571 0.0000
vt 0.9286 0.0000
vt 0.9286 0.1667
vt 0.8571 0.1667
vt 0.9286 0.0000
vt 1.0000 0.0000
vt 1.0000 0.1667
vt 0.9286 0.1667
vt 0.0000 0.1667
vt 0.0714 0.1667
vt 0.0714 0.3333
vt 0.0000 0.3333
vt 0.0714 0.1667
vt 0.1429 0.1667
vt 0.1429 0.3333
vt 0.0714 0.3333
vt 0.1429 0.1667
vt 0.2143 0.1667
vt 0.2143 0.3333
vt 0.1429 0.3333
vt 0.2143 0.1667
vt 0.2857 0.1667
vt 0.2857 0.3333
vt 0.2143 0.3333
vt 0.2857 0.1667
vt 0.3571 0.1667
vt 0.3571 0.3333
vt 0.2857 0.3333
vt 0.3571 0.1667
vt 0.4286 0.1667
vt 0.4286 0.3333
vt 0.3571 0.3333
vt 0.4286 0.1667
vt 0.5000 0.1667
vt 0.5000 0.3333
vt 0.4286 0.3333
vt 0.5000 0.1667
vt 0.5714 0.1667
vt 0.5714 0.3333
vt 0.5000 0.3333
vt 0.5714 0.1667
vt 0.6429 0.1667
vt 0.6429 0.3333
vt 0.5714 0.3333
vt 0.6429 0.1667
vt 0.7143 0.1667
vt 0.7143 0.3333
vt 0.6429 0.3333
vt 0.7143 0.1667
vt 0.7857 0.1667
vt 0.7857 0.3333
vt 0.7143 0.3333
vt 0.7857 0.1667
vt 0.8571 0.1667
vt 0.8571 0.3333
vt 0.7857 0.3333
vt 0.8571 0.1667
vt 0.9286 0.1667
vt 0.9286 0.3333
vt 0.8571 0.3333
vt 0.9286 0.1667
vt 1.0000 0.1667
vt 1.0000 0.3333
vt 0.9286 0.3333
vt 0.0000 0.3333
vt 0.0714 0.3333
vt 0.0714 0.5000
vt 0.0000 0.5000
vt 0.0714 0.3333
vt 0.1429 0.3333
vt 0.1429 0.5000
vt 0.0714 0.5000
vt 0.1429 0.3333
vt 0.2143 0.3333
vt 0.2143 0.5000
vt 0.1429 0.5000
vt 0.2143 0.3333
vt 0.2857 0.3333
vt 0.2857 0.5000
vt 0.2143 0.5000
vt 0.2857 0.3333
vt 0.3571 0.3333
vt 0.3571 0.5000
vt 0.2857 0.5000
vt 0.3571 0.3333
vt 0.4286 0.3333
vt 0.4286 0.5000
vt 0.3571 0.5000
vt 0.4286 0.3333
vt 0.5000 0.3333
vt 0.5000 0.5000
vt 0.4286 0.5000
vt 0.5000 0.3333
vt 0.5714 0.3333
vt 0.5714 0.5000
vt 0.5000 0.5000
vt 0.5714 0.3333
vt 0.6429 0.3333
vt 0.6429 0.5000
vt 0.5714 0.5000
vt 0.6429 0.3333
vt 0.7143 0.3333
vt 0.7143 0.5000
vt 0.6429 0.5000
vt 0.7143 0.3333
vt 0.7857 0.3333
vt 0.7857 0.5000
vt 0.7143 0.5000
vt 0.7857 0.3333
vt 0.8571 0.3333
vt 0.8571 0.5000
vt 0.7857 0.5000
vt 0.8571 0.3333
vt 0.9286 0.3333
vt 0.9286 0.5000
vt 0.8571 0.5000
vt 0.9286 0.3333
vt 1.0000 0.3333
vt 1.0000 0.5000
vt 0.9286 0.5000
vt 0.0000 0.5000
vt 0.0714 0.5000
vt 0.0714 0.6667
vt 0.0000 0.6667
vt 0.0714 0.5000
vt 0.1429 0.5000
vt 0.1429 0.6667
vt 0.0714 0.6667
vt 0.1429 0.5000
vt 0.2143 0.5000
vt 0.2143 0.6667
vt 0.1429 0.6667
vt 0.2143 0.5000
vt 0.2857 0.5000
vt 0.2857 0.6667
vt 0.2143 0.6667
vt 0.2857 0.5000
vt 0.3571 0.5000
vt 0.3571 0.6667
vt 0.2857 0.6667
vt 0.3571 0.5000
vt 0.4286 0.5000
vt 0.4286 0.6667
vt 0.3571 0.6667
vt 0.4286 0.5000
vt 0.5000 0.5000
vt 0.5000 0.6667
vt 0.4286 0.6667
vt 0.5000 0.5000
vt 0.5714 0.5000
vt 0.5714 0.6667
vt 0.5000 0.6667
vt 0.5714 0.5000
vt 0.6429 0.5000
vt 0.6429 0.6667
vt 0.5714 0.6667
vt 0.6429 0.5000
vt 0.7143 0.5000
vt 0.7143 0.6667
vt 0.6429 0.6667
vt 0.7143 0.5000
vt 0.7857 0.5000
vt 0.7857 0.6667
vt 0.7143 0.6667
vt 0.7857 0.5000
vt 0.8571 0.5000
vt 0.8571 0.6667
vt 0.7857 0.6667
vt 0.8571 0.5000
vt 0.9286 0.5000
vt 0.9286 0.6667
vt 0.8571 0.6667
vt 0.9286 0.5000
vt 1.0000 0.5000
vt 1.0000 0.6667
vt 0.9286 0.6667
vt 0.0000 0.6667
vt 0.0714 0.6667
vt 0.0714 0.8333
vt 0.0000 0.8333
vt 0.0714 0.6667
vt 0.1429 0.6667
vt 0.1429 0.8333
vt 0.0714 0.8333
vt 0.1429 0.6667
vt 0.2143 0.6667
vt 0.2143 0.8333
vt 0.1429 0.8333
vt 0.2143 0.6667
vt 0.2857 0.6667
vt 0.2857 0.8333
vt 0.2143 0.8333
vt 0.2857 0.6667
vt 0.3571 0.6667
vt 0.3571 0.8333
vt 0.2857 0.8333
vt 0.3571 0.6667
vt 0.4286 0.6667
vt 0.4286 0.8333
vt 0.3571 0.8333
vt 0.4286 0.6667
vt 0.5000 0.6667
vt 0.5000 0.8333
vt 0.4286 0.8333
vt 0.5000 0.6667
vt 0.5714 0.6667
vt 0.5714 0.8333
vt 0.5000 0.8333
vt 0.5714 0.6667
vt 0.6429 0.6667
vt 0.6429 0.8333
vt 0.5714 0.8333
vt 0.6429 0.6667
vt 0.7143 0.6667
vt 0.7143 0.8333
vt 0.6429 0.8333
vt 0.7143 0.6667
vt 0.7857 0.6667
vt 0.7857 0.8333
vt 0.7143 0.8333
vt 0.7857 0.6667
vt 0.8571 0.6667
vt 0.8571 0.8333
vt 0.7857 0.8333
vt 0.8571 0.6667
vt 0.9286 0.6667
vt 0.9286 0.8333
vt 0.8571 0.8333
vt 0.9286 0.6667
vt 1.0000 0.6667
vt 1.0000 0.8333
vt 0.9286 0.8333
vt 0.0000 0.8333
vt 0.0714 0.8333
vt 0.0714 1.0000
vt 0.0000 1.0000
vt 0.0714 0.8333
vt 0.1429 0.8333
vt 0.1429 1.0000
vt 0.0714 1.0000
vt 0.1429 0.8333
vt 0.2143 0.8333
vt 0.2143 1.0000
vt 0.1429 1.0000
vt 0.2143 0.8333
vt 0.2857 0.8333
vt 0.2857 1.0000
vt 0.2143 1.0000
vt 0.2857 0.8333
vt 0.3571 0.8333
vt 0.3571 1.0000
vt 0.2857 1.0000
vt 0.3571 0.8333
vt 0.4286 0.8333
vt 0.4286 1.0000
vt 0.3571 1.0000
vt 0.4286 0.8333
vt 0.5000 0.8333
vt 0.5000 1.0000
vt 0.4286 1.0000
vt 0.5000 0.8333
vt 0.5714 0.8333
vt 0.5714 1.0000
vt 0.5000 1.0000
vt 0.5714 0.8333
vt 0.6429 0.8333
vt 0.6429 1.0000
vt 0.5714 1.0000
vt 0.6429 0.8333
vt 0.7143 0.8333
vt 0.7143 1.0000
vt 0.6429 1.0000
vt 0.7143 0.8333
vt 0.7857 0.8333
vt 0.7857 1.0000
vt 0.7143 1.0000
vt 0.7857 0.8333
vt 0.8571 0.8333
vt 0.8571 1.0000
vt 0.7857 1.0000
vt 0.8571 0.8333
vt 0.9286 0.8333
vt 0.9286 1.0000
vt 0.8571 1.0000
vt 0.9286 0.8333
vt 1.0000 0.8333
vt 1.0000 1.0000
vt 0.9286 1.0000
vt 0.0000 1.0000
vt 0.0833 1.0000
vt 0.0833 0.8571
vt 0.0000 0.8571
vt 0.0833 1.0000
vt 0.1667 1.0000
vt 0.1667 0.8571
vt 0.0833 0.8571
vt 0.1667 1.0000
vt 0.2500 1.0000
vt 0.2500 0.8571
vt 0.1667 0.8571
vt 0.2500 1.0000
vt 0.3333 1.0000
vt 0.3333 0.8571
vt 0.2500 0.8571
vt 0.3333 1.0000
vt 0.4167 1.0000
vt 0.4167 0.8571
vt 0.3333 0.8571
vt 0.4167 1.0000
vt 0.5000 1.0000
vt 0.5000 0.8571
vt 0.4167 0.8571
vt 0.5000 1.0000
vt 0.5833 1.0000
vt 0.5833 0.8571
vt 0.5000 0.8571
vt 0.5833 1.0000
vt 0.6667 1.0000
vt 0.6667 0.8571
vt 0.5833 0.8571
vt 0.6667 1.0000
vt 0.7500 1.0000
vt 0.7500 0.8571
vt 0.6667 0.8571
vt 0.7500 1.0000
vt 0.8333 1.0000
vt 0.8333 0.8571
vt 0.7500 0.8571
vt 0.8333 1.0000
vt 0.9167 1.0000
vt 0.9167 0.8571
vt 0.8333 0.8571
vt 0.9167 1.0000
vt 1.0000 1.0000
vt 1.0000 0.8571
vt 0.9167 0.8571
vt 0.0000 0.8571
vt 0.0833 0.8571
vt 0.0833 0.7143
vt 0.0000 0.7143
vt 0.0833 0.8571
vt 0.1667 0.8571
vt 0.1667 0.7143
vt 0.0833 0.7143
vt 0.1667 0.8571
vt 0.2500 0.8571
vt 0.2500 0.7143
vt 0.1667 0.7143
vt 0.2500 0.8571
vt 0.3333 0.8571
vt 0.3333 0.7143
vt 0.2500 0.7143
vt 0.3333 0.8571
vt 0.4167 0.8571
vt 0.4167 0.7143
vt 0.3333 0.7143
vt 0.4167 0.8571
vt 0.5000 0.8571
vt 0.5000 0.7143
vt 0.4167 0.7143
vt 0.5000 0.8571
vt 0.5833 0.8571
vt 0.5833 0.7143
vt 0.5000 0.7143
vt 0.5833 0.8571
vt 0.6667 0.8571
vt 0.6667 0.7143
vt 0.5833 0.7143
vt 0.6667 0.8571
vt 0.7500 0.8571
vt 0.7500 0.7143
vt 0.6667 0.7143
vt 0.7500 0.8571
vt 0.8333 0.8571
vt 0.8333 0.7143
vt 0.7500 0.7143
vt 0.8333 0.8571
vt 0.9167 0.8571
vt 0.9167 0.7143
vt 0.8333 0.7143
vt 0.9167 0.8571
vt 1.0000 0.8571
vt 1.0000 0.7143
vt 0.9167 0.7143
vt 0.0000 0.7143
vt 0.0833 0.7143
vt 0.0833 0.5714
vt 0.0000 0.5714
vt 0.0833 0.7143
vt 0.1667 0.7143
vt 0.1667 0.5714
vt 0.0833 0.5714
vt 0.1667 0.7143
vt 0.2500 0.7143
vt 0.2500 0.5714
vt 0.1667 0.5714
vt 0.2500 0.7143
vt 0.3333 0.7143
vt 0.3333 0.5714
vt 0.2500 0.5714
vt 0.3333 0.7143
vt 0.4167 0.7143
vt 0.4167 0.5714
vt 0.3333 0.5714
vt 0.4167 0.7143
vt 0.5000 0.7143
vt 0.5000 0.5714
vt 0.4167 0.5714
vt 0.5000 0.7143
vt 0.5833 0.7143
vt 0.5833 0.5714
vt 0.5000 0.5714
vt 0.5833 0.7143
vt 0.6667 0.7143
vt 0.6667 0.5714
vt 0.5833 0.5714
vt 0.6667 0.7143
vt 0.7500 0.7143
vt 0.7500 0.5714
vt 0.6667 0.5714
vt 0.7500 0.7143
vt 0.8333 0.7143
vt 0.8333 0.5714
vt 0.7500 0.5714
vt 0.8333 0.7143
vt 0.9167 0.7143
vt 0.9167 0.5714
vt 0.8333 0.5714
vt 0.9167 0.7143
vt 1.0000 0.7143
vt 1.0000 0.5714
vt 0.9167 0.5714
vt 0.0000 0.5714
vt 0.0833 0.5714
vt 0.0833 0.4286
vt 0.0000 0.4286
vt 0.0833 0.5714
vt 0.1667 0.5714
vt 0.1667 0.4286
vt 0.0833 0.4286
vt 0.1667 0.5714
vt 0.2500 0.5714
vt 0.2500 0.4286
vt 0.1667 0.4286
vt 0.2500 0.5714
vt 0.3333 0.5714
vt 0.3333 0.4286
vt 0.2500 0.4286
vt 0.3333 0.5714
vt 0.4167 0.5714
vt 0.4167 0.4286
vt 0.3333 0.4286
vt 0.4167 0.5714
vt 0.5000 0.5714
vt 0.5000 0.4286
vt 0.4167 0.4286
vt 0.5000 0.5714
vt 0.5833 0.5714
vt 0.5833 0.4286
vt 0.5000 0.4286
vt 0.5833 0.5714
vt 0.6667 0.5714
vt 0.6667 0.4286
vt 0.5833 0.4286
vt 0.6667 0.5714
vt 0.7500 0.5714
vt 0.7500 0.4286
vt 0.6667 0.4286
vt 0.7500 0.5714
vt 0.8333 0.5714
vt 0.8333 0.4286
vt 0.7500 0.4286
vt 0.8333 0.5714
vt 0.9167 0.5714
vt 0.9167 0.4286
vt 0.8333 0.4286
vt 0.9167 0.5714
vt 1.0000 0.5714
vt 1.0000 0.4286
vt 0.9167 0.4286
vt 0.0000 0.4286
vt 0.0833 0.4286
vt 0.0833 0.2857
vt 0.0000 0.2857
vt 0.0833 0.4286
vt 0.1667 0.4286
vt 0.1667 0.2857
vt 0.0833 0.2857
vt 0.1667 0.4286
vt 0.2500 0.4286
vt 0.2500 0.2857
vt 0.1667 0.2857
vt 0.2500 0.4286
vt 0.3333 0.4286
vt 0.3333 0.2857
vt 0.2500 0.2857
vt 0.3333 0.4286
vt 0.4167 0.4286
vt 0.4167 0.2857
vt 0.3333 0.2857
vt 0.4167 0.4286
vt 0.5000 0.4286
vt 0.5000 0.2857
vt 0.4167 0.2857
vt 0.5000 0.4286
vt 0.5833 0.4286
vt 0.5833 0.2857
vt 0.5000 0.2857
vt 0.5833 0.4286
vt 0.6667 0.4286
vt 0.6667 0.2857
vt 0.5833 0.2857
vt 0.6667 0.4286
vt 0.7500 0.4286
vt 0.7500 0.2857
vt 0.6667 0.2857
vt 0.7500 0.4286
vt 0.8333 0.4286
vt 0.8333 0.2857
vt 0.7500 0.2857
vt 0.8333 0.4286
vt 0.9167 0.4286
vt 0.9167 0.2857
vt 0.8333 0.2857
vt 0.9167 0.4286
vt 1.0000 0.4286
vt 1.0000 0.2857
vt 0.9167 0.2857
vt 0.0000 0.2857
vt 0.0833 0.2857
vt 0.0833 0.1429
vt 0.0000 0.1429
vt 0.0833 0.2857
vt 0.1667 0.2857
vt 0.1667 0.1429
vt 0.0833 0.1429
vt 0.1667 0.2857
vt 0.2500 0.2857
vt 0.2500 0.1429
vt 0.1667 0.1429
vt 0.2500 0.2857
vt 0.3333 0.2857
vt 0.3333 0.1429
vt 0.2500 0.1429
vt 0.3333 0.2857
vt 0.4167 0.2857
vt 0.4167 0.1429
vt 0.3333 0.1429
vt 0.4167 0.2857
vt 0.5000 0.2857
vt 0.5000 0.1429
vt 0.4167 0.1429
vt 0.5000 0.2857
vt 0.5833 0.2857
vt 0.5833 0.1429
vt 0.5000 0.1429
vt 0.5833 0.2857
vt 0.6667 0.2857
vt 0.6667 0.1429
vt 0.5833 0.1429
vt 0.6667 0.2857
vt 0.7500 0.2857
vt 0.7500 0.1429
vt 0.6667 0.1429
vt 0.7500 0.2857
vt 0.8333 0.2857
vt 0.8333 0.1429
vt 0.7500 0.1429
vt 0.8333 0.2857
vt 0.9167 0.2857
vt 0.9167 0.1429
vt 0.8333 0.1429
vt 0.9167 0.2857
vt 1.0000 0.2857
vt 1.0000 0.1429
vt 0.9167 0.1429
vt 0.0000 0.1429
vt 0.0833 0.1429
vt 0.0833 0.0000
vt 0.0000 0.0000
vt 0.0833 0.1429
vt 0.1667 0.1429
vt 0.1667 0.0000
vt 0.0833 0.0000
vt 0.1667 0.1429
vt 0.2500 0.1429
vt 0.2500 0.0000
vt 0.1667 0.0000
vt 0.2500 0.1429
vt 0.3333 0.1429
vt 0.3333 0.0000
vt 0.2500 0.0000
vt 0.3333 0.1429
vt 0.4167 0.1429
vt 0.4167 0.0000
vt 0.3333 0.0000
vt 0.4167 0.1429
vt 0.5000 0.1429
vt 0.5000 0.0000
vt 0.4167 0.0000
vt 0.5000 0.1429
vt 0.5833 0.1429
vt 0.5833 0.0000
vt 0.5000 0.0000
vt 0.5833 0.1429
vt 0.6667 0.1429
vt 0.6667 0.0000
vt 0.5833 0.0000
vt 0.6667 0.1429
vt 0.7500 0.1429
vt 0.7500 0.0000
vt 0.6667 0.0000
vt 0.7500 0.1429
vt 0.8333 0.1429
vt 0.8333 0.0000
vt 0.7500 0.0000
vt 0.8333 0.1429
vt 0.9167 0.1429
vt 0.9167 0.0000
vt 0.8333 0.0000
vt 0.9167 0.1429
vt 1.0000 0.1429
vt 1.0000 0.0000
vt 0.9167 0.0000
vt 0.0000 0.0000
vt 0.0714 0.0000
vt 0.0714 0.1667
vt 0.0000 0.1667
vt 0.0714 0.0000
vt 0.1429 0.0000
vt 0.1429 0.1667
vt 0.0714 0.1667
vt 0.1429 0.0000
vt 0.2143 0.0000
vt 0.2143 0.1667
vt 0.1429 0.1667
vt 0.2143 0.0000
vt 0.2857 0.0000
vt 0.2857 0.1667
vt 0.2143 0.1667
vt 0.2857 0.0000
vt 0.3571 0.0000
vt 0.3571 0.1667
vt 0.2857 0.1667
vt 0.3571 0.0000
vt 0.4286 0.0000
vt 0.4286 0.1667
vt 0.3571 0.1667
vt 0.4286 0.0000
vt 0.5000 0.0000
vt 0.5000 0.1667
vt 0.4286 0.1667
vt 0.5000 0.0000
vt 0.5714 0.0000
vt 0.5714 0.1667
vt 0.5000 0.1667
vt 0.5714 0.0000
vt 0.6429 0.0000
vt 0.6429 0.1667
vt 0.5714 0.1667
vt 0.6429 0.0000
vt 0.7143 0.0000
vt 0.7143 0.1667
vt 0.6429 0.1667
vt 0.7143 0.0000
vt 0.7857 0.0000
vt 0.7857 0.1667
vt 0.7143 0.1667
vt 0.7857 0.0000
vt 0.8571 0.0000
vt 0.8571 0.1667
vt 0.7857 0.1667
vt 0.8571 0.0000
vt 0.9286 0.0000
vt 0.9286 0.1667
vt 0.8571 0.1667
vt 0.9286 0.0000
vt 1.0000 0.0000
vt 1.0000 0.1667
vt 0.9286 0.1667
vt 0.0000 0.1667
vt 0.0714 0.1667
vt 0.0714 0.3333
vt 0.0000 0.3333
vt 0.0714 0.1667
vt 0.1429 0.1667
vt 0.1429 0.3333
vt 0.0714 0.3333
vt 0.1429 0.1667
vt 0.2143 0.1667
vt 0.2143 0.3333
vt 0.1429 0.3333
vt 0.2143 0.1667
vt 0.2857 0.1667
vt 0.2857 0.3333
vt 0.2143 0.3333
vt 0.2857 0.1667
vt 0.3571 0.1667
vt 0.3571 0.3333
vt 0.2857 0.3333
vt 0.3571 0.1667
vt 0.4286 0.1667
vt 0.4286 0.3333
vt 0.3571 0.3333
vt 0.4286 0.1667
vt 0.5000 0.1667
vt 0.5000 0.3333
vt 0.4286 0.3333
vt 0.5000 0.1667
vt 0.5714 0.1667
vt 0.5714 0.3333
vt 0.5000 0.3333
vt 0.5714 0.1667
vt 0.6429 0.1667
vt 0.6429 0.3333
vt 0.5714 0.3333
vt 0.6429 0.1667
vt 0.7143 0.1667
vt 0.7143 0.3333
vt 0.6429 0.3333
vt 0.7143 0.1667
vt 0.7857 0.1667
vt 0.7857 0.3333
vt 0.7143 0.3333
vt 0.7857 0.1667
vt 0.8571 0.1667
vt 0.8571 0.3333
vt 0.7857 0.3333
vt 0.8571 0.1667
vt 0.9286 0.1667
vt 0.9286 0.3333
vt 0.8571 0.3333
vt 0.9286 0.1667
vt 1.0000 0.1667
vt 1.0000 0.3333
vt 0.9286 0.3333
vt 0.0000 0.3333
vt 0.0714 0.3333
vt 0.0714 0.5000
vt 0.0000 0.5000
vt 0.0714 0.3333
vt 0.1429 0.3333
vt 0.1429 0.5000
vt 0.0714 0.5000
vt 0.1429 0.3333
vt 0.2143 0.3333
vt 0.2143 0.5000
vt 0.1429 0.5000
vt 0.2143 0.3333
vt 0.2857 0.3333
vt 0.2857 0.5000
vt 0.2143 0.5000
vt 0.2857 0.3333
vt 0.3571 0.3333
vt 0.3571 0.5000
vt 0.2857 0.5000
vt 0.3571 0.3333
vt 0.4286 0.3333
vt 0.4286 0.5000
vt 0.3571 0.5000
vt 0.4286 0.3333
vt 0.5000 0.3333
vt 0.5000 0.5000
vt 0.4286 0.5000
vt 0.5000 0.3333
vt 0.5714 0.3333
vt 0.5714 0.5000
vt 0.5000 0.5000
vt 0.5714 0.3333
vt 0.6429 0.3333
vt 0.6429 0.5000
vt 0.5714 0.5000
vt 0.6429 0.3333
vt 0.7143 0.3333
vt 0.7143 0.5000
vt 0.6429 0.5000
vt 0.7143 0.3333
vt 0.7857 0.3333
vt 0.7857 0.5000
vt 0.7143 0.5000
vt 0.7857 0.3333
vt 0.8571 0.3333
vt 0.8571 0.5000
vt 0.7857 0.5000
vt 0.8571 0.3333
vt 0.9286 0.3333
vt 0.9286 0.5000
vt 0.8571 0.5000
vt 0.9286 0.3333
vt 1.0000 0.3333
vt 1.0000 0.5000
vt 0.9286 0.5000
vt 0.0000 0.5000
vt 0.0714 0.5000
vt 0.0714 0.6667
vt 0.0000 0.6667
vt 0.0714 0.5000
vt 0.1429 0.5000
vt 0.1429 0.6667
vt 0.0714 0.6667
vt 0.1429 0.5000
vt 0.2143 0.5000
vt 0.2143 0.6667
vt 0.1429 0.6667
vt 0.2143 0.5000
vt 0.2857 0.5000
vt 0.2857 0.6667
vt 0.2143 0.6667
vt 0.2857 0.5000
vt 0.3571 0.5000
vt 0.3571 0.6667
vt 0.2857 0.6667
vt 0.3571 0.5000
vt 0.4286 0.5000
vt 0.4286 0.6667
vt 0.3571 0.6667
vt 0.4286 0.5000
vt 0.5000 0.5000
vt 0.5000 0.6667
vt 0.4286 0.6667
vt 0.5000 0.5000
vt 0.5714 0.5000
vt 0.5714 0.6667
vt 0.5000 0.6667
vt 0.5714 0.5000
vt 0.6429 0.5000
vt 0.6429 0.6667
vt 0.5714 0.6667
vt 0.6429 0.5000
vt 0.7143 0.5000
vt 0.7143 0.6667
vt 0.6429 0.6667
vt 0.7143 0.5000
vt 0.7857 0.5000
vt 0.7857 0.6667
vt 0.7143 0.6667
vt 0.7857 0.5000
vt 0.8571 0.5000
vt 0.8571 0.6667
vt 0.7857 0.6667
vt 0.8571 0.5000
vt 0.9286 0.5000
vt 0.9286 0.6667
vt 0.8571 0.6667
vt 0.9286 0.5000
vt 1.0000 0.5000
vt 1.0000 0.6667
vt 0.9286 0.6667
vt 0.0000 0.6667
vt 0.0714 0.6667
vt 0.0714 0.8333
vt 0.0000 0.8333
vt 0.0714 0.6667
vt 0.1429 0.6667
vt 0.1429 0.8333
vt 0.0714 0.8333
vt 0.1429 0.6667
vt 0.2143 0.6667
vt 0.2143 0.8333
vt 0.1429 0.8333
vt 0.2143 0.6667
vt 0.2857 0.6667
vt 0.2857 0.8333
vt 0.2143 0.8333
vt 0.2857 0.6667
vt 0.3571 0.6667
vt 0.3571 0.8333
vt 0.2857 0.8333
vt 0.3571 0.6667
vt 0.4286 0.6667
vt 0.4286 0.8333
vt 0.3571 0.8333
vt 0.4286 0.6667
vt 0.5000 0.6667
vt 0.5000 0.8333
vt 0.4286 0.8333
vt 0.5000 0.6667
vt 0.5714 0.6667
vt 0.5714 0.8333
vt 0.5000 0.8333
vt 0.5714 0.6667
vt 0.6429 0.6667
vt 0.6429 0.8333
vt 0.5714 0.8333
vt 0.6429 0.6667
vt 0.7143 0.6667
vt 0.7143 0.8333
vt 0.6429 0.8333
vt 0.7143 0.6667
vt 0.7857 0.6667
vt 0.7857 0.8333
vt 0.7143 0.8333
vt 0.7857 0.6667
vt 0.8571 0.6667
vt 0.8571 0.8333
vt 0.7857 0.8333
vt 0.8571 0.6667
vt 0.9286 0.6667
vt 0.9286 0.8333
vt 0.8571 0.8333
vt 0.9286 0.6667
vt 1.0000 0.6667
vt 1.0000 0.8333
vt 0.9286 0.8333
vt 0.0000 0.8333
vt 0.0714 0.8333
vt 0.0714 1.0000
vt 0.0000 1.0000
vt 0.0714 0.8333
vt 0.1429 0.8333
vt 0.1429 1.0000
vt 0.0714 1.0000
vt 0.1429 0.8333
vt 0.2143 0.8333
vt 0.2143 1.0000
vt 0.1429 1.0000
vt 0.2143 0.8333
vt 0.2857 0.8333
vt 0.2857 1.0000
vt 0.2143 1.0000
vt 0.2857 0.8333
vt 0.3571 0.8333
vt 0.3571 1.0000
vt 0.2857 1.0000
vt 0.3571 0.8333
vt 0.4286 0.8333
vt 0.4286 1.0000
vt 0.3571 1.0000
vt 0.4286 0.8333
vt 0.5000 0.8333
vt 0.5000 1.0000
vt 0.4286 1.0000
vt 0.5000 0.8333
vt 0.5714 0.8333
vt 0.5714 1.0000
vt 0.5000 1.0000
vt 0.5714 0.8333
vt 0.6429 0.8333
vt 0.6429 1.0000
vt 0.5714 1.0000
vt 0.6429 0.8333
vt 0.7143 0.8333
vt 0.7143 1.0000
vt 0.6429 1.0000
vt 0.7143 0.8333
vt 0.7857 0.8333
vt 0.7857 1.0000
vt 0.7143 1.0000
vt 0.7857 0.8333
vt 0.8571 0.8333
vt 0.8571 1.0000
vt 0.7857 1.0000
vt 0.8571 0.8333
vt 0.9286 0.8333
vt 0.9286 1.0000
vt 0.8571 1.0000
vt 0.9286 0.8333
vt 1.0000 0.8333
vt 1.0000 1.0000
vt 0.9286 1.0000
vt 0.0000 0.0000
vt 0.0833 0.0000
vt 0.0833 0.2000
vt 0.0000 0.2000
vt 0.0833 0.0000
vt 0.1667 0.0000
vt 0.1667 0.2000
vt 0.0833 0.2000
vt 0.1667 0.0000
vt 0.2500 0.0000
vt 0.2500 0.2000
vt 0.1667 0.2000
vt 0.2500 0.0000
vt 0.3333 0.0000
vt 0.3333 0.2000
vt 0.2500 0.2000
vt 0.3333 0.0000
vt 0.4167 0.0000
vt 0.4167 0.2000
vt 0.3333 0.2000
vt 0.4167 0.0000
vt 0.5000 0.0000
vt 0.5000 0.2000
vt 0.4167 0.2000
vt 0.5000 0.0000
vt 0.5833 0.0000
vt 0.5833 0.2000
vt 0.5000 0.2000
vt 0.5833 0.0000
vt 0.6667 0.0000
vt 0.6667 0.2000
vt 0.5833 0.2000
vt 0.6667 0.0000
vt 0.7500 0.0000
vt 0.7500 0.2000
vt 0.6667 0.2000
vt 0.7500 0.0000
vt 0.8333 0.0000
vt 0.8333 0.2000
vt 0.7500 0.2000
vt 0.8333 0.0000
vt 0.9167 0.0000
vt 0.9167 0.2000
vt 0.8333 0.2000
vt 0.9167 0.0000
vt 1.0000 0.0000
vt 1.0000 0.2000
vt 0.9167 0.2000
vt 0.0000 0.2000
vt 0.0833 0.2000
vt 0.0833 0.4000
vt 0.0000 0.4000
vt 0.0833 0.2000
vt 0.1667 0.2000
vt 0.1667 0.4000
vt 0.0833 0.4000
vt 0.1667 0.2000
vt 0.2500 0.2000
vt 0.2500 0.4000
vt 0.1667 0.4000
vt 0.2500 0.2000
vt 0.3333 0.2000
vt 0.3333 0.4000
vt 0.2500 0.4000
vt 0.3333 0.2000
vt 0.4167 0.2000
vt 0.4167 0.4000
vt 0.3333 0.4000
vt 0.4167 0.2000
vt 0.5000 0.2000
vt 0.5000 0.4000
vt 0.4167 0.4000
vt 0.5000 0.2000
vt 0.5833 0.2000
vt 0.5833 0.4000
vt 0.5000 0.4000
vt 0.5833 0.2000
vt 0.6667 0.2000
vt 0.6667 0.4000
vt 0.5833 0.4000
vt 0.6667 0.2000
vt 0.7500 0.2000
vt 0.7500 0.4000
vt 0.6667 0.4000
vt 0.7500 0.2000
vt 0.8333 0.2000
vt 0.8333 0.4000
vt 0.7500 0.4000
vt 0.8333 0.2000
vt 0.9167 0.2000
vt 0.9167 0.4000
vt 0.8333 0.4000
vt 0.9167 0.2000
vt 1.0000 0.2000
vt 1.0000 0.4000
vt 0.9167 0.4000
vt 0.0000 0.4000
vt 0.0833 0.4000
vt 0.0833 0.6000
vt 0.0000 0.6000
vt 0.0833 0.4000
vt 0.1667 0.4000
vt 0.1667 0.6000
vt 0.0833 0.6000
vt 0.1667 0.4000
vt 0.2500 0.4000
vt 0.2500 0.6000
vt 0.1667 0.6000
vt 0.2500 0.4000
vt 0.3333 0.4000
vt 0.3333 0.6000
vt 0.2500 0.6000
vt 0.3333 0.4000
vt 0.4167 0.4000
vt 0.4167 0.6000
vt 0.3333 0.6000
vt 0.4167 0.4000
vt 0.5000 0.4000
vt 0.5000 0.6000
vt 0.4167 0.6000
vt 0.5000 0.4000
vt 0.5833 0.4000
vt 0.5833 0.6000
vt 0.5000 0.6000
vt 0.5833 0.4000
vt 0.6667 0.4000
vt 0.6667 0.6000
vt 0.5833 0.6000
vt 0.6667 0.4000
vt 0.7500 0.4000
vt 0.7500 0.6000
vt 0.6667 0.6000
vt 0.7500 0.4000
vt 0.8333 0.4000
vt 0.8333 0.6000
vt 0.7500 0.6000
vt 0.8333 0.4000
vt 0.9167 0.4000
vt 0.9167 0.6000
vt 0.8333 0.6000
vt 0.9167 0.4000
vt 1.0000 0.4000
vt 1.0000 0.6000
vt 0.9167 0.6000
vt 0.0000 0.6000
vt 0.0833 0.6000
vt 0.0833 0.8000
vt 0.0000 0.8000
vt 0.0833 0.6000
vt 0.1667 0.6000
vt 0.1667 0.8000
vt 0.0833 0.8000
vt 0.1667 0.6000
vt 0.2500 0.6000
vt 0.2500 0.8000
vt 0.1667 0.8000
vt 0.2500 0.6000
vt 0.3333 0.6000
vt 0.3333 0.8000
vt 0.2500 0.8000
vt 0.3333 0.6000
vt 0.4167 0.6000
vt 0.4167 0.8000
vt 0.3333 0.8000
vt 0.4167 0.6000
vt 0.5000 0.6000
vt 0.5000 0.8000
vt 0.4167 0.8000
vt 0.5000 0.6000
vt 0.5833 0.6000
vt 0.5833 0.8000
vt 0.5000 0.8000
vt 0.5833 0.6000
vt 0.6667 0.6000
vt 0.6667 0.8000
vt 0.5833 0.8000
vt 0.6667 0.6000
vt 0.7500 0.6000
vt 0.7500 0.8000
vt 0.6667 0.8000
vt 0.7500 0.6000
vt 0.8333 0.6000
vt 0.8333 0.8000
vt 0.7500 0.8000
vt 0.8333 0.6000
vt 0.9167 0.6000
vt 0.9167 0.8000
vt 0.8333 0.8000
vt 0.9167 0.6000
vt 1.0000 0.6000
vt 1.0000 0.8000
vt 0.9167 0.8000
vt 0.0000 0.8000
vt 0.0833 0.8000
vt 0.0833 1.0000
vt 0.0000 1.0000
vt 0.0833 0.8000
vt 0.1667 0.8000
vt 0.1667 1.0000
vt 0.0833 1.0000
vt 0.1667 0.8000
vt 0.2500 0.8000
vt 0.2500 1.0000
vt 0.1667 1.0000
vt 0.2500 0.8000
vt 0.3333 0.8000
vt 0.3333 1.0000
vt 0.2500 1.0000
vt 0.3333 0.8000
vt 0.4167 0.8000
vt 0.4167 1.0000
vt 0.3333 1.0000
vt 0.4167 0.8000
vt 0.5000 0.8000
vt 0.5000 1.0000
vt 0.4167 1.0000
vt 0.5000 0.8000
vt 0.5833 0.8000
vt 0.5833 1.0000
vt 0.5000 1.0000
vt 0.5833 0.8000
vt 0.6667 0.8000
vt 0.6667 1.0000
vt 0.5833 1.0000
vt 0.6667 0.8000
vt 0.7500 0.8000
vt 0.7500 1.0000
vt 0.6667 1.0000
vt 0.7500 0.8000
vt 0.8333 0.8000
vt 0.8333 1.0000
vt 0.7500 1.0000
vt 0.8333 0.8000
vt 0.9167 0.8000
vt 0.9167 1.0000
vt 0.8333 1.0000
vt 0.9167 0.8000
vt 1.0000 0.8000
vt 1.0000 1.0000
vt 0.9167 1.0000
vt 0.0000 1.0000
vt 0.0833 1.0000
vt 0.0833 0.8333
vt 0.0000 0.8333
vt 0.0833 1.0000
vt 0.1667 1.0000
vt 0.1667 0.8333
vt 0.0833 0.8333
vt 0.1667 1.0000
vt 0.2500 1.0000
vt 0.2500 0.8333
vt 0.1667 0.8333
vt 0.2500 1.0000
vt 0.3333 1.0000
vt 0.3333 0.8333
vt 0.2500 0.8333
vt 0.3333 1.0000
vt 0.4167 1.0000
vt 0.4167 0.8333
vt 0.3333 0.8333
vt 0.4167 1.0000
vt 0.5000 1.0000
vt 0.5000 0.8333
vt 0.4167 0.8333
vt 0.5000 1.0000
vt 0.5833 1.0000
vt 0.5833 0.8333
vt 0.5000 0.8333
vt 0.5833 1.0000
vt 0.6667 1.0000
vt 0.6667 0.8333
vt 0.5833 0.8333
vt 0.6667 1.0000
vt 0.7500 1.0000
vt 0.7500 0.8333
vt 0.6667 0.8333
vt 0.7500 1.0000
vt 0.8333 1.0000
vt 0.8333 0.8333
vt 0.7500 0.8333
vt 0.8333 1.0000
vt 0.9167 1.0000
vt 0.9167 0.8333
vt 0.8333 0.8333
vt 0.9167 1.0000
vt 1.0000 1.0000
vt 1.0000 0.8333
vt 0.9167 0.8333
vt 0.0000 0.8333
vt 0.0833 0.8333
vt 0.0833 0.6667
vt 0.0000 0.6667
vt 0.0833 0.8333
vt 0.1667 0.8333
vt 0.1667 0.6667
vt 0.0833 0.6667
vt 0.1667 0.8333
vt 0.2500 0.8333
vt 0.2500 0.6667
vt 0.1667 0.6667
vt 0.2500 0.8333
vt 0.3333 0.8333
vt 0.3333 0.6667
vt 0.2500 0.6667
vt 0.3333 0.8333
vt 0.4167 0.8333
vt 0.4167 0.6667
vt 0.3333 0.6667
vt 0.4167 0.8333
vt 0.5000 0.8333
vt 0.5000 0.6667
vt 0.4167 0.6667
vt 0.5000 0.8333
vt 0.5833 0.8333
vt 0.5833 0.6667
vt 0.5000 0.6667
vt 0.5833 0.8333
vt 0.6667 0.8333
vt 0.6667 0.6667
vt 0.5833 0.6667
vt 0.6667 0.8333
vt 0.7500 0.8333
vt 0.7500 0.6667
vt 0.6667 0.6667
vt 0.7500 0.8333
vt 0.8333 0.8333
vt 0.8333 0.6667
vt 0.7500 0.6667
vt 0.8333 0.8333
vt 0.9167 0.8333
vt 0.9167 0.6667
vt 0.8333 0.6667
vt 0.9167 0.8333
vt 1.0000 0.8333
vt 1.0000 0.6667
vt 0.9167 0.6667
vt 0.0000 0.6667
vt 0.0833 0.6667
vt 0.0833 0.5000
vt 0.0000 0.5000
vt 0.0833 0.6667
vt 0.1667 0.6667
vt 0.1667 0.5000
vt 0.0833 0.5000
vt 0.1667 0.6667
vt 0.2500 0.6667
vt 0.2500 0.5000
vt 0.1667 0.5000
vt 0.2500 0.6667
vt 0.3333 0.6667
vt 0.3333 0.5000
vt 0.2500 0.5000
vt 0.3333 0.6667
vt 0.4167 0.6667
vt 0.4167 0.5000
vt 0.3333 0.5000
vt 0.4167 0.6667
vt 0.5000 0.6667
vt 0.5000 0.5000
vt 0.4167 0.5000
vt 0.5000 0.6667
vt 0.5833 0.6667
vt 0.5833 0.5000
vt 0.5000 0.5000
vt 0.5833 0.6667
vt 0.6667 0.6667
vt 0.6667 0.5000
vt 0.5833 0.5000
vt 0.6667 0.6667
vt 0.7500 0.6667
vt 0.7500 0.5000
vt 0.6667 0.5000
vt 0.7500 0.6667
vt 0.8333 0.6667
vt 0.8333 0.5000
vt 0.7500 0.5000
vt 0.8333 0.6667
vt 0.9167 0.6667
vt 0.9167 0.5000
vt 0.8333 0.5000
vt 0.9167 0.6667
vt 1.0000 0.6667
vt 1.0000 0.5000
vt 0.9167 0.5000
vt 0.0000 0.5000
vt 0.0833 0.5000
vt 0.0833 0.3333
vt 0.0000 0.3333
vt 0.0833 0.5000
vt 0.1667 0.5000
vt 0.1667 0.3333
vt 0.0833 0.3333
vt 0.1667 0.5000
vt 0.2500 0.5000
vt 0.2500 0.3333
vt 0.1667 0.3333
vt 0.2500 0.5000
vt 0.3333 0.5000
vt 0.3333 0.3333
vt 0.2500 0.3333
vt 0.3333 0.5000
vt 0.4167 0.5000
vt 0.4167 0.3333
vt 0.3333 0.3333
vt 0.4167 0.5000
vt 0.5000 0.5000
vt 0.5000 0.3333
vt 0.4167 0.3333
vt 0.5000 0.5000
vt 0.5833 0.5000
vt 0.5833 0.3333
vt 0.5000 0.3333
vt 0.5833 0.5000
vt 0.6667 0.5000
vt 0.6667 0.3333
vt 0.5833 0.3333
vt 0.6667 0.5000
vt 0.7500 0.5000
vt 0.7500 0.3333
vt 0.6667 0.3333
vt 0.7500 0.5000
vt 0.8333 0.5000
vt 0.8333 0.3333
vt 0.7500 0.3333
vt 0.8333 0.5000
vt 0.9167 0.5000
vt 0.9167 0.3333
vt 0.8333 0.3333
vt 0.9167 0.5000
vt 1.0000 0.5000
vt 1.0000 0.3333
vt 0.9167 0.3333
vt 0.0000 0.3333
vt 0.0833 0.3333
vt 0.0833 0.1667
vt 0.0000 0.1667
vt 0.0833 0.3333
vt 0.1667 0.3333
vt 0.1667 0.1667
vt 0.0833 0.1667
vt 0.1667 0.3333
vt 0.2500 0.3333
vt 0.2500 0.1667
vt 0.1667 0.1667
vt 0.2500 0.3333
vt 0.3333 0.3333
vt 0.3333 0.1667
vt 0.2500 0.1667
vt 0.3333 0.3333
vt 0.4167 0.3333
vt 0.4167 0.1667
vt 0.3333 0.1667
vt 0.4167 0.3333
vt 0.5000 0.3333
vt 0.5000 0.1667
vt 0.4167 0.1667
vt 0.5000 0.3333
vt 0.5833 0.3333
vt 0.5833 0.1667
vt 0.5000 0.1667
vt 0.5833 0.3333
vt 0.6667 0.3333
vt 0.6667 0.1667
vt 0.5833 0.1667
vt 0.6667 0.3333
vt 0.7500 0.3333
vt 0.7500 0.1667
vt 0.6667 0.1667
vt 0.7500 0.3333
vt 0.8333 0.3333
vt 0.8333 0.1667
vt 0.7500 0.1667
vt 0.8333 0.3333
vt 0.9167 0.3333
vt 0.9167 0.1667
vt 0.8333 0.1667
vt 0.9167 0.3333
vt 1.0000 0.3333
vt 1.0000 0.1667
vt 0.9167 0.1667
vt 0.0000 0.1667
vt 0.0833 0.1667
vt 0.0833 0.0000
vt 0.0000 0.0000
vt 0.0833 0.1667
vt 0.1667 0.1667
vt 0.1667 0.0000
vt 0.0833 0.0000
vt 0.1667 0.1667
vt 0.2500 0.1667
vt 0.2500 0.0000
vt 0.1667 0.0000
vt 0.2500 0.1667
vt 0.3333 0.1667
vt 0.3333 0.0000
vt 0.2500 0.0000
vt 0.3333 0.1667
vt 0.4167 0.1667
vt 0.4167 0.0000
vt 0.3333 0.0000
vt 0.4167 0.1667
vt 0.5000 0.1667
vt 0.5000 0.0000
vt 0.4167 0.0000
vt 0.5000 0.1667
vt 0.5833 0.1667
vt 0.5833 0.0000
vt 0.5000 0.0000
vt 0.5833 0.1667
vt 0.6667 0.1667
vt 0.6667 0.0000
vt 0.5833 0.0000
vt 0.6667 0.1667
vt 0.7500 0.1667
vt 0.7500 0.0000
vt 0.6667 0.0000
vt 0.7500 0.1667
vt 0.8333 0.1667
vt 0.8333 0.0000
vt 0.7500 0.0000
vt 0.8333 0.1667
vt 0.9167 0.1667
vt 0.9167 0.0000
vt 0.8333 0.0000
vt 0.9167 0.1667
vt 1.0000 0.1667
vt 1.0000 0.0000
vt 0.9167 0.0000
vt 0.0000 0.0000
vt 0.0714 0.0000
vt 0.0714 0.1667
vt 0.0000 0.1667
vt 0.0714 0.0000
vt 0.1429 0.0000
vt 0.1429 0.1667
vt 0.0714 0.1667
vt 0.1429 0.0000
vt 0.2143 0.0000
vt 0.2143 0.1667
vt 0.1429 0.1667
vt 0.2143 0.0000
vt 0.2857 0.0000
vt 0.2857 0.1667
vt 0.2143 0.1667
vt 0.2857 0.0000
vt 0.3571 0.0000
vt 0.3571 0.1667
vt 0.2857 0.1667
vt 0.3571 0.0000
vt 0.4286 0.0000
vt 0.4286 0.1667
vt 0.3571 0.1667
vt 0.4286 0.0000
vt 0.5000 0.0000
vt 0.5000 0.1667
vt 0.4286 0.1667
vt 0.5000 0.0000
vt 0.5714 0.0000
vt 0.5714 0.1667
vt 0.5000 0.1667
vt 0.5714 0.0000
vt 0.6429 0.0000
vt 0.6429 0.1667
vt 0.5714 0.1667
vt 0.6429 0.0000
vt 0.7143 0.0000
vt 0.7143 0.1667
vt 0.6429 0.1667
vt 0.7143 0.0000
vt 0.7857 0.0000
vt 0.7857 0.1667
vt 0.7143 0.1667
vt 0.7857 0.0000
vt 0.8571 0.0000
vt 0.8571 0.1667
vt 0.7857 0.1667
vt 0.8571 0.0000
vt 0.9286 0.0000
vt 0.9286 0.1667
vt 0.8571 0.1667
vt 0.9286 0.0000
vt 1.0000 0.0000
vt 1.0000 0.1667
vt 0.9286 0.1667
vt 0.0000 0.1667
vt 0.0714 0.1667
vt 0.0714 0.3333
vt 0.0000 0.3333
vt 0.0714 0.1667
vt 0.1429 0.1667
vt 0.1429 0.3333
vt 0.0714 0.3333
vt 0.1429 0.1667
vt 0.2143 0.1667
vt 0.2143 0.3333
vt 0.1429 0.3333
vt 0.2143 0.1667
vt 0.2857 0.1667
vt 0.2857 0.3333
vt 0.2143 0.3333
vt 0.2857 0.1667
vt 0.3571 0.1667
vt 0.3571 0.3333
vt 0.2857 0.3333
vt 0.3571 0.1667
vt 0.4286 0.1667
vt 0.4286 0.3333
vt 0.3571 0.3333
vt 0.4286 0.1667
vt 0.5000 0.1667
vt 0.5000 0.3333
vt 0.4286 0.3333
vt 0.5000 0.1667
vt 0.5714 0.1667
vt 0.5714 0.3333
vt 0.5000 0.3333
vt 0.5714 0.1667
vt 0.6429 0.1667
vt 0.6429 0.3333
vt 0.5714 0.3333
vt 0.6429 0.1667
vt 0.7143 0.1667
vt 0.7143 0.3333
vt 0.6429 0.3333
vt 0.7143 0.1667
vt 0.7857 0.1667
vt 0.7857 0.3333
vt 0.7143 0.3333
vt 0.7857 0.1667
vt 0.8571 0.1667
vt 0.8571 0.3333
vt 0.7857 0.3333
vt 0.8571 0.1667
vt 0.9286 0.1667
vt 0.9286 0.3333
vt 0.8571 0.3333
vt 0.9286 0.1667
vt 1.0000 0.1667
vt 1.0000 0.3333
vt 0.9286 0.3333
vt 0.0000 0.3333
vt 0.0714 0.3333
vt 0.0714 0.5000
vt 0.0000 0.5000
vt 0.0714 0.3333
vt 0.1429 0.3333
vt 0.1429 0.5000
vt 0.0714 0.5000
vt 0.1429 0.3333
vt 0.2143 0.3333
vt 0.2143 0.5000
vt 0.1429 0.5000
vt 0.2143 0.3333
vt 0.2857 0.3333
vt 0.2857 0.5000
vt 0.2143 0.5000
vt 0.2857 0.3333
vt 0.3571 0.3333
vt 0.3571 0.5000
vt 0.2857 0.5000
vt 0.3571 0.3333
vt 0.4286 0.3333
vt 0.4286 0.5000
vt 0.3571 0.5000
vt 0.4286 0.3333
vt 0.5000 0.3333
vt 0.5000 0.5000
vt 0.4286 0.5000
vt 0.5000 0.3333
vt 0.5714 0.3333
vt 0.5714 0.5000
vt 0.5000 0.5000
vt 0.5714 0.3333
vt 0.6429 0.3333
vt 0.6429 0.5000
vt 0.5714 0.5000
vt 0.6429 0.3333
vt 0.7143 0.3333
vt 0.7143 0.5000
vt 0.6429 0.5000
vt 0.7143 0.3333
vt 0.7857 0.3333
vt 0.7857 0.5000
vt 0.7143 0.5000
vt 0.7857 0.3333
vt 0.8571 0.3333
vt 0.8571 0.5000
vt 0.7857 0.5000
vt 0.8571 0.3333
vt 0.9286 0.3333
vt 0.9286 0.5000
vt 0.8571 0.5000
vt 0.9286 0.3333
vt 1.0000 0.3333
vt 1.0000 0.5000
vt 0.9286 0.5000
vt 0.0000 0.5000
vt 0.0714 0.5000
vt 0.0714 0.6667
vt 0.0000 0.6667
vt 0.0714 0.5000
vt 0.1429 0.5000
vt 0.1429 0.6667
vt 0.0714 0.6667
vt 0.1429 0.5000
vt 0.2143 0.5000
vt 0.2143 0.6667
vt 0.1429 0.6667
vt 0.2143 0.5000
vt 0.2857 0.5000
vt 0.2857 0.6667
vt 0.2143 0.6667
vt 0.2857 0.5000
vt 0.3571 0.5000
vt 0.3571 0.6667
vt 0.2857 0.6667
vt 0.3571 0.5000
vt 0.4286 0.5000
vt 0.4286 0.6667
vt 0.3571 0.6667
vt 0.4286 0.5000
vt 0.5000 0.5000
vt 0.5000 0.6667
vt 0.4286 0.6667
vt 0.5000 0.5000
vt 0.5714 0.5000
vt 0.5714 0.6667
vt 0.5000 0.6667
vt 0.5714 0.5000
vt 0.6429 0.5000
vt 0.6429 0.6667
vt 0.5714 0.6667
vt 0.6429 0.5000
vt 0.7143 0.5000
vt 0.7143 0.6667
vt 0.6429 0.6667
vt 0.7143 0.5000
vt 0.7857 0.5000
vt 0.7857 0.6667
vt 0.7143 0.6667
vt 0.7857 0.5000
vt 0.8571 0.5000
vt 0.8571 0.6667
vt 0.7857 0.6667
vt 0.8571 0.5000
vt 0.9286 0.5000
vt 0.9286 0.6667
vt 0.8571 0.6667
vt 0.9286 0.5000
vt 1.0000 0.5000
vt 1.0000 0.6667
vt 0.9286 0.6667
vt 0.0000 0.6667
vt 0.0714 0.6667
vt 0.0714 0.8333
vt 0.0000 0.8333
vt 0.0714 0.6667
vt 0.1429 0.6667
vt 0.1429 0.8333
vt 0.0714 0.8333
vt 0.1429 0.6667
vt 0.2143 0.6667
vt 0.2143 0.8333
vt 0.1429 0.8333
vt 0.2143 0.6667
vt 0.2857 0.6667
vt 0.2857 0.8333
vt 0.2143 0.8333
vt 0.2857 0.6667
vt 0.3571 0.6667
vt 0.3571 0.8333
vt 0.2857 0.8333
vt 0.3571 0.6667
vt 0.4286 0.6667
vt 0.4286 0.8333
vt 0.3571 0.8333
vt 0.4286 0.6667
vt 0.5000 0.6667
vt 0.5000 0.8333
vt 0.4286 0.8333
vt 0.5000 0.6667
vt 0.5714 0.6667
vt 0.5714 0.8333
vt 0.5000 0.8333
vt 0.5714 0.6667
vt 0.6429 0.6667
vt 0.6429 0.8333
vt 0.5714 0.8333
vt 0.6429 0.6667
vt 0.7143 0.6667
vt 0.7143 0.8333
vt 0.6429 0.8333
vt 0.7143 0.6667
vt 0.7857 0.6667
vt 0.7857 0.8333
vt 0.7143 0.8333
vt 0.7857 0.6667
vt 0.8571 0.6667
vt 0.8571 0.8333
vt 0.7857 0.8333
vt 0.8571 0.6667
vt 0.9286 0.6667
vt 0.9286 0.8333
vt 0.8571 0.8333
vt 0.9286 0.6667
vt 1.0000 0.6667
vt 1.0000 0.8333
vt 0.9286 0.8333
vt 0.0000 0.8333
vt 0.0714 0.8333
vt 0.0714 1.0000
vt 0.0000 1.0000
vt 0.0714 0.8333
vt 0.1429 0.8333
vt 0.1429 1.0000
vt 0.0714 1.0000
vt 0.1429 0.8333
vt 0.2143 0.8333
vt 0.2143 1.0000
vt 0.1429 1.0000
vt 0.2143 0.8333
vt 0.2857 0.8333
vt 0.2857 1.0000
vt 0.2143 1.0000
vt 0.2857 0.8333
vt 0.3571 0.8333
vt 0.3571 1.0000
vt 0.2857 1.0000
vt 0.3571 0.8333
vt 0.4286 0.8333
vt 0.4286 1.0000
vt 0.3571 1.0000
vt 0.4286 0.8333
vt 0.5000 0.8333
vt 0.5000 1.0000
vt 0.4286 1.0000
vt 0.5000 0.8333
vt 0.5714 0.8333
vt 0.5714 1.0000
vt 0.5000 1.0000
vt 0.5714 0.8333
vt 0.6429 0.8333
vt 0.6429 1.0000
vt 0.5714 1.0000
vt 0.6429 0.8333
vt 0.7143 0.8333
vt 0.7143 1.0000
vt 0.6429 1.0000
vt 0.7143 0.8333
vt 0.7857 0.8333
vt 0.7857 1.0000
vt 0.7143 1.0000
vt 0.7857 0.8333
vt 0.8571 0.8333
vt 0.8571 1.0000
vt 0.7857 1.0000
vt 0.8571 0.8333
vt 0.9286 0.8333
vt 0.9286 1.0000
vt 0.8571 1.0000
vt 0.9286 0.8333
vt 1.0000 0.8333
vt 1.0000 1.0000
vt 0.9286 1.0000
vt 0.0000 1.0000
vt 0.0833 1.0000
vt 0.0833 0.8571
vt 0.0000 0.8571
vt 0.0833 1.0000
vt 0.1667 1.0000
vt 0.1667 0.8571
vt 0.0833 0.8571
vt 0.1667 1.0000
vt 0.2500 1.0000
vt 0.2500 0.8571
vt 0.1667 0.8571
vt 0.2500 1.0000
vt 0.3333 1.0000
vt 0.3333 0.8571
vt 0.2500 0.8571
vt 0.3333 1.0000
vt 0.4167 1.0000
vt 0.4167 0.8571
vt 0.3333 0.8571
vt 0.4167 1.0000
vt 0.5000 1.0000
vt 0.5000 0.8571
vt 0.4167 0.8571
vt 0.5000 1.0000
vt 0.5833 1.0000
vt 0.5833 0.8571
vt 0.5000 0.8571
vt 0.5833 1.0000
vt 0.6667 1.0000
vt 0.6667 0.8571
vt 0.5833 0.8571
vt 0.6667 1.0000
vt 0.7500 1.0000
vt 0.7500 0.8571
vt 0.6667 0.8571
vt 0.7500 1.0000
vt 0.8333 1.0000
vt 0.8333 0.8571
vt 0.7500 0.8571
vt 0.8333 1.0000
vt 0.9167 1.0000
vt 0.9167 0.8571
vt 0.8333 0.8571
vt 0.9167 1.0000
vt 1.0000 1.0000
vt 1.0000 0.8571
vt 0.9167 0.8571
vt 0.0000 0.8571
vt 0.0833 0.8571
vt 0.0833 0.7143
vt 0.0000 0.7143
vt 0.0833 0.8571
vt 0.1667 0.8571
vt 0.1667 0.7143
vt 0.0833 0.7143
vt 0.1667 0.8571
vt 0.2500 0.8571
vt 0.2500 0.7143
vt 0.1667 0.7143
vt 0.2500 0.8571
vt 0.3333 0.8571
vt 0.3333 0.7143
vt 0.2500 0.7143
vt 0.3333 0.8571
vt 0.4167 0.8571
vt 0.4167 0.7143
vt 0.3333 0.7143
vt 0.4167 0.8571
vt 0.5000 0.8571
vt 0.5000 0.7143
vt 0.4167 0.7143
vt 0.5000 0.8571
vt 0.5833 0.8571
vt 0.5833 0.7143
vt 0.5000 0.7143
vt 0.5833 0.8571
vt 0.6667 0.8571
vt 0.6667 0.7143
vt 0.5833 0.7143
vt 0.6667 0.8571
vt 0.7500 0.8571
vt 0.7500 0.7143
vt 0.6667 0.7143
vt 0.7500 0.8571
vt 0.8333 0.8571
vt 0.8333 0.7143
vt 0.7500 0.7143
vt 0.8333 0.8571
vt 0.9167 0.8571
vt 0.9167 0.7143
vt 0.8333 0.7143
vt 0.9167 0.8571
vt 1.0000 0.8571
vt 1.0000 0.7143
vt 0.9167 0.7143
vt 0.0000 0.7143
vt 0.0833 0.7143
vt 0.0833 0.5714
vt 0.0000 0.5714
vt 0.0833 0.7143
vt 0.1667 0.7143
vt 0.1667 0.5714
vt 0.0833 0.5714
vt 0.1667 0.7143
vt 0.2500 0.7143
vt 0.2500 0.5714
vt 0.1667 0.5714
vt 0.2500 0.7143
vt 0.3333 0.7143
vt 0.3333 0.5714
vt 0.2500 0.5714
vt 0.3333 0.7143
vt 0.4167 0.7143
vt 0.4167 0.5714
vt 0.3333 0.5714
vt 0.4167 0.7143
vt 0.5000 0.7143
vt 0.5000 0.5714
vt 0.4167 0.5714
vt 0.5000 0.7143
vt 0.5833 0.7143
vt 0.5833 0.5714
vt 0.5000 0.5714
vt 0.5833 0.7143
vt 0.6667 0.7143
vt 0.6667 0.5714
vt 0.5833 0.5714
vt 0.6667 0.7143
vt 0.7500 0.7143
vt 0.7500 0.5714
vt 0.6667 0.5714
vt 0.7500 0.7143
vt 0.8333 0.7143
vt 0.8333 0.5714
vt 0.7500 0.5714
vt 0.8333 0.7143
vt 0.9167 0.7143
vt 0.9167 0.5714
vt 0.8333 0.5714
vt 0.9167 0.7143
vt 1.0000 0.7143
vt 1.0000 0.5714
vt 0.9167 0.5714
vt 0.0000 0.5714
vt 0.0833 0.5714
vt 0.0833 0.4286
vt 0.0000 0.4286
vt 0.0833 0.5714
vt 0.1667 0.5714
vt 0.1667 0.4286
vt 0.0833 0.4286
vt 0.1667 0.5714
vt 0.2500 0.5714
vt 0.2500 0.4286
vt 0.1667 0.4286
vt 0.2500 0.5714
vt 0.3333 0.5714
vt 0.3333 0.4286
vt 0.2500 0.4286
vt 0.3333 0.5714
vt 0.4167 0.5714
vt 0.4167 0.4286
vt 0.3333 0.4286
vt 0.4167 0.5714
vt 0.5000 0.5714
vt 0.5000 0.4286
vt 0.4167 0.4286
vt 0.5000 0.5714
vt 0.5833 0.5714
vt 0.5833 0.4286
vt 0.5000 0.4286
vt 0.5833 0.5714
vt 0.6667 0.5714
vt 0.6667 0.4286
vt 0.5833 0.4286
vt 0.6667 0.5714
vt 0.7500 0.5714
vt 0.7500 0.4286
vt 0.6667 0.4286
vt 0.7500 0.5714
vt 0.8333 0.5714
vt 0.8333 0.4286
vt 0.7500 0.4286
vt 0.8333 0.5714
vt 0.9167 0.5714
vt 0.9167 0.4286
vt 0.8333 0.4286
vt 0.9167 0.5714
vt 1.0000 0.5714
vt 1.0000 0.4286
vt 0.9167 0.4286
vt 0.0000 0.4286
vt 0.0833 0.4286
vt 0.0833 0.2857
vt 0.0000 0.2857
vt 0.0833 0.4286
vt 0.1667 0.4286
vt 0.1667 0.2857
vt 0.0833 0.2857
vt 0.1667 0.4286
vt 0.2500 0.4286
vt 0.2500 0.2857
vt 0.1667 0.2857
vt 0.2500 0.4286
vt 0.3333 0.4286
vt 0.3333 0.2857
vt 0.2500 0.2857
vt 0.3333 0.4286
vt 0.4167 0.4286
vt 0.4167 0.2857
vt 0.3333 0.2857
vt 0.4167 0.4286
vt 0.5000 0.4286
vt 0.5000 0.2857
vt 0.4167 0.2857
vt 0.5000 0.4286
vt 0.5833 0.4286
vt 0.5833 0.2857
vt 0.5000 0.2857
vt 0.5833 0.4286
vt 0.6667 0.4286
vt 0.6667 0.2857
vt 0.5833 0.2857
vt 0.6667 0.4286
vt 0.7500 0.4286
vt 0.7500 0.2857
vt 0.6667 0.2857
vt 0.7500 0.4286
vt 0.8333 0.4286
vt 0.8333 0.2857
vt 0.7500 0.2857
vt 0.8333 0.4286
vt 0.9167 0.4286
vt 0.9167 0.2857
vt 0.8333 0.2857
vt 0.9167 0.4286
vt 1.0000 0.4286
vt 1.0000 0.2857
vt 0.9167 0.2857
vt 0.0000 0.2857
vt 0.0833 0.2857
vt 0.0833 0.1429
vt 0.0000 0.1429
vt 0.0833 0.2857
vt 0.1667 0.2857
vt 0.1667 0.1429
vt 0.0833 0.1429
vt 0.1667 0.2857
vt 0.2500 0.2857
vt 0.2500 0.1429
vt 0.1667 0.1429
vt 0.2500 0.2857
vt 0.3333 0.2857
vt 0.3333 0.1429
vt 0.2500 0.1429
vt 0.3333 0.2857
vt 0.4167 0.2857
vt 0.4167 0.1429
vt 0.3333 0.1429
vt 0.4167 0.2857
vt 0.5000 0.2857
vt 0.5000 0.1429
vt 0.4167 0.1429
vt 0.5000 0.2857
vt 0.5833 0.2857
vt 0.5833 0.1429
vt 0.5000 0.1429
vt 0.5833 0.2857
vt 0.6667 0.2857
vt 0.6667 0.1429
vt 0.5833 0.1429
vt 0.6667 0.2857
vt 0.7500 0.2857
vt 0.7500 0.1429
vt 0.6667 0.1429
vt 0.7500 0.2857
vt 0.8333 0.2857
vt 0.8333 0.1429
vt 0.7500 0.1429
vt 0.8333 0.2857
vt 0.9167 0.2857
vt 0.9167 0.1429
vt 0.8333 0.1429
vt 0.9167 0.2857
vt 1.0000 0.2857
vt 1.0000 0.1429
vt 0.9167 0.1429
vt 0.0000 0.1429
vt 0.0833 0.1429
vt 0.0833 0.0000
vt 0.0000 0.0000
vt 0.0833 0.1429
vt 0.1667 0.1429
vt 0.1667 0.0000
vt 0.0833 0.0000
vt 0.1667 0.1429
vt 0.2500 0.1429
vt 0.2500 0.0000
vt 0.1667 0.0000
vt 0.2500 0.1429
vt 0.3333 0.1429
vt 0.3333 0.0000
vt 0.2500 0.0000
vt 0.3333 0.1429
vt 0.4167 0.1429
vt 0.4167 0.0000
vt 0.3333 0.0000
vt 0.4167 0.1429
vt 0.5000 0.1429
vt 0.5000 0.0000
vt 0.4167 0.0000
vt 0.5000 0.1429
vt 0.5833 0.1429
vt 0.5833 0.0000
vt 0.5000 0.0000
vt 0.5833 0.1429
vt 0.6667 0.1429
vt 0.6667 0.0000
vt 0.5833 0.0000
vt 0.6667 0.1429
vt 0.7500 0.1429
vt 0.7500 0.0000
vt 0.6667 0.0000
vt 0.7500 0.1429
vt 0.8333 0.1429
vt 0.8333 0.0000
vt 0.7500 0.0000
vt 0.8333 0.1429
vt 0.9167 0.1429
vt 0.9167 0.0000
vt 0.8333 0.0000
vt 0.9167 0.1429
vt 1.0000 0.1429
vt 1.0000 0.0000
vt 0.9167 0.0000
vt 0.0000 0.0000
vt 0.0714 0.0000
vt 0.0714 0.1667
vt 0.0000 0.1667
vt 0.0714 0.0000
vt 0.1429 0.0000
vt 0.1429 0.1667
vt 0.0714 0.1667
vt 0.1429 0.0000
vt 0.2143 0.0000
vt 0.2143 0.1667
vt 0.1429 0.1667
vt 0.2143 0.0000
vt 0.2857 0.0000
vt 0.2857 0.1667
vt 0.2143 0.1667
vt 0.2857 0.0000
vt 0.3571 0.0000
vt 0.3571 0.1667
vt 0.2857 0.1667
vt 0.3571 0.0000
vt 0.4286 0.0000
vt 0.4286 0.1667
vt 0.3571 0.1667
vt 0.4286 0.0000
vt 0.5000 0.0000
vt 0.5000 0.1667
vt 0.4286 0.1667
vt 0.5000 0.0000
vt 0.5714 0.0000
vt 0.5714 0.1667
vt 0.5000 0.1667
vt 0.5714 0.0000
vt 0.6429 0.0000
vt 0.6429 0.1667
vt 0.5714 0.1667
vt 0.6429 0.0000
vt 0.7143 0.0000
vt 0.7143 0.1667
vt 0.6429 0.1667
vt 0.7143 0.0000
vt 0.7857 0.0000
vt 0.7857 0.1667
vt 0.7143 0.1667
vt 0.7857 0.0000
vt 0.8571 0.0000
vt 0.8571 0.1667
vt 0.7857 0.1667
vt 0.8571 0.0000
vt 0.9286 0.0000
vt 0.9286 0.1667
vt 0.8571 0.1667
vt 0.9286 0.0000
vt 1.0000 0.0000
vt 1.0000 0.1667
vt 0.9286 0.1667
vt 0.0000 0.1667
vt 0.0714 0.1667
vt 0.0714 0.3333
vt 0.0000 0.3333
vt 0.0714 0.1667
vt 0.1429 0.1667
vt 0.1429 0.3333
vt 0.0714 0.3333
vt 0.1429 0.1667
vt 0.2143 0.1667
vt 0.2143 0.3333
vt 0.1429 0.3333
vt 0.2143 0.1667
vt 0.2857 0.1667
vt 0.2857 0.3333
vt 0.2143 0.3333
vt 0.2857 0.1667
vt 0.3571 0.1667
vt 0.3571 0.3333
vt 0.2857 0.3333
vt 0.3571 0.1667
vt 0.4286 0.1667
vt 0.4286 0.3333
vt 0.3571 0.3333
vt 0.4286 0.1667
vt 0.5000 0.1667
vt 0.5000 0.3333
vt 0.4286 0.3333
vt 0.5000 0.1667
vt 0.5714 0.1667
vt 0.5714 0.3333
vt 0.5000 0.3333
vt 0.5714 0.1667
vt 0.6429 0.1667
vt 0.6429 0.3333
vt 0.5714 0.3333
vt 0.6429 0.1667
vt 0.7143 0.1667
vt 0.7143 0.3333
vt 0.6429 0.3333
vt 0.7143 0.1667
vt 0.7857 0.1667
vt 0.7857 0.3333
vt 0.7143 0.3333
vt 0.7857 0.1667
vt 0.8571 0.1667
vt 0.8571 0.3333
vt 0.7857 0.3333
vt 0.8571 0.1667
vt 0.9286 0.1667
vt 0.9286 0.3333
vt 0.8571 0.3333
vt 0.9286 0.1667
vt 1.0000 0.1667
vt 1.0000 0.3333
vt 0.9286 0.3333
vt 0.0000 0.3333
vt 0.0714 0.3333
vt 0.0714 0.5000
vt 0.0000 0.5000
vt 0.0714 0.3333
vt 0.1429 0.3333
vt 0.1429 0.5000
vt 0.0714 0.5000
vt 0.1429 0.3333
vt 0.2143 0.3333
vt 0.2143 0.5000
vt 0.1429 0.5000
vt 0.2143 0.3333
vt 0.2857 0.3333
vt 0.2857 0.5000
vt 0.2143 0.5000
vt 0.2857 0.3333
vt 0.3571 0.3333
vt 0.3571 0.5000
vt 0.2857 0.5000
vt 0.3571 0.3333
vt 0.4286 0.3333
vt 0.4286 0.5000
vt 0.3571 0.5000
vt 0.4286 0.3333
vt 0.5000 0.3333
vt 0.5000 0.5000
vt 0.4286 0.5000
vt 0.5000 0.3333
vt 0.5714 0.3333
vt 0.5714 0.5000
vt 0.5000 0.5000
vt 0.5714 0.3333
vt 0.6429 0.3333
vt 0.6429 0.5000
vt 0.5714 0.5000
vt 0.6429 0.3333
vt 0.7143 0.3333
vt 0.7143 0.5000
vt 0.6429 0.5000
vt 0.7143 0.3333
vt 0.7857 0.3333
vt 0.7857 0.5000
vt 0.7143 0.5000
vt 0.7857 0.3333
vt 0.8571 0.3333
vt 0.8571 0.5000
vt 0.7857 0.5000
vt 0.8571 0.3333
vt 0.9286 0.3333
vt 0.9286 0.5000
vt 0.8571 0.5000
vt 0.9286 0.3333
vt 1.0000 0.3333
vt 1.0000 0.5000
vt 0.9286 0.5000
vt 0.0000 0.5000
vt 0.0714 0.5000
vt 0.0714 0.6667
vt 0.0000 0.6667
vt 0.0714 0.5000
vt 0.1429 0.5000
vt 0.1429 0.6667
vt 0.0714 0.6667
vt 0.1429 0.5000
vt 0.2143 0.5000
vt 0.2143 0.6667
vt 0.1429 0.6667
vt 0.2143 0.5000
vt 0.2857 0.5000
vt 0.2857 0.6667
vt 0.2143 0.6667
vt 0.2857 0.5000
vt 0.3571 0.5000
vt 0.3571 0.6667
vt 0.2857 0.6667
vt 0.3571 0.5000
vt 0.4286 0.5000
vt 0.4286 0.6667
vt 0.3571 0.6667
vt 0.4286 0.5000
vt 0.5000 0.5000
vt 0.5000 0.6667
vt 0.4286 0.6667
vt 0.5000 0.5000
vt 0.5714 0.5000
vt 0.5714 0.6667
vt 0.5000 0.6667
vt 0.5714 0.5000
vt 0.6429 0.5000
vt 0.6429 0.6667
vt 0.5714 0.6667
vt 0.6429 0.5000
vt 0.7143 0.5000
vt 0.7143 0.6667
vt 0.6429 0.6667
vt 0.7143 0.5000
vt 0.7857 0.5000
vt 0.7857 0.6667
vt 0.7143 0.6667
vt 0.7857 0.5000
vt 0.8571 0.5000
vt 0.8571 0.6667
vt 0.7857 0.6667
vt 0.8571 0.5000
vt 0.9286 0.5000
vt 0.9286 0.6667
vt 0.8571 0.6667
vt 0.9286 0.5000
vt 1.0000 0.5000
vt 1.0000 0.6667
vt 0.9286 0.6667
vt 0.0000 0.6667
vt 0.0714 0.6667
vt 0.0714 0.8333
vt 0.0000 0.8333
vt 0.0714 0.6667
vt 0.1429 0.6667
vt 0.1429 0.8333
vt 0.0714 0.8333
vt 0.1429 0.6667
vt 0.2143 0.6667
vt 0.2143 0.8333
vt 0.1429 0.8333
vt 0.2143 0.6667
vt 0.2857 0.6667
vt 0.2857 0.8333
vt 0.2143 0.8333
vt 0.2857 0.6667
vt 0.3571 0.6667
vt 0.3571 0.8333
vt 0.2857 0.8333
vt 0.3571 0.6667
vt 0.4286 0.6667
vt 0.4286 0.8333
vt 0.3571 0.8333
vt 0.4286 0.6667
vt 0.5000 0.6667
vt 0.5000 0.8333
vt 0.4286 0.8333
vt 0.5000 0.6667
vt 0.5714 0.6667
vt 0.5714 0.8333
vt 0.5000 0.8333
vt 0.5714 0.6667
vt 0.6429 0.6667
vt 0.6429 0.8333
vt 0.5714 0.8333
vt 0.6429 0.6667
vt 0.7143 0.6667
vt 0.7143 0.8333
vt 0.6429 0.8333
vt 0.7143 0.6667
vt 0.7857 0.6667
vt 0.7857 0.8333
vt 0.7143 0.8333
vt 0.7857 0.6667
vt 0.8571 0.6667
vt 0.8571 0.8333
vt 0.7857 0.8333
vt 0.8571 0.6667
vt 0.9286 0.6667
vt 0.9286 0.8333
vt 0.8571 0.8333
vt 0.9286 0.6667
vt 1.0000 0.6667
vt 1.0000 0.8333
vt 0.9286 0.8333
vt 0.0000 0.8333
vt 0.0714 0.8333
vt 0.0714 1.0000
vt 0.0000 1.0000
vt 0.0714 0.8333
vt 0.1429 0.8333
vt 0.1429 1.0000
vt 0.0714 1.0000
vt 0.1429 0.8333
vt 0.2143 0.8333
vt 0.2143 1.0000
vt 0.1429 1.0000
vt 0.2143 0.8333
vt 0.2857 0.8333
vt 0.2857 1.0000
vt 0.2143 1.0000
vt 0.2857 0.8333
vt 0.3571 0.8333
vt 0.3571 1.0000
vt 0.2857 1.0000
vt 0.3571 0.8333
vt 0.4286 0.8333
vt 0.4286 1.0000
vt 0.3571 1.0000
vt 0.4286 0.8333
vt 0.5000 0.8333
vt 0.5000 1.0000
vt 0.4286 1.0000
vt 0.5000 0.8333
vt 0.5714 0.8333
vt 0.5714 1.0000
vt 0.5000 1.0000
vt 0.5714 0.8333
vt 0.6429 0.8333
vt 0.6429 1.0000
vt 0.5714 1.0000
vt 0.6429 0.8333
vt 0.7143 0.8333
vt 0.7143 1.0000
vt 0.6429 1.0000
vt 0.7143 0.8333
vt 0.7857 0.8333
vt 0.7857 1.0000
vt 0.7143 1.0000
vt 0.7857 0.8333
vt 0.8571 0.8333
vt 0.8571 1.0000
vt 0.7857 1.0000
vt 0.8571 0.8333
vt 0.9286 0.8333
vt 0.9286 1.0000
vt 0.8571 1.0000
vt 0.9286 0.8333
vt 1.0000 0.8333
vt 1.0000 1.0000
vt 0.9286 1.0000
vt 0.0000 0.0000
vt 0.0833 0.0000
vt 0.0833 0.2000
vt 0.0000 0.2000
vt 0.0833 0.0000
vt 0.1667 0.0000
vt 0.1667 0.2000
vt 0.0833 0.2000
vt 0.1667 0.0000
vt 0.2500 0.0000
vt 0.2500 0.2000
vt 0.1667 0.2000
vt 0.2500 0.0000
vt 0.3333 0.0000
vt 0.3333 0.2000
vt 0.2500 0.2000
vt 0.3333 0.0000
vt 0.4167 0.0000
vt 0.4167 0.2000
vt 0.3333 0.2000
vt 0.4167 0.0000
vt 0.5000 0.0000
vt 0.5000 0.2000
vt 0.4167 0.2000
vt 0.5000 0.0000
vt 0.5833 0.0000
vt 0.5833 0.2000
vt 0.5000 0.2000
vt 0.5833 0.0000
vt 0.6667 0.0000
vt 0.6667 0.2000
vt 0.5833 0.2000
vt 0.6667 0.0000
vt 0.7500 0.0000
vt 0.7500 0.2000
vt 0.6667 0.2000
vt 0.7500 0.0000
vt 0.8333 0.0000
vt 0.8333 0.2000
vt 0.7500 0.2000
vt 0.8333 0.0000
vt 0.9167 0.0000
vt 0.9167 0.2000
vt 0.8333 0.2000
vt 0.9167 0.0000
vt 1.0000 0.0000
vt 1.0000 0.2000
vt 0.9167 0.2000
vt 0.0000 0.2000
vt 0.0833 0.2000
vt 0.0833 0.4000
vt 0.0000 0.4000
vt 0.0833 0.2000
vt 0.1667 0.2000
vt 0.1667 0.4000
vt 0.0833 0.4000
vt 0.1667 0.2000
vt 0.2500 0.2000
vt 0.2500 0.4000
vt 0.1667 0.4000
vt 0.2500 0.2000
vt 0.3333 0.2000
vt 0.3333 0.4000
vt 0.2500 0.4000
vt 0.3333 0.2000
vt 0.4167 0.2000
vt 0.4167 0.4000
vt 0.3333 0.4000
vt 0.4167 0.2000
vt 0.5000 0.2000
vt 0.5000 0.4000
vt 0.4167 0.4000
vt 0.5000 0.2000
vt 0.5833 0.2000
vt 0.5833 0.4000
vt 0.5000 0.4000
vt 0.5833 0.2000
vt 0.6667 0.2000
vt 0.6667 0.4000
vt 0.5833 0.4000
vt 0.6667 0.2000
vt 0.7500 0.2000
vt 0.7500 0.4000
vt 0.6667 0.4000
vt 0.7500 0.2000
vt 0.8333 0.2000
vt 0.8333 0.4000
vt 0.7500 0.4000
vt 0.8333 0.2000
vt 0.9167 0.2000
vt 0.9167 0.4000
vt 0.8333 0.4000
vt 0.9167 0.2000
vt 1.0000 0.2000
vt 1.0000 0.4000
vt 0.9167 0.4000
vt 0.0000 0.4000
vt 0.0833 0.4000
vt 0.0833 0.6000
vt 0.0000 0.6000
vt 0.0833 0.4000
vt 0.1667 0.4000
vt 0.1667 0.6000
vt 0.0833 0.6000
vt 0.1667 0.4000
vt 0.2500 0.4000
vt 0.2500 0.6000
vt 0.1667 0.6000
vt 0.2500 0.4000
vt 0.3333 0.4000
vt 0.3333 0.6000
vt 0.2500 0.6000
vt 0.3333 0.4000
vt 0.4167 0.4000
vt 0.4167 0.6000
vt 0.3333 0.6000
vt 0.4167 0.4000
vt 0.5000 0.4000
vt 0.5000 0.6000
vt 0.4167 0.6000
vt 0.5000 0.4000
vt 0.5833 0.4000
vt 0.5833 0.6000
vt 0.5000 0.6000
vt 0.5833 0.4000
vt 0.6667 0.4000
vt 0.6667 0.6000
vt 0.5833 0.6000
vt 0.6667 0.4000
vt 0.7500 0.4000
vt 0.7500 0.6000
vt 0.6667 0.6000
vt 0.7500 0.4000
vt 0.8333 0.4000
vt 0.8333 0.6000
vt 0.7500 0.6000
vt 0.8333 0.4000
vt 0.9167 0.4000
vt 0.9167 0.6000
vt 0.8333 0.6000
vt 0.9167 0.4000
vt 1.0000 0.4000
vt 1.0000 0.6000
vt 0.9167 0.6000
vt 0.0000 0.6000
vt 0.0833 0.6000
vt 0.0833 0.8000
vt 0.0000 0.8000
vt 0.0833 0.6000
vt 0.1667 0.6000
vt 0.1667 0.8000
vt 0.0833 0.8000
vt 0.1667 0.6000
vt 0.2500 0.6000
vt 0.2500 0.8000
vt 0.1667 0.8000
vt 0.2500 0.6000
vt 0.3333 0.6000
vt 0.3333 0.8000
vt 0.2500 0.8000
vt 0.3333 0.6000
vt 0.4167 0.6000
vt 0.4167 0.8000
vt 0.3333 0.8000
vt 0.4167 0.6000
vt 0.5000 0.6000
vt 0.5000 0.8000
vt 0.4167 0.8000
vt 0.5000 0.6000
vt 0.5833 0.6000
vt 0.5833 0.8000
vt 0.5000 0.8000
vt 0.5833 0.6000
vt 0.6667 0.6000
vt 0.6667 0.8000
vt 0.5833 0.8000
vt 0.6667 0.6000
vt 0.7500 0.6000
vt 0.7500 0.8000
vt 0.6667 0.8000
vt 0.7500 0.6000
vt 0.8333 0.6000
vt 0.8333 0.8000
vt 0.7500 0.8000
vt 0.8333 0.6000
vt 0.9167 0.6000
vt 0.9167 0.8000
vt 0.8333 0.8000
vt 0.9167 0.6000
vt 1.0000 0.6000
vt 1.0000 0.8000
vt 0.9167 0.8000
vt 0.0000 0.8000
vt 0.0833 0.8000
vt 0.0833 1.0000
vt 0.0000 1.0000
vt 0.0833 0.8000
vt 0.1667 0.8000
vt 0.1667 1.0000
vt 0.0833 1.0000
vt 0.1667 0.8000
vt 0.2500 0.8000
vt 0.2500 1.0000
vt 0.1667 1.0000
vt 0.2500 0.8000
vt 0.3333 0.8000
vt 0.3333 1.0000
vt 0.2500 1.0000
vt 0.3333 0.8000
vt 0.4167 0.8000
vt 0.4167 1.0000
vt 0.3333 1.0000
vt 0.4167 0.8000
vt 0.5000 0.8000
vt 0.5000 1.0000
vt 0.4167 1.0000
vt 0.5000 0.8000
vt 0.5833 0.8000
vt 0.5833 1.0000
vt 0.5000 1.0000
vt 0.5833 0.8000
vt 0.6667 0.8000
vt 0.6667 1.0000
vt 0.5833 1.0000
vt 0.6667 0.8000
vt 0.7500 0.8000
vt 0.7500 1.0000
vt 0.6667 1.0000
vt 0.7500 0.8000
vt 0.8333 0.8000
vt 0.8333 1.0000
vt 0.7500 1.0000
vt 0.8333 0.8000
vt 0.9167 0.8000
vt 0.9167 1.0000
vt 0.8333 1.0000
vt 0.9167 0.8000
vt 1.0000 0.8000
vt 1.0000 1.0000
vt 0.9167 1.0000
vt 0.0000 1.0000
vt 0.0833 1.0000
vt 0.0833 0.8333
vt 0.0000 0.8333
vt 0.0833 1.0000
vt 0.1667 1.0000
vt 0.1667 0.8333
vt 0.0833 0.8333
vt 0.1667 1.0000
vt 0.2500 1.0000
vt 0.2500 0.8333
vt 0.1667 0.8333
vt 0.2500 1.0000
vt 0.3333 1.0000
vt 0.3333 0.8333
vt 0.2500 0.8333
vt 0.3333 1.0000
vt 0.4167 1.0000
vt 0.4167 0.8333
vt 0.3333 0.8333
vt 0.4167 1.0000
vt 0.5000 1.0000
vt 0.5000 0.8333
vt 0.4167 0.8333
vt 0.5000 1.0000
vt 0.5833 1.0000
vt 0.5833 0.8333
vt 0.5000 0.8333
vt 0.5833 1.0000
vt 0.6667 1.0000
vt 0.6667 0.8333
vt 0.5833 0.8333
vt 0.6667 1.0000
vt 0.7500 1.0000
vt 0.7500 0.8333
vt 0.6667 0.8333
vt 0.7500 1.0000
vt 0.8333 1.0000
vt 0.8333 0.8333
vt 0.7500 0.8333
vt 0.8333 1.0000
vt 0.9167 1.0000
vt 0.9167 0.8333
vt 0.8333 0.8333
vt 0.9167 1.0000
vt 1.0000 1.0000
vt 1.0000 0.8333
vt 0.9167 0.8333
vt 0.0000 0.8333
vt 0.0833 0.8333
vt 0.0833 0.6667
vt 0.0000 0.6667
vt 0.0833 0.8333
vt 0.1667 0.8333
vt 0.1667 0.6667
vt 0.0833 0.6667
vt 0.1667 0.8333
vt 0.2500 0.8333
vt 0.2500 0.6667
vt 0.1667 0.6667
vt 0.2500 0.8333
vt 0.3333 0.8333
vt 0.3333 0.6667
vt 0.2500 0.6667
vt 0.3333 0.8333
vt 0.4167 0.8333
vt 0.4167 0.6667
vt 0.3333 0.6667
vt 0.4167 0.8333
vt 0.5000 0.8333
vt 0.5000 0.6667
vt 0.4167 0.6667
vt 0.5000 0.8333
vt 0.5833 0.8333
vt 0.5833 0.6667
vt 0.5000 0.6667
vt 0.5833 0.8333
vt 0.6667 0.8333
vt 0.6667 0.6667
vt 0.5833 0.6667
vt 0.6667 0.8333
vt 0.7500 0.8333
vt 0.7500 0.6667
vt 0.6667 0.6667
vt 0.7500 0.8333
vt 0.8333 0.8333
vt 0.8333 0.6667
vt 0.7500 0.6667
vt 0.8333 0.8333
vt 0.9167 0.8333
vt 0.9167 0.6667
vt 0.8333 0.6667
vt 0.9167 0.8333
vt 1.0000 0.8333
vt 1.0000 0.6667
vt 0.9167 0.6667
vt 0.0000 0.6667
vt 0.0833 0.6667
vt 0.0833 0.5000
vt 0.0000 0.5000
vt 0.0833 0.6667
vt 0.1667 0.6667
vt 0.1667 0.5000
vt 0.0833 0.5000
vt 0.1667 0.6667
vt 0.2500 0.6667
vt 0.2500 0.5000
vt 0.1667 0.5000
vt 0.2500 0.6667
vt 0.3333 0.6667
vt 0.3333 0.5000
vt 0.2500 0.5000
vt 0.3333 0.6667
vt 0.4167 0.6667
vt 0.4167 0.5000
vt 0.3333 0.5000
vt 0.4167 0.6667
vt 0.5000 0.6667
vt 0.5000 0.5000
vt 0.4167 0.5000
vt 0.5000 0.6667
vt 0.5833 0.6667
vt 0.5833 0.5000
vt 0.5000 0.5000
vt 0.5833 0.6667
vt 0.6667 0.6667
vt 0.6667 0.5000
vt 0.5833 0.5000
vt 0.6667 0.6667
vt 0.7500 0.6667
vt 0.7500 0.5000
vt 0.6667 0.5000
vt 0.7500 0.6667
vt 0.8333 0.6667
vt 0.8333 0.5000
vt 0.7500 0.5000
vt 0.8333 0.6667
vt 0.9167 0.6667
vt 0.9167 0.5000
vt 0.8333 0.5000
vt 0.9167 0.6667
vt 1.0000 0.6667
vt 1.0000 0.5000
vt 0.9167 0.5000
vt 0.0000 0.5000
vt 0.0833 0.5000
vt 0.0833 0.3333
vt 0.0000 0.3333
vt 0.0833 0.5000
vt 0.1667 0.5000
vt 0.1667 0.3333
vt 0.0833 0.3333
vt 0.1667 0.5000
vt 0.2500 0.5000
vt 0.2500 0.3333
vt 0.1667 0.3333
vt 0.2500 0.5000
vt 0.3333 0.5000
vt 0.3333 0.3333
vt 0.2500 0.3333
vt 0.3333 0.5000
vt 0.4167 0.5000
vt 0.4167 0.3333
vt 0.3333 0.3333
vt 0.4167 0.5000
vt 0.5000 0.5000
vt 0.5000 0.3333
vt 0.4167 0.3333
vt 0.5000 0.5000
vt 0.5833 0.5000
vt 0.5833 0.3333
vt 0.5000 0.3333
vt 0.5833 0.5000
vt 0.6667 0.5000
vt 0.6667 0.3333
vt 0.5833 0.3333
vt 0.6667 0.5000
vt 0.7500 0.5000
vt 0.7500 0.3333
vt 0.6667 0.3333
vt 0.7500 0.5000
vt 0.8333 0.5000
vt 0.8333 0.3333
vt 0.7500 0.3333
vt 0.8333 0.5000
vt 0.9167 0.5000
vt 0.9167 0.3333
vt 0.8333 0.3333
vt 0.9167 0.5000
vt 1.0000 0.5000
vt 1.0000 0.3333
vt 0.9167 0.3333
vt 0.0000 0.3333
vt 0.0833 0.3333
vt 0.0833 0.1667
vt 0.0000 0.1667
vt 0.0833 0.3333
vt 0.1667 0.3333
vt 0.1667 0.1667
vt 0.0833 0.1667
vt 0.1667 0.3333
vt 0.2500 0.3333
vt 0.2500 0.1667
vt 0.1667 0.1667
vt 0.2500 0.3333
vt 0.3333 0.3333
vt 0.3333 0.1667
vt 0.2500 0.1667
vt 0.3333 0.3333
vt 0.4167 0.3333
vt 0.4167 0.1667
vt 0.3333 0.1667
vt 0.4167 0.3333
vt 0.5000 0.3333
vt 0.5000 0.1667
vt 0.4167 0.1667
vt 0.5000 0.3333
vt 0.5833 0.3333
vt 0.5833 0.1667
vt 0.5000 0.1667
vt 0.5833 0.3333
vt 0.6667 0.3333
vt 0.6667 0.1667
vt 0.5833 0.1667
vt 0.6667 0.3333
vt 0.7500 0.3333
vt 0.7500 0.1667
vt 0.6667 0.1667
vt 0.7500 0.3333
vt 0.8333 0.3333
vt 0.8333 0.1667
vt 0.7500 0.1667
vt 0.8333 0.3333
vt 0.9167 0.3333
vt 0.9167 0.1667
vt 0.8333 0.1667
vt 0.9167 0.3333
vt 1.0000 0.3333
vt 1.0000 0.1667
vt 0.9167 0.1667
vt 0.0000 0.1667
vt 0.0833 0.1667
vt 0.0833 0.0000
vt 0.0000 0.0000
vt 0.0833 0.1667
vt 0.1667 0.1667
vt 0.1667 0.0000
vt 0.0833 0.0000
vt 0.1667 0.1667
vt 0.2500 0.1667
vt 0.2500 0.0000
vt 0.1667 0.0000
vt 0.2500 0.1667
vt 0.3333 0.1667
vt 0.3333 0.0000
vt 0.2500 0.0000
vt 0.3333 0.1667
vt 0.4167 0.1667
vt 0.4167 0.0000
vt 0.3333 0.0000
vt 0.4167 0.1667
vt 0.5000 0.1667
vt 0.5000 0.0000
vt 0.4167 0.0000
vt 0.5000 0.1667
vt 0.5833 0.1667
vt 0.5833 0.0000
vt 0.5000 0.0000
vt 0.5833 0.1667
vt 0.6667 0.1667
vt 0.6667 0.0000
vt 0.5833 0.0000
vt 0.6667 0.1667
vt 0.7500 0.1667
vt 0.7500 0.0000
vt 0.6667 0.0000
vt 0.7500 0.1667
vt 0.8333 0.1667
vt 0.8333 0.0000
vt 0.7500 0.0000
vt 0.8333 0.1667
vt 0.9167 0.1667
vt 0.9167 0.0000
vt 0.8333 0.0000
vt 0.9167 0.1667
vt 1.0000 0.1667
vt 1.0000 0.0000
vt 0.9167 0.0000

g skin
usemtl skin
s 1
f 1/1/1 2/2/2 22/3/22
f 1/1/1 22/3/22 21/4/21
f 2/5/2 3/6/3 23/7/23
f 2/5/2 23/7/23 22/8/22
f 3/9/3 4/10/4 24/11/24
f 3/9/3 24/11/24 23/12/23
f 4/13/4 5/14/5 25/15/25
f 4/13/4 25/15/25 24/16/24
f 5/17/5 6/18/6 26/19/26
f 5/17/5 26/19/26 25/20/25
f 6/21/6 7/22/7 27/23/27
f 6/21/6 27/23/27 26/24/26
f 7/25/7 8/26/8 28/27/28
f 7/25/7 28/27/28 27/28/27
f 8/29/8 9/30/9 29/31/29
f 8/29/8 29/31/29 28/32/28
f 9/33/9 10/34/10 30/35/30
f 9/33/9 30/35/30 29/36/29
f 10/37/10 11/38/11 31/39/31
f 10/37/10 31/39/31 30/40/30
f 11/41/11 12/42/12 32/43/32
f 11/41/11 32/43/32 31/44/31
f 12/45/12 13/46/13 33/47/33
f 12/45/12 33/47/33 32/48/32
f 13/49/13 14/50/14 34/51/34
f 13/49/13 34/51/34 33/52/33
f 14/53/14 15/54/15 35/55/35
f 14/53/14 35/55/35 34/56/34
f 15/57/15 16/58/16 36/59/36
f 15/57/15 36/59/36 35/60/35
f 16/61/16 17/62/17 37/63/37
f 16/61/16 37/63/37 36/64/36
f 17/65/17 18/66/18 38/67/38
f 17/65/17 38/67/38 37/68/37
f 18/69/18 19/70/19 39/71/39
f 18/69/18 39/71/39 38/72/38
f 19/73/19 20/74/20 40/75/40
f 19/73/19 40/75/40 39/76/39
f 20/77/20 1/78/1 21/79/21
f 20/77/20 21/79/21 40/80/40
f 21/81/21 22/82/22 42/83/42
f 21/81/21 42/83/42 41/84/41
f 22/85/22 23/86/23 43/87/43
f 22/85/22 43/87/43 42/88/42
f 23/89/23 24/90/24 44/91/44
f 23/89/23 44/91/44 43/92/43
f 24/93/24 25/94/25 45/95/45
f 24/93/24 45/95/45 44/96/44
f 25/97/25 26/98/26 46/99/46
f 25/97/25 46/99/46 45/100/45
f 26/101/26 27/102/27 47/103/47
f 26/101/26 47/103/47 46/104/46
f 27/105/27 28/106/28 48/107/48
f 27/105/27 48/107/48 47/108/47
f 28/109/28 29/110/29 49/111/49
f 28/109/28 49/111/49 48/112/48
f 29/113/29 30/114/30 50/115/50
f 29/113/29 50/115/50 49/116/49
f 30/117/30 31/118/31 51/119/51
f 30/117/30 51/119/51 50/120/50
f 31/121/31 32/122/32 52/123/52
f 31/121/31 52/123/52 51/124/51
f 32/125/32 33/126/33 53/127/53
f 32/125/32 53/127/53 52/128/52
f 33/129/33 34/130/34 54/131/54
f 33/129/33 54/131/54 53/132/53
f 34/133/34 35/134/35 55/135/55
f 34/133/34 55/135/55 54/136/54
f 35/137/35 36/138/36 56/139/56
f 35/137/35 56/139/56 55/140/55
f 36/141/36 37/142/37 57/143/57
f 36/141/36 57/143/57 56/144/56
f 37/145/37 38/146/38 58/147/58
f 37/145/37 58/147/58 57/148/57
f 38/149/38 39/150/39 59/151/59
f 38/149/38 59/151/59 58/152/58
f 39/153/39 40/154/40 60/155/60
f 39/153/39 60/155/60 59/156/59
f 40/157/40 21/158/21 41/159/41
f 40/157/40 41/159/41 60/160/60
f 41/161/41 42/162/42 62/163/62
f 41/161/41 62/163/62 61/164/61
f 42/165/42 43/166/43 63/167/63
f 42/165/42 63/167/63 62/168/62
f 43/169/43 44/170/44 64/171/64
f 43/169/43 64/171/64 63/172/63
f 44/173/44 45/174/45 65/175/65
f 44/173/44 65/175/65 64/176/64
f 45/177/45 46/178/46 66/179/66
f 45/177/45 66/179/66 65/180/65
f 46/181/46 47/182/47 67/183/67
f 46/181/46 67/183/67 66/184/66
f 47/185/47 48/186/48 68/187/68
f 47/185/47 68/187/68 67/188/67
f 48/189/48 49/190/49 69/191/69
f 48/189/48 69/191/69 68/192/68
f 49/193/49 50/194/50 70/195/70
f 49/193/49 70/195/70 69/196/69
f 50/197/50 51/198/51 71/199/71
f 50/197/50 71/199/71 70/200/70
f 51/201/51 52/202/52 72/203/72
f 51/201/51 72/203/72 71/204/71
f 52/205/52 53/206/53 73/207/73
f 52/205/52 73/207/73 72/208/72
f 53/209/53 54/210/54 74/211/74
f 53/209/53 74/211/74 73/212/73
f 54/213/54 55/214/55 75/215/75
f 54/213/54 75/215/75 74/216/74
f 55/217/55 56/218/56 76/219/76
f 55/217/55 76/219/76 75/220/75
f 56/221/56 57/222/57 77/223/77
f 56/221/56 77/223/77 76/224/76
f 57/225/57 58/226/58 78/227/78
f 57/225/57 78/227/78 77/228/77
f 58/229/58 59/230/59 79/231/79
f 58/229/58 79/231/79 78/232/78
f 59/233/59 60/234/60 80/235/80
f 59/233/59 80/235/80 79/236/79
f 60/237/60 41/238/41 61/239/61
f 60/237/60 61/239/61 80/240/80
f 61/241/61 62/242/62 82/243/82
f 61/241/61 82/243/82 81/244/81
f 62/245/62 63/246/63 83/247/83
f 62/245/62 83/247/83 82/248/82
f 63/249/63 64/250/64 84/251/84
f 63/249/63 84/251/84 83/252/83
f 64/253/64 65/254/65 85/255/85
f 64/253/64 85/255/85 84/256/84
f 65/257/65 66/258/66 86/259/86
f 65/257/65 86/259/86 85/260/85
f 66/261/66 67/262/67 87/263/87
f 66/261/66 87/263/87 86/264/86
f 67/265/67 68/266/68 88/267/88
f 67/265/67 88/267/88 87/268/87
f 68/269/68 69/270/69 89/271/89
f 68/269/68 89/271/89 88/272/88
f 69/273/69 70/274/70 90/275/90
f 69/273/69 90/275/90 89/276/89
f 70/277/70 71/278/71 91/279/91
f 70/277/70 91/279/91 90/280/90
f 71/281/71 72/282/72 92/283/92
f 71/281/71 92/283/92 91/284/91
f 72/285/72 73/286/73 93/287/93
f 72/285/72 93/287/93 92/288/92
f 73/289/73 74/290/74 94/291/94
f 73/289/73 94/291/94 93/292/93
f 74/293/74 75/294/75 95/295/95
f 74/293/74 95/295/95 94/296/94
f 75/297/75 76/298/76 96/299/96
f 75/297/75 96/299/96 95/300/95
f 76/301/76 77/302/77 97/303/97
f 76/301/76 97/303/97 96/304/96
f 77/305/77 78/306/78 98/307/98
f 77/305/77 98/307/98 97/308/97
f 78/309/78 79/310/79 99/311/99
f 78/309/78 99/311/99 98/312/98
f 79/313/79 80/314/80 100/315/100
f 79/313/79 100/315/100 99/316/99
f 80/317/80 61/318/61 81/319/81
f 80/317/80 81/319/81 100/320/100
f 81/321/81 82/322/82 102/323/102
f 81/321/81 102/323/102 101/324/101
f 82/325/82 83/326/83 103/327/103
f 82/325/82 103/327/103 102/328/102
f 83/329/83 84/330/84 104/331/104
f 83/329/83 104/331/104 103/332/103
f 84/333/84 85/334/85 105/335/105
f 84/333/84 105/335/105 104/336/104
f 85/337/85 86/338/86 106/339/106
f 85/337/85 106/339/106 105/340/105
f 86/341/86 87/342/87 107/343/107
f 86/341/86 107/343/107 106/344/106
f 87/345/87 88/346/88 108/347/108
f 87/345/87 108/347/108 107/348/107
f 88/349/88 89/350/89 109/351/109
f 88/349/88 109/351/109 108/352/108
f 89/353/89 90/354/90 110/355/110
f 89/353/89 110/355/110 109/356/109
f 90/357/90 91/358/91 111/359/111
f 90/357/90 111/359/111 110/360/110
f 91/361/91 92/362/92 112/363/112
f 91/361/91 112/363/112 111/364/111
f 92/365/92 93/366/93 113/367/113
f 92/365/92 113/367/113 112/368/112
f 93/369/93 94/370/94 114/371/114
f 93/369/93 114/371/114 113/372/113
f 94/373/94 95/374/95 115/375/115
f 94/373/94 115/375/115 114/376/114
f 95/377/95 96/378/96 116/379/116
f 95/377/95 116/379/116 115/380/115
f 96/381/96 97/382/97 117/383/117
f 96/381/96 117/383/117 116/384/116
f 97/385/97 98/386/98 118/387/118
f 97/385/97 118/387/118 117/388/117
f 98/389/98 99/390/99 119/391/119
f 98/389/98 119/391/119 118/392/118
f 99/393/99 100/394/100 120/395/120
f 99/393/99 120/395/120 119/396/119
f 100/397/100 81/398/81 101/399/101
f 100/397/100 101/399/101 120/400/120
f 101/401/101 102/402/102 122/403/122
f 101/401/101 122/403/122 121/404/121
f 102/405/102 103/406/103 123/407/123
f 102/405/102 123/407/123 122/408/122
f 103/409/103 104/410/104 124/411/124
f 103/409/103 124/411/124 123/412/123
f 104/413/104 105/414/105 125/415/125
f 104/413/104 125/415/125 124/416/124
f 105/417/105 106/418/106 126/419/126
f 105/417/105 126/419/126 125/420/125
f 106/421/106 107/422/107 127/423/127
f 106/421/106 127/423/127 126/424/126
f 107/425/107 108/426/108 128/427/128
f 107/425/107 128/427/128 127/428/127
f 108/429/108 109/430/109 129/431/129
f 108/429/108 129/431/129 128/432/128
f 109/433/109 110/434/110 130/435/130
f 109/433/109 130/435/130 129/436/129
f 110/437/110 111/438/111 131/439/131
f 110/437/110 131/439/131 130/440/130
f 111/441/111 112/442/112 132/443/132
f 111/441/111 132/443/132 131/444/131
f 112/445/112 113/446/113 133/447/133
f 112/445/112 133/447/133 132/448/132
f 113/449/113 114/450/114 134/451/134
f 113/449/113 134/451/134 133/452/133
f 114/453/114 115/454/115 135/455/135
f 114/453/114 135/455/135 134/456/134
f 115/457/115 116/458/116 136/459/136
f 115/457/115 136/459/136 135/460/135
f 116/461/116 117/462/117 137/463/137
f 116/461/116 137/463/137 136/464/136
f 117/465/117 118/466/118 138/467/138
f 117/465/117 138/467/138 137/468/137
f 118/469/118 119/470/119 139/471/139
f 118/469/118 139/471/139 138/472/138
f 119/473/119 120/474/120 140/475/140
f 119/473/119 140/475/140 139/476/139
f 120/477/120 101/478/101 121/479/121
f 120/477/120 121/479/121 140/480/140
f 121/481/121 122/482/122 142/483/142
f 121/481/121 142/483/142 141/484/141
f 122/485/122 123/486/123 143/487/143
f 122/485/122 143/487/143 142/488/142
f 123/489/123 124/490/124 144/491/144
f 123/489/123 144/491/144 143/492/143
f 124/493/124 125/494/125 145/495/145
f 124/493/124 145/495/145 144/496/144
f 125/497/125 126/498/126 146/499/146
f 125/497/125 146/499/146 145/500/145
f 126/501/126 127/502/127 147/503/147
f 126/501/126 147/503/147 146/504/146
f 127/505/127 128/506/128 148/507/148
f 127/505/127 148/507/148 147/508/147
f 128/509/128 129/510/129 149/511/149
f 128/509/128 149/511/149 148/512/148
f 129/513/129 130/514/130 150/515/150
f 129/513/129 150/515/150 149/516/149
f 130/517/130 131/518/131 151/519/151
f 130/517/130 151/519/151 150/520/150
f 131/521/131 132/522/132 152/523/152
f 131/521/131 152/523/152 151/524/151
f 132/525/132 133/526/133 153/527/153
f 132/525/132 153/527/153 152/528/152
f 133/529/133 134/530/134 154/531/154
f 133/529/133 154/531/154 153/532/153
f 134/533/134 135/534/135 155/535/155
f 134/533/134 155/535/155 154/536/154
f 135/537/135 136/538/136 156/539/156
f 135/537/135 156/539/156 155/540/155
f 136/541/136 137/542/137 157/543/157
f 136/541/136 157/543/157 156/544/156
f 137/545/137 138/546/138 158/547/158
f 137/545/137 158/547/158 157/548/157
f 138/549/138 139/550/139 159/551/159
f 138/549/138 159/551/159 158/552/158
f 139/553/139 140/554/140 160/555/160
f 139/553/139 160/555/160 159/556/159
f 140/557/140 121/558/121 141/559/141
f 140/557/140 141/559/141 160/560/160
f 141/561/141 142/562/142 162/563/162
f 141/561/141 162/563/162 161/564/161
f 142/565/142 143/566/143 163/567/163
f 142/565/142 163/567/163 162/568/162
f 143/569/143 144/570/144 164/571/164
f 143/569/143 164/571/164 163/572/163
f 144/573/144 145/574/145 165/575/165
f 144/573/144 165/575/165 164/576/164
f 145/577/145 146/578/146 166/579/166
f 145/577/145 166/579/166 165/580/165
f 146/581/146 147/582/147 167/583/167
f 146/581/146 167/583/167 166/584/166
f 147/585/147 148/586/148 168/587/168
f 147/585/147 168/587/168 167/588/167
f 148/589/148 149/590/149 169/591/169
f 148/589/148 169/591/169 168/592/168
f 149/593/149 150/594/150 170/595/170
f 149/593/149 170/595/170 169/596/169
f 150/597/150 151/598/151 171/599/171
f 150/597/150 171/599/171 170/600/170
f 151/601/151 152/602/152 172/603/172
f 151/601/151 172/603/172 171/604/171
f 152/605/152 153/606/153 173/607/173
f 152/605/152 173/607/173 172/608/172
f 153/609/153 154/610/154 174/611/174
f 153/609/153 174/611/174 173/612/173
f 154/613/154 155/614/155 175/615/175
f 154/613/154 175/615/175 174/616/174
f 155/617/155 156/618/156 176/619/176
f 155/617/155 176/619/176 175/620/175
f 156/621/156 157/622/157 177/623/177
f 156/621/156 177/623/177 176/624/176
f 157/625/157 158/626/158 178/627/178
f 157/625/157 178/627/178 177/628/177
f 158/629/158 159/630/159 179/631/179
f 158/629/158 179/631/179 178/632/178
f 159/633/159 160/634/160 180/635/180
f 159/633/159 180/635/180 179/636/179
f 160/637/160 141/638/141 161/639/161
f 160/637/160 161/639/161 180/640/180
f 161/641/161 162/642/162 182/643/182
f 161/641/161 182/643/182 181/644/181
f 162/645/162 163/646/163 183/647/183
f 162/645/162 183/647/183 182/648/182
f 163/649/163 164/650/164 184/651/184
f 163/649/163 184/651/184 183/652/183
f 164/653/164 165/654/165 185/655/185
f 164/653/164 185/655/185 184/656/184
f 165/657/165 166/658/166 186/659/186
f 165/657/165 186/659/186 185/660/185
f 166/661/166 167/662/167 187/663/187
f 166/661/166 187/663/187 186/664/186
f 167/665/167 168/666/168 188/667/188
f 167/665/167 188/667/188 187/668/187
f 168/669/168 169/670/169 189/671/189
f 168/669/168 189/671/189 188/672/188
f 169/673/169 170/674/170 190/675/190
f 169/673/169 190/675/190 189/676/189
f 170/677/170 171/678/171 191/679/191
f 170/677/170 191/679/191 190/680/190
f 171/681/171 172/682/172 192/683/192
f 171/681/171 192/683/192 191/684/191
f 172/685/172 173/686/173 193/687/193
f 172/685/172 193/687/193 192/688/192
f 173/689/173 174/690/174 194/691/194
f 173/689/173 194/691/194 193/692/193
f 174/693/174 175/694/175 195/695/195
f 174/693/174 195/695/195 194/696/194
f 175/697/175 176/698/176 196/699/196
f 175/697/175 196/699/196 195/700/195
f 176/701/176 177/702/177 197/703/197
f 176/701/176 197/703/197 196/704/196
f 177/705/177 178/706/178 198/707/198
f 177/705/177 198/707/198 197/708/197
f 178/709/178 179/710/179 199/711/199
f 178/709/178 199/711/199 198/712/198
f 179/713/179 180/714/180 200/715/200
f 179/713/179 200/715/200 199/716/199
f 180/717/180 161/718/161 181/719/181
f 180/717/180 181/719/181 200/720/200
f 181/721/181 182/722/182 202/723/202
f 181/721/181 202/723/202 201/724/201
f 182/725/182 183/726/183 203/727/203
f 182/725/182 203/727/203 202/728/202
f 183/729/183 184/730/184 204/731/204
f 183/729/183 204/731/204 203/732/203
f 184/733/184 185/734/185 205/735/205
f 184/733/184 205/735/205 204/736/204
f 185/737/185 186/738/186 206/739/206
f 185/737/185 206/739/206 205/740/205
f 186/741/186 187/742/187 207/743/207
f 186/741/186 207/743/207 206/744/206
f 187/745/187 188/746/188 208/747/208
f 187/745/187 208/747/208 207/748/207
f 188/749/188 189/750/189 209/751/209
f 188/749/188 209/751/209 208/752/208
f 189/753/189 190/754/190 210/755/210
f 189/753/189 210/755/210 209/756/209
f 190/757/190 191/758/191 211/759/211
f 190/757/190 211/759/211 210/760/210
f 191/761/191 192/762/192 212/763/212
f 191/761/191 212/763/212 211/764/211
f 192/765/192 193/766/193 213/767/213
f 192/765/192 213/767/213 212/768/212
f 193/769/193 194/770/194 214/771/214
f 193/769/193 214/771/214 213/772/213
f 194/773/194 195/774/195 215/775/215
f 194/773/194 215/775/215 214/776/214
f 195/777/195 196/778/196 216/779/216
f 195/777/195 216/779/216 215/780/215
f 196/781/196 197/782/197 217/783/217
f 196/781/196 217/783/217 216/784/216
f 197/785/197 198/786/198 218/787/218
f 197/785/197 218/787/218 217/788/217
f 198/789/198 199/790/199 219/791/219
f 198/789/198 219/791/219 218/792/218
f 199/793/199 200/794/200 220/795/220
f 199/793/199 220/795/220 219/796/219
f 200/797/200 181/798/181 201/799/201
f 200/797/200 201/799/201 220/800/220
f 201/801/201 202/802/202 222/803/222
f 201/801/201 222/803/222 221/804/221
f 202/805/202 203/806/203 223/807/223
f 202/805/202 223/807/223 222/808/222
f 203/809/203 204/810/204 224/811/224
f 203/809/203 224/811/224 223/812/223
f 204/813/204 205/814/205 225/815/225
f 204/813/204 225/815/225 224/816/224
f 205/817/205 206/818/206 226/819/226
f 205/817/205 226/819/226 225/820/225
f 206/821/206 207/822/207 227/823/227
f 206/821/206 227/823/227 226/824/226
f 207/825/207 208/826/208 228/827/228
f 207/825/207 228/827/228 227/828/227
f 208/829/208 209/830/209 229/831/229
f 208/829/208 229/831/229 228/832/228
f 209/833/209 210/834/210 230/835/230
f 209/833/209 230/835/230 229/836/229
f 210/837/210 211/838/211 231/839/231
f 210/837/210 231/839/231 230/840/230
f 211/841/211 212/842/212 232/843/232
f 211/841/211 232/843/232 231/844/231
f 212/845/212 213/846/213 233/847/233
f 212/845/212 233/847/233 232/848/232
f 213/849/213 214/850/214 234/851/234
f 213/849/213 234/851/234 233/852/233
f 214/853/214 215/854/215 235/855/235
f 214/853/214 235/855/235 234/856/234
f 215/857/215 216/858/216 236/859/236
f 215/857/215 236/859/236 235/860/235
f 216/861/216 217/862/217 237/863/237
f 216/861/216 237/863/237 236/864/236
f 217/865/217 218/866/218 238/867/238
f 217/865/217 238/867/238 237/868/237
f 218/869/218 219/870/219 239/871/239
f 218/869/218 239/871/239 238/872/238
f 219/873/219 220/874/220 240/875/240
f 219/873/219 240/875/240 239/876/239
f 220/877/220 201/878/201 221/879/221
f 220/877/220 221/879/221 240/880/240
f 221/881/221 222/882/222 242/883/242
f 221/881/221 242/883/242 241/884/241
f 222/885/222 223/886/223 243/887/243
f 222/885/222 243/887/243 242/888/242
f 223/889/223 224/890/224 244/891/244
f 223/889/223 244/891/244 243/892/243
f 224/893/224 225/894/225 245/895/245
f 224/893/224 245/895/245 244/896/244
f 225/897/225 226/898/226 246/899/246
f 225/897/225 246/899/246 245/900/245
f 226/901/226 227/902/227 247/903/247
f 226/901/226 247/903/247 246/904/246
f 227/905/227 228/906/228 248/907/248
f 227/905/227 248/907/248 247/908/247
f 228/909/228 229/910/229 249/911/249
f 228/909/228 249/911/249 248/912/248
f 229/913/229 230/914/230 250/915/250
f 229/913/229 250/915/250 249/916/249
f 230/917/230 231/918/231 251/919/251
f 230/917/230 251/919/251 250/920/250
f 231/921/231 232/922/232 252/923/252
f 231/921/231 252/923/252 251/924/251
f 232/925/232 233/926/233 253/927/253
f 232/925/232 253/927/253 252/928/252
f 233/929/233 234/930/234 254/931/254
f 233/929/233 254/931/254 253/932/253
f 234/933/234 235/934/235 255/935/255
f 234/933/234 255/935/255 254/936/254
f 235/937/235 236/938/236 256/939/256
f 235/937/235 256/939/256 255/940/255
f 236/941/236 237/942/237 257/943/257
f 236/941/236 257/943/257 256/944/256
f 237/945/237 238/946/238 258/947/258
f 237/945/237 258/947/258 257/948/257
f 238/949/238 239/950/239 259/951/259
f 238/949/238 259/951/259 258/952/258
f 239/953/239 240/954/240 260/955/260
f 239/953/239 260/955/260 259/956/259
f 240/957/240 221/958/221 241/959/241
f 240/957/240 241/959/241 260/960/260
f 241/961/241 242/962/242 262/963/262
f 241/961/241 262/963/262 261/964/261
f 242/965/242 243/966/243 263/967/263
f 242/965/242 263/967/263 262/968/262
f 243/969/243 244/970/244 264/971/264
f 243/969/243 264/971/264 263/972/263
f 244/973/244 245/974/245 265/975/265
f 244/973/244 265/975/265 264/976/264
f 245/977/245 246/978/246 266/979/266
f 245/977/245 266/979/266 265/980/265
f 246/981/246 247/982/247 267/983/267
f 246/981/246 267/983/267 266/984/266
f 247/985/247 248/986/248 268/987/268
f 247/985/247 268/987/268 267/988/267
f 248/989/248 249/990/249 269/991/269
f 248/989/248 269/991/269 268/992/268
f 249/993/249 250/994/250 270/995/270
f 249/993/249 270/995/270 269/996/269
f 250/997/250 251/998/251 271/999/271
f 250/997/250 271/999/271 270/1000/270
f 251/1001/251 252/1002/252 272/1003/272
f 251/1001/251 272/1003/272 271/1004/271
f 252/1005/252 253/1006/253 273/1007/273
f 252/1005/252 273/1007/273 272/1008/272
f 253/1009/253 254/1010/254 274/1011/274
f 253/1009/253 274/1011/274 273/1012/273
f 254/1013/254 255/1014/255 275/1015/275
f 254/1013/254 275/1015/275 274/1016/274
f 255/1017/255 256/1018/256 276/1019/276
f 255/1017/255 276/1019/276 275/1020/275
f 256/1021/256 257/1022/257 277/1023/277
f 256/1021/256 277/1023/277 276/1024/276
f 257/1025/257 258/1026/258 278/1027/278
f 257/1025/257 278/1027/278 277/1028/277
f 258/1029/258 259/1030/259 279/1031/279
f 258/1029/258 279/1031/279 278/1032/278
f 259/1033/259 260/1034/260 280/1035/280
f 259/1033/259 280/1035/280 279/1036/279
f 260/1037/260 241/1038/241 261/1039/261
f 260/1037/260 261/1039/261 280/1040/280
f 261/1041/261 262/1042/262 282/1043/282
f 261/1041/261 282/1043/282 281/1044/281
f 262/1045/262 263/1046/263 283/1047/283
f 262/1045/262 283/1047/283 282/1048/282
f 263/1049/263 264/1050/264 284/1051/284
f 263/1049/263 284/1051/284 283/1052/283
f 264/1053/264 265/1054/265 285/1055/285
f 264/1053/264 285/1055/285 284/1056/284
f 265/1057/265 266/1058/266 286/1059/286
f 265/1057/265 286/1059/286 285/1060/285
f 266/1061/266 267/1062/267 287/1063/287
f 266/1061/266 287/1063/287 286/1064/286
f 267/1065/267 268/1066/268 288/1067/288
f 267/1065/267 288/1067/288 287/1068/287
f 268/1069/268 269/1070/269 289/1071/289
f 268/1069/268 289/1071/289 288/1072/288
f 269/1073/269 270/1074/270 290/1075/290
f 269/1073/269 290/1075/290 289/1076/289
f 270/1077/270 271/1078/271 291/1079/291
f 270/1077/270 291/1079/291 290/1080/290
f 271/1081/271 272/1082/272 292/1083/292
f 271/1081/271 292/1083/292 291/1084/291
f 272/1085/272 273/1086/273 293/1087/293
f 272/1085/272 293/1087/293 292/1088/292
f 273/1089/273 274/1090/274 294/1091/294
f 273/1089/273 294/1091/294 293/1092/293
f 274/1093/274 275/1094/275 295/1095/295
f 274/1093/274 295/1095/295 294/1096/294
f 275/1097/275 276/1098/276 296/1099/296
f 275/1097/275 296/1099/296 295/1100/295
f 276/1101/276 277/1102/277 297/1103/297
f 276/1101/276 297/1103/297 296/1104/296
f 277/1105/277 278/1106/278 298/1107/298
f 277/1105/277 298/1107/298 297/1108/297
f 278/1109/278 279/1110/279 299/1111/299
f 278/1109/278 299/1111/299 298/1112/298
f 279/1113/279 280/1114/280 300/1115/300
f 279/1113/279 300/1115/300 299/1116/299
f 280/1117/280 261/1118/261 281/1119/281
f 280/1117/280 281/1119/281 300/1120/300
f 561/2081/561 562/2082/562 576/2083/576
f 561/2081/561 576/2083/576 575/2084/575
f 562/2085/562 563/2086/563 577/2087/577
f 562/2085/562 577/2087/577 576/2088/576
f 563/2089/563 564/2090/564 578/2091/578
f 563/2089/563 578/2091/578 577/2092/577
f 564/2093/564 565/2094/565 579/2095/579
f 564/2093/564 579/2095/579 578/2096/578
f 565/2097/565 566/2098/566 580/2099/580
f 565/2097/565 580/2099/580 579/2100/579
f 566/2101/566 567/2102/567 581/2103/581
f 566/2101/566 581/2103/581 580/2104/580
f 567/2105/567 568/2106/568 582/2107/582
f 567/2105/567 582/2107/582 581/2108/581
f 568/2109/568 569/2110/569 583/2111/583
f 568/2109/568 583/2111/583 582/2112/582
f 569/2113/569 570/2114/570 584/2115/584
f 569/2113/569 584/2115/584 583/2116/583
f 570/2117/570 571/2118/571 585/2119/585
f 570/2117/570 585/2119/585 584/2120/584
f 571/2121/571 572/2122/572 586/2123/586
f 571/2121/571 586/2123/586 585/2124/585
f 572/2125/572 573/2126/573 587/2127/587
f 572/2125/572 587/2127/587 586/2128/586
f 573/2129/573 574/2130/574 588/2131/588
f 573/2129/573 588/2131/588 587/2132/587
f 574/2133/574 561/2134/561 575/2135/575
f 574/2133/574 575/2135/575 588/2136/588
f 575/2137/575 576/2138/576 590/2139/590
f 575/2137/575 590/2139/590 589/2140/589
f 576/2141/576 577/2142/577 591/2143/591
f 576/2141/576 591/2143/591 590/2144/590
f 577/2145/577 578/2146/578 592/2147/592
f 577/2145/577 592/2147/592 591/2148/591
f 578/2149/578 579/2150/579 593/2151/593
f 578/2149/578 593/2151/593 592/2152/592
f 579/2153/579 580/2154/580 594/2155/594
f 579/2153/579 594/2155/594 593/2156/593
f 580/2157/580 581/2158/581 595/2159/595
f 580/2157/580 595/2159/595 594/2160/594
f 581/2161/581 582/2162/582 596/2163/596
f 581/2161/581 596/2163/596 595/2164/595
f 582/2165/582 583/2166/583 597/2167/597
f 582/2165/582 597/2167/597 596/2168/596
f 583/2169/583 584/2170/584 598/2171/598
f 583/2169/583 598/2171/598 597/2172/597
f 584/2173/584 585/2174/585 599/2175/599
f 584/2173/584 599/2175/599 598/2176/598
f 585/2177/585 586/2178/586 600/2179/600
f 585/2177/585 600/2179/600 599/2180/599
f 586/2181/586 587/2182/587 601/2183/601
f 586/2181/586 601/2183/601 600/2184/600
f 587/2185/587 588/2186/588 602/2187/602
f 587/2185/587 602/2187/602 601/2188/601
f 588/2189/588 575/2190/575 589/2191/589
f 588/2189/588 589/2191/589 602/2192/602
f 589/2193/589 590/2194/590 604/2195/604
f 589/2193/589 604/2195/604 603/2196/603
f 590/2197/590 591/2198/591 605/2199/605
f 590/2197/590 605/2199/605 604/2200/604
f 591/2201/591 592/2202/592 606/2203/606
f 591/2201/591 606/2203/606 605/2204/605
f 592/2205/592 593/2206/593 607/2207/607
f 592/2205/592 607/2207/607 606/2208/606
f 593/2209/593 594/2210/594 608/2211/608
f 593/2209/593 608/2211/608 607/2212/607
f 594/2213/594 595/2214/595 609/2215/609
f 594/2213/594 609/2215/609 608/2216/608
f 595/2217/595 596/2218/596 610/2219/610
f 595/2217/595 610/2219/610 609/2220/609
f 596/2221/596 597/2222/597 611/2223/611
f 596/2221/596 611/2223/611 610/2224/610
f 597/2225/597 598/2226/598 612/2227/612
f 597/2225/597 612/2227/612 611/2228/611
f 598/2229/598 599/2230/599 613/2231/613
f 598/2229/598 613/2231/613 612/2232/612
f 599/2233/599 600/2234/600 614/2235/614
f 599/2233/599 614/2235/614 613/2236/613
f 600/2237/600 601/2238/601 615/2239/615
f 600/2237/600 615/2239/615 614/2240/614
f 601/2241/601 602/2242/602 616/2243/616
f 601/2241/601 616/2243/616 615/2244/615
f 602/2245/602 589/2246/589 603/2247/603
f 602/2245/602 603/2247/603 616/2248/616
f 603/2249/603 604/2250/604 618/2251/618
f 603/2249/603 618/2251/618 617/2252/617
f 604/2253/604 605/2254/605 619/2255/619
f 604/2253/604 619/2255/619 618/2256/618
f 605/2257/605 606/2258/606 620/2259/620
f 605/2257/605 620/2259/620 619/2260/619
f 606/2261/606 607/2262/607 621/2263/621
f 606/2261/606 621/2263/621 620/2264/620
f 607/2265/607 608/2266/608 622/2267/622
f 607/2265/607 622/2267/622 621/2268/621
f 608/2269/608 609/2270/609 623/2271/623
f 608/2269/608 623/2271/623 622/2272/622
f 609/2273/609 610/2274/610 624/2275/624
f 609/2273/609 624/2275/624 623/2276/623
f 610/2277/610 611/2278/611 625/2279/625
f 610/2277/610 625/2279/625 624/2280/624
f 611/2281/611 612/2282/612 626/2283/626
f 611/2281/611 626/2283/626 625/2284/625
f 612/2285/612 613/2286/613 627/2287/627
f 612/2285/612 627/2287/627 626/2288/626
f 613/2289/613 614/2290/614 628/2291/628
f 613/2289/613 628/2291/628 627/2292/627
f 614/2293/614 615/2294/615 629/2295/629
f 614/2293/614 629/2295/629 628/2296/628
f 615/2297/615 616/2298/616 630/2299/630
f 615/2297/615 630/2299/630 629/2300/629
f 616/2301/616 603/2302/603 617/2303/617
f 616/2301/616 617/2303/617 630/2304/630
f 617/2305/617 618/2306/618 632/2307/632
f 617/2305/617 632/2307/632 631/2308/631
f 618/2309/618 619/2310/619 633/2311/633
f 618/2309/618 633/2311/633 632/2312/632
f 619/2313/619 620/2314/620 634/2315/634
f 619/2313/619 634/2315/634 633/2316/633
f 620/2317/620 621/2318/621 635/2319/635
f 620/2317/620 635/2319/635 634/2320/634
f 621/2321/621 622/2322/622 636/2323/636
f 621/2321/621 636/2323/636 635/2324/635
f 622/2325/622 623/2326/623 637/2327/637
f 622/2325/622 637/2327/637 636/2328/636
f 623/2329/623 624/2330/624 638/2331/638
f 623/2329/623 638/2331/638 637/2332/637
f 624/2333/624 625/2334/625 639/2335/639
f 624/2333/624 639/2335/639 638/2336/638
f 625/2337/625 626/2338/626 640/2339/640
f 625/2337/625 640/2339/640 639/2340/639
f 626/2341/626 627/2342/627 641/2343/641
f 626/2341/626 641/2343/641 640/2344/640
f 627/2345/627 628/2346/628 642/2347/642
f 627/2345/627 642/2347/642 641/2348/641
f 628/2349/628 629/2350/629 643/2351/643
f 628/2349/628 643/2351/643 642/2352/642
f 629/2353/629 630/2354/630 644/2355/644
f 629/2353/629 644/2355/644 643/2356/643
f 630/2357/630 617/2358/617 631/2359/631
f 630/2357/630 631/2359/631 644/2360/644
f 631/2361/631 632/2362/632 646/2363/646
f 631/2361/631 646/2363/646 645/2364/645
f 632/2365/632 633/2366/633 647/2367/647
f 632/2365/632 647/2367/647 646/2368/646
f 633/2369/633 634/2370/634 648/2371/648
f 633/2369/633 648/2371/648 647/2372/647
f 634/2373/634 635/2374/635 649/2375/649
f 634/2373/634 649/2375/649 648/2376/648
f 635/2377/635 636/2378/636 650/2379/650
f 635/2377/635 650/2379/650 649/2380/649
f 636/2381/636 637/2382/637 651/2383/651
f 636/2381/636 651/2383/651 650/2384/650
f 637/2385/637 638/2386/638 652/2387/652
f 637/2385/637 652/2387/652 651/2388/651
f 638/2389/638 639/2390/639 653/2391/653
f 638/2389/638 653/2391/653 652/2392/652
f 639/2393/639 640/2394/640 654/2395/654
f 639/2393/639 654/2395/654 653/2396/653
f 640/2397/640 641/2398/641 655/2399/655
f 640/2397/640 655/2399/655 654/2400/654
f 641/2401/641 642/2402/642 656/2403/656
f 641/2401/641 656/2403/656 655/2404/655
f 642/2405/642 643/2406/643 657/2407/657
f 642/2405/642 657/2407/657 656/2408/656
f 643/2409/643 644/2410/644 658/2411/658
f 643/2409/643 658/2411/658 657/2412/657
f 644/2413/644 631/2414/631 645/2415/645
f 644/2413/644 645/2415/645 658/2416/658
f 645/2417/645 646/2418/646 660/2419/660
f 645/2417/645 660/2419/660 659/2420/659
f 646/2421/646 647/2422/647 661/2423/661
f 646/2421/646 661/2423/661 660/2424/660
f 647/2425/647 648/2426/648 662/2427/662
f 647/2425/647 662/2427/662 661/2428/661
f 648/2429/648 649/2430/649 663/2431/663
f 648/2429/648 663/2431/663 662/2432/662
f 649/2433/649 650/2434/650 664/2435/664
f 649/2433/649 664/2435/664 663/2436/663
f 650/2437/650 651/2438/651 665/2439/665
f 650/2437/650 665/2439/665 664/2440/664
f 651/2441/651 652/2442/652 666/2443/666
f 651/2441/651 666/2443/666 665/2444/665
f 652/2445/652 653/2446/653 667/2447/667
f 652/2445/652 667/2447/667 666/2448/666
f 653/2449/653 654/2450/654 668/2451/668
f 653/2449/653 668/2451/668 667/2452/667
f 654/2453/654 655/2454/655 669/2455/669
f 654/2453/654 669/2455/669 668/2456/668
f 655/2457/655 656/2458/656 670/2459/670
f 655/2457/655 670/2459/670 669/2460/669
f 656/2461/656 657/2462/657 671/2463/671
f 656/2461/656 671/2463/671 670/2464/670
f 657/2465/657 658/2466/658 672/2467/672
f 657/2465/657 672/2467/672 671/2468/671
f 658/2469/658 645/2470/645 659/2471/659
f 658/2469/658 659/2471/659 672/2472/672
f 659/2473/659 660/2474/660 674/2475/674
f 659/2473/659 674/2475/674 673/2476/673
f 660/2477/660 661/2478/661 675/2479/675
f 660/2477/660 675/2479/675 674/2480/674
f 661/2481/661 662/2482/662 676/2483/676
f 661/2481/661 676/2483/676 675/2484/675
f 662/2485/662 663/2486/663 677/2487/677
f 662/2485/662 677/2487/677 676/2488/676
f 663/2489/663 664/2490/664 678/2491/678
f 663/2489/663 678/2491/678 677/2492/677
f 664/2493/664 665/2494/665 679/2495/679
f 664/2493/664 679/2495/679 678/2496/678
f 665/2497/665 666/2498/666 680/2499/680
f 665/2497/665 680/2499/680 679/2500/679
f 666/2501/666 667/2502/667 681/2503/681
f 666/2501/666 681/2503/681 680/2504/680
f 667/2505/667 668/2506/668 682/2507/682
f 667/2505/667 682/2507/682 681/2508/681
f 668/2509/668 669/2510/669 683/2511/683
f 668/2509/668 683/2511/683 682/2512/682
f 669/2513/669 670/2514/670 684/2515/684
f 669/2513/669 684/2515/684 683/2516/683
f 670/2517/670 671/2518/671 685/2519/685
f 670/2517/670 685/2519/685 684/2520/684
f 671/2521/671 672/2522/672 686/2523/686
f 671/2521/671 686/2523/686 685/2524/685
f 672/2525/672 659/2526/659 673/2527/673
f 672/2525/672 673/2527/673 686/2528/686
f 687/2529/687 688/2530/688 698/2531/698
f 687/2529/687 698/2531/698 697/2532/697
f 688/2533/688 689/2534/689 699/2535/699
f 688/2533/688 699/2535/699 698/2536/698
f 689/2537/689 690/2538/690 700/2539/700
f 689/2537/689 700/2539/700 699/2540/699
f 690/2541/690 691/2542/691 701/2543/701
f 690/2541/690 701/2543/701 700/2544/700
f 691/2545/691 692/2546/692 702/2547/702
f 691/2545/691 702/2547/702 701/2548/701
f 692/2549/692 693/2550/693 703/2551/703
f 692/2549/692 703/2551/703 702/2552/702
f 693/2553/693 694/2554/694 704/2555/704
f 693/2553/693 704/2555/704 703/2556/703
f 694/2557/694 695/2558/695 705/2559/705
f 694/2557/694 705/2559/705 704/2560/704
f 695/2561/695 696/2562/696 706/2563/706
f 695/2561/695 706/2563/706 705/2564/705
f 696/2565/696 687/2566/687 697/2567/697
f 696/2565/696 697/2567/697 706/2568/706
f 697/2569/697 698/2570/698 708/2571/708
f 697/2569/697 708/2571/708 707/2572/707
f 698/2573/698 699/2574/699 709/2575/709
f 698/2573/698 709/2575/709 708/2576/708
f 699/2577/699 700/2578/700 710/2579/710
f 699/2577/699 710/2579/710 709/2580/709
f 700/2581/700 701/2582/701 711/2583/711
f 700/2581/700 711/2583/711 710/2584/710
f 701/2585/701 702/2586/702 712/2587/712
f 701/2585/701 712/2587/712 711/2588/711
f 702/2589/702 703/2590/703 713/2591/713
f 702/2589/702 713/2591/713 712/2592/712
f 703/2593/703 704/2594/704 714/2595/714
f 703/2593/703 714/2595/714 713/2596/713
f 704/2597/704 705/2598/705 715/2599/715
f 704/2597/704 715/2599/715 714/2600/714
f 705/2601/705 706/2602/706 716/2603/716
f 705/2601/705 716/2603/716 715/2604/715
f 706/2605/706 697/2606/697 707/2607/707
f 706/2605/706 707/2607/707 716/2608/716
f 707/2609/707 708/2610/708 718/2611/718
f 707/2609/707 718/2611/718 717/2612/717
f 708/2613/708 709/2614/709 719/2615/719
f 708/2613/708 719/2615/719 718/2616/718
f 709/2617/709 710/2618/710 720/2619/720
f 709/2617/709 720/2619/720 719/2620/719
f 710/2621/710 711/2622/711 721/2623/721
f 710/2621/710 721/2623/721 720/2624/720
f 711/2625/711 712/2626/712 722/2627/722
f 711/2625/711 722/2627/722 721/2628/721
f 712/2629/712 713/2630/713 723/2631/723
f 712/2629/712 723/2631/723 722/2632/722
f 713/2633/713 714/2634/714 724/2635/724
f 713/2633/713 724/2635/724 723/2636/723
f 714/2637/714 715/2638/715 725/2639/725
f 714/2637/714 725/2639/725 724/2640/724
f 715/2641/715 716/2642/716 726/2643/726
f 715/2641/715 726/2643/726 725/2644/725
f 716/2645/716 707/2646/707 717/2647/717
f 716/2645/716 717/2647/717 726/2648/726
f 717/2649/717 718/2650/718 728/2651/728
f 717/2649/717 728/2651/728 727/2652/727
f 718/2653/718 719/2654/719 729/2655/729
f 718/2653/718 729/2655/729 728/2656/728
f 719/2657/719 720/2658/720 730/2659/730
f 719/2657/719 730/2659/730 729/2660/729
f 720/2661/720 721/2662/721 731/2663/731
f 720/2661/720 731/2663/731 730/2664/730
f 721/2665/721 722/2666/722 732/2667/732
f 721/2665/721 732/2667/732 731/2668/731
f 722/2669/722 723/2670/723 733/2671/733
f 722/2669/722 733/2671/733 732/2672/732
f 723/2673/723 724/2674/724 734/2675/734
f 723/2673/723 734/2675/734 733/2676/733
f 724/2677/724 725/2678/725 735/2679/735
f 724/2677/724 735/2679/735 734/2680/734
f 725/2681/725 726/2682/726 736/2683/736
f 725/2681/725 736/2683/736 735/2684/735
f 726/2685/726 717/2686/717 727/2687/727
f 726/2685/726 727/2687/727 736/2688/736
f 727/2689/727 728/2690/728 738/2691/738
f 727/2689/727 738/2691/738 737/2692/737
f 728/2693/728 729/2694/729 739/2695/739
f 728/2693/728 739/2695/739 738/2696/738
f 729/2697/729 730/2698/730 740/2699/740
f 729/2697/729 740/2699/740 739/2700/739
f 730/2701/730 731/2702/731 741/2703/741
f 730/2701/730 741/2703/741 740/2704/740
f 731/2705/731 732/2706/732 742/2707/742
f 731/2705/731 742/2707/742 741/2708/741
f 732/2709/732 733/2710/733 743/2711/743
f 732/2709/732 743/2711/743 742/2712/742
f 733/2713/733 734/2714/734 744/2715/744
f 733/2713/733 744/2715/744 743/2716/743
f 734/2717/734 735/2718/735 745/2719/745
f 734/2717/734 745/2719/745 744/2720/744
f 735/2721/735 736/2722/736 746/2723/746
f 735/2721/735 746/2723/746 745/2724/745
f 736/2725/736 727/2726/727 737/2727/737
f 736/2725/736 737/2727/737 746/2728/746
f 737/2729/737 738/2730/738 748/2731/748
f 737/2729/737 748/2731/748 747/2732/747
f 738/2733/738 739/2734/739 749/2735/749
f 738/2733/738 749/2735/749 748/2736/748
f 739/2737/739 740/2738/740 750/2739/750
f 739/2737/739 750/2739/750 749/2740/749
f 740/2741/740 741/2742/741 751/2743/751
f 740/2741/740 751/2743/751 750/2744/750
f 741/2745/741 742/2746/742 752/2747/752
f 741/2745/741 752/2747/752 751/2748/751
f 742/2749/742 743/2750/743 753/2751/753
f 742/2749/742 753/2751/753 752/2752/752
f 743/2753/743 744/2754/744 754/2755/754
f 743/2753/743 754/2755/754 753/2756/753
f 744/2757/744 745/2758/745 755/2759/755
f 744/2757/744 755/2759/755 754/2760/754
f 745/2761/745 746/2762/746 756/2763/756
f 745/2761/745 756/2763/756 755/2764/755
f 746/2765/746 737/2766/737 747/2767/747
f 746/2765/746 747/2767/747 756/2768/756
f 757/2769/757 758/2770/758 768/2771/768
f 757/2769/757 768/2771/768 767/2772/767
f 758/2773/758 759/2774/759 769/2775/769
f 758/2773/758 769/2775/769 768/2776/768
f 759/2777/759 760/2778/760 770/2779/770
f 759/2777/759 770/2779/770 769/2780/769
f 760/2781/760 761/2782/761 771/2783/771
f 760/2781/760 771/2783/771 770/2784/770
f 761/2785/761 762/2786/762 772/2787/772
f 761/2785/761 772/2787/772 771/2788/771
f 762/2789/762 763/2790/763 773/2791/773
f 762/2789/762 773/2791/773 772/2792/772
f 763/2793/763 764/2794/764 774/2795/774
f 763/2793/763 774/2795/774 773/2796/773
f 764/2797/764 765/2798/765 775/2799/775
f 764/2797/764 775/2799/775 774/2800/774
f 765/2801/765 766/2802/766 776/2803/776
f 765/2801/765 776/2803/776 775/2804/775
f 766/2805/766 757/2806/757 767/2807/767
f 766/2805/766 767/2807/767 776/2808/776
f 767/2809/767 768/2810/768 778/2811/778
f 767/2809/767 778/2811/778 777/2812/777
f 768/2813/768 769/2814/769 779/2815/779
f 768/2813/768 779/2815/779 778/2816/778
f 769/2817/769 770/2818/770 780/2819/780
f 769/2817/769 780/2819/780 779/2820/779
f 770/2821/770 771/2822/771 781/2823/781
f 770/2821/770 781/2823/781 780/2824/780
f 771/2825/771 772/2826/772 782/2827/782
f 771/2825/771 782/2827/782 781/2828/781
f 772/2829/772 773/2830/773 783/2831/783
f 772/2829/772 783/2831/783 782/2832/782
f 773/2833/773 774/2834/774 784/2835/784
f 773/2833/773 784/2835/784 783/2836/783
f 774/2837/774 775/2838/775 785/2839/785
f 774/2837/774 785/2839/785 784/2840/784
f 775/2841/775 776/2842/776 786/2843/786
f 775/2841/775 786/2843/786 785/2844/785
f 776/2845/776 767/2846/767 777/2847/777
f 776/2845/776 777/2847/777 786/2848/786
f 777/2849/777 778/2850/778 788/2851/788
f 777/2849/777 788/2851/788 787/2852/787
f 778/2853/778 779/2854/779 789/2855/789
f 778/2853/778 789/2855/789 788/2856/788
f 779/2857/779 780/2858/780 790/2859/790
f 779/2857/779 790/2859/790 789/2860/789
f 780/2861/780 781/2862/781 791/2863/791
f 780/2861/780 791/2863/791 790/2864/790
f 781/2865/781 782/2866/782 792/2867/792
f 781/2865/781 792/2867/792 791/2868/791
f 782/2869/782 783/2870/783 793/2871/793
f 782/2869/782 793/2871/793 792/2872/792
f 783/2873/783 784/2874/784 794/2875/794
f 783/2873/783 794/2875/794 793/2876/793
f 784/2877/784 785/2878/785 795/2879/795
f 784/2877/784 795/2879/795 794/2880/794
f 785/2881/785 786/2882/786 796/2883/796
f 785/2881/785 796/2883/796 795/2884/795
f 786/2885/786 777/2886/777 787/2887/787
f 786/2885/786 787/2887/787 796/2888/796
f 787/2889/787 788/2890/788 798/2891/798
f 787/2889/787 798/2891/798 797/2892/797
f 788/2893/788 789/2894/789 799/2895/799
f 788/2893/788 799/2895/799 798/2896/798
f 789/2897/789 790/2898/790 800/2899/800
f 789/2897/789 800/2899/800 799/2900/799
f 790/2901/790 791/2902/791 801/2903/801
f 790/2901/790 801/2903/801 800/2904/800
f 791/2905/791 792/2906/792 802/2907/802
f 791/2905/791 802/2907/802 801/2908/801
f 792/2909/792 793/2910/793 803/2911/803
f 792/2909/792 803/2911/803 802/2912/802
f 793/2913/793 794/2914/794 804/2915/804
f 793/2913/793 804/2915/804 803/2916/803
f 794/2917/794 795/2918/795 805/2919/805
f 794/2917/794 805/2919/805 804/2920/804
f 795/2921/795 796/2922/796 806/2923/806
f 795/2921/795 806/2923/806 805/2924/805
f 796/2925/796 787/2926/787 797/2927/797
f 796/2925/796 797/2927/797 806/2928/806
f 797/2929/797 798/2930/798 808/2931/808
f 797/2929/797 808/2931/808 807/2932/807
f 798/2933/798 799/2934/799 809/2935/809
f 798/2933/798 809/2935/809 808/2936/808
f 799/2937/799 800/2938/800 810/2939/810
f 799/2937/799 810/2939/810 809/2940/809
f 800/2941/800 801/2942/801 811/2943/811
f 800/2941/800 811/2943/811 810/2944/810
f 801/2945/801 802/2946/802 812/2947/812
f 801/2945/801 812/2947/812 811/2948/811
f 802/2949/802 803/2950/803 813/2951/813
f 802/2949/802 813/2951/813 812/2952/812
f 803/2953/803 804/2954/804 814/2955/814
f 803/2953/803 814/2955/814 813/2956/813
f 804/2957/804 805/2958/805 815/2959/815
f 804/2957/804 815/2959/815 814/2960/814
f 805/2961/805 806/2962/806 816/2963/816
f 805/2961/805 816/2963/816 815/2964/815
f 806/2965/806 797/2966/797 807/2967/807
f 806/2965/806 807/2967/807 816/2968/816
f 807/2969/807 808/2970/808 818/2971/818
f 807/2969/807 818/2971/818 817/2972/817
f 808/2973/808 809/2974/809 819/2975/819
f 808/2973/808 819/2975/819 818/2976/818
f 809/2977/809 810/2978/810 820/2979/820
f 809/2977/809 820/2979/820 819/2980/819
f 810/2981/810 811/2982/811 821/2983/821
f 810/2981/810 821/2983/821 820/2984/820
f 811/2985/811 812/2986/812 822/2987/822
f 811/2985/811 822/2987/822 821/2988/821
f 812/2989/812 813/2990/813 823/2991/823
f 812/2989/812 823/2991/823 822/2992/822
f 813/2993/813 814/2994/814 824/2995/824
f 813/2993/813 824/2995/824 823/2996/823
f 814/2997/814 815/2998/815 825/2999/825
f 814/2997/814 825/2999/825 824/3000/824
f 815/3001/815 816/3002/816 826/3003/826
f 815/3001/815 826/3003/826 825/3004/825
f 816/3005/816 807/3006/807 817/3007/817
f 816/3005/816 817/3007/817 826/3008/826
f 827/3009/827 828/3010/828 838/3011/838
f 827/3009/827 838/3011/838 837/3012/837
f 828/3013/828 829/3014/829 839/3015/839
f 828/3013/828 839/3015/839 838/3016/838
f 829/3017/829 830/3018/830 840/3019/840
f 829/3017/829 840/3019/840 839/3020/839
f 830/3021/830 831/3022/831 841/3023/841
f 830/3021/830 841/3023/841 840/3024/840
f 831/3025/831 832/3026/832 842/3027/842
f 831/3025/831 842/3027/842 841/3028/841
f 832/3029/832 833/3030/833 843/3031/843
f 832/3029/832 843/3031/843 842/3032/842
f 833/3033/833 834/3034/834 844/3035/844
f 833/3033/833 844/3035/844 843/3036/843
f 834/3037/834 835/3038/835 845/3039/845
f 834/3037/834 845/3039/845 844/3040/844
f 835/3041/835 836/3042/836 846/3043/846
f 835/3041/835 846/3043/846 845/3044/845
f 836/3045/836 827/3046/827 837/3047/837
f 836/3045/836 837/3047/837 846/3048/846
f 837/3049/837 838/3050/838 848/3051/848
f 837/3049/837 848/3051/848 847/3052/847
f 838/3053/838 839/3054/839 849/3055/849
f 838/3053/838 849/3055/849 848/3056/848
f 839/3057/839 840/3058/840 850/3059/850
f 839/3057/839 850/3059/850 849/3060/849
f 840/3061/840 841/3062/841 851/3063/851
f 840/3061/840 851/3063/851 850/3064/850
f 841/3065/841 842/3066/842 852/3067/852
f 841/3065/841 852/3067/852 851/3068/851
f 842/3069/842 843/3070/843 853/3071/853
f 842/3069/842 853/3071/853 852/3072/852
f 843/3073/843 844/3074/844 854/3075/854
f 843/3073/843 854/3075/854 853/3076/853
f 844/3077/844 845/3078/845 855/3079/855
f 844/3077/844 855/3079/855 854/3080/854
f 845/3081/845 846/3082/846 856/3083/856
f 845/3081/845 856/3083/856 855/3084/855
f 846/3085/846 837/3086/837 847/3087/847
f 846/3085/846 847/3087/847 856/3088/856
f 847/3089/847 848/3090/848 858/3091/858
f 847/3089/847 858/3091/858 857/3092/857
f 848/3093/848 849/3094/849 859/3095/859
f 848/3093/848 859/3095/859 858/3096/858
f 849/3097/849 850/3098/850 860/3099/860
f 849/3097/849 860/3099/860 859/3100/859
f 850/3101/850 851/3102/851 861/3103/861
f 850/3101/850 861/3103/861 860/3104/860
f 851/3105/851 852/3106/852 862/3107/862
f 851/3105/851 862/3107/862 861/3108/861
f 852/3109/852 853/3110/853 863/3111/863
f 852/3109/852 863/3111/863 862/3112/862
f 853/3113/853 854/3114/854 864/3115/864
f 853/3113/853 864/3115/864 863/3116/863
f 854/3117/854 855/3118/855 865/3119/865
f 854/3117/854 865/3119/865 864/3120/864
f 855/3121/855 856/3122/856 866/3123/866
f 855/3121/855 866/3123/866 865/3124/865
f 856/3125/856 847/3126/847 857/3127/857
f 856/3125/856 857/3127/857 866/3128/866
f 857/3129/857 858/3130/858 868/3131/868
f 857/3129/857 868/3131/868 867/3132/867
f 858/3133/858 859/3134/859 869/3135/869
f 858/3133/858 869/3135/869 868/3136/868
f 859/3137/859 860/3138/860 870/3139/870
f 859/3137/859 870/3139/870 869/3140/869
f 860/3141/860 861/3142/861 871/3143/871
f 860/3141/860 871/3143/871 870/3144/870
f 861/3145/861 862/3146/862 872/3147/872
f 861/3145/861 872/3147/872 871/3148/871
f 862/3149/862 863/3150/863 873/3151/873
f 862/3149/862 873/3151/873 872/3152/872
f 863/3153/863 864/3154/864 874/3155/874
f 863/3153/863 874/3155/874 873/3156/873
f 864/3157/864 865/3158/865 875/3159/875
f 864/3157/864 875/3159/875 874/3160/874
f 865/3161/865 866/3162/866 876/3163/876
f 865/3161/865 876/3163/876 875/3164/875
f 866/3165/866 857/3166/857 867/3167/867
f 866/3165/866 867/3167/867 876/3168/876
f 867/3169/867 868/3170/868 878/3171/878
f 867/3169/867 878/3171/878 877/3172/877
f 868/3173/868 869/3174/869 879/3175/879
f 868/3173/868 879/3175/879 878/3176/878
f 869/3177/869 870/3178/870 880/3179/880
f 869/3177/869 880/3179/880 879/3180/879
f 870/3181/870 871/3182/871 881/3183/881
f 870/3181/870 881/3183/881 880/3184/880
f 871/3185/871 872/3186/872 882/3187/882
f 871/3185/871 882/3187/882 881/3188/881
f 872/3189/872 873/3190/873 883/3191/883
f 872/3189/872 883/3191/883 882/3192/882
f 873/3193/873 874/3194/874 884/3195/884
f 873/3193/873 884/3195/884 883/3196/883
f 874/3197/874 875/3198/875 885/3199/885
f 874/3197/874 885/3199/885 884/3200/884
f 875/3201/875 876/3202/876 886/3203/886
f 875/3201/875 886/3203/886 885/3204/885
f 876/3205/876 867/3206/867 877/3207/877
f 876/3205/876 877/3207/877 886/3208/886
f 877/3209/877 878/3210/878 888/3211/888
f 877/3209/877 888/3211/888 887/3212/887
f 878/3213/878 879/3214/879 889/3215/889
f 878/3213/878 889/3215/889 888/3216/888
f 879/3217/879 880/3218/880 890/3219/890
f 879/3217/879 890/3219/890 889/3220/889
f 880/3221/880 881/3222/881 891/3223/891
f 880/3221/880 891/3223/891 890/3224/890
f 881/3225/881 882/3226/882 892/3227/892
f 881/3225/881 892/3227/892 891/3228/891
f 882/3229/882 883/3230/883 893/3231/893
f 882/3229/882 893/3231/893 892/3232/892
f 883/3233/883 884/3234/884 894/3235/894
f 883/3233/883 894/3235/894 893/3236/893
f 884/3237/884 885/3238/885 895/3239/895
f 884/3237/884 895/3239/895 894/3240/894
f 885/3241/885 886/3242/886 896/3243/896
f 885/3241/885 896/3243/896 895/3244/895
f 886/3245/886 877/3246/877 887/3247/887
f 886/3245/886 887/3247/887 896/3248/896
f 1037/3729/1037 1038/3730/1038 1052/3731/1052
f 1037/3729/1037 1052/3731/1052 1051/3732/1051
f 1038/3733/1038 1039/3734/1039 1053/3735/1053
f 1038/3733/1038 1053/3735/1053 1052/3736/1052
f 1039/3737/1039 1040/3738/1040 1054/3739/1054
f 1039/3737/1039 1054/3739/1054 1053/3740/1053
f 1040/3741/1040 1041/3742/1041 1055/3743/1055
f 1040/3741/1040 1055/3743/1055 1054/3744/1054
f 1041/3745/1041 1042/3746/1042 1056/3747/1056
f 1041/3745/1041 1056/3747/1056 1055/3748/1055
f 1042/3749/1042 1043/3750/1043 1057/3751/1057
f 1042/3749/1042 1057/3751/1057 1056/3752/1056
f 1043/3753/1043 1044/3754/1044 1058/3755/1058
f 1043/3753/1043 1058/3755/1058 1057/3756/1057
f 1044/3757/1044 1045/3758/1045 1059/3759/1059
f 1044/3757/1044 1059/3759/1059 1058/3760/1058
f 1045/3761/1045 1046/3762/1046 1060/3763/1060
f 1045/3761/1045 1060/3763/1060 1059/3764/1059
f 1046/3765/1046 1047/3766/1047 1061/3767/1061
f 1046/3765/1046 1061/3767/1061 1060/3768/1060
f 1047/3769/1047 1048/3770/1048 1062/3771/1062
f 1047/3769/1047 1062/3771/1062 1061/3772/1061
f 1048/3773/1048 1049/3774/1049 1063/3775/1063
f 1048/3773/1048 1063/3775/1063 1062/3776/1062
f 1049/3777/1049 1050/3778/1050 1064/3779/1064
f 1049/3777/1049 1064/3779/1064 1063/3780/1063
f 1050/3781/1050 1037/3782/1037 1051/3783/1051
f 1050/3781/1050 1051/3783/1051 1064/3784/1064
f 1051/3785/1051 1052/3786/1052 1066/3787/1066
f 1051/3785/1051 1066/3787/1066 1065/3788/1065
f 1052/3789/1052 1053/3790/1053 1067/3791/1067
f 1052/3789/1052 1067/3791/1067 1066/3792/1066
f 1053/3793/1053 1054/3794/1054 1068/3795/1068
f 1053/3793/1053 1068/3795/1068 1067/3796/1067
f 1054/3797/1054 1055/3798/1055 1069/3799/1069
f 1054/3797/1054 1069/3799/1069 1068/3800/1068
f 1055/3801/1055 1056/3802/1056 1070/3803/1070
f 1055/3801/1055 1070/3803/1070 1069/3804/1069
f 1056/3805/1056 1057/3806/1057 1071/3807/1071
f 1056/3805/1056 1071/3807/1071 1070/3808/1070
f 1057/3809/1057 1058/3810/1058 1072/3811/1072
f 1057/3809/1057 1072/3811/1072 1071/3812/1071
f 1058/3813/1058 1059/3814/1059 1073/3815/1073
f 1058/3813/1058 1073/3815/1073 1072/3816/1072
f 1059/3817/1059 1060/3818/1060 1074/3819/1074
f 1059/3817/1059 1074/3819/1074 1073/3820/1073
f 1060/3821/1060 1061/3822/1061 1075/3823/1075
f 1060/3821/1060 1075/3823/1075 1074/3824/1074
f 1061/3825/1061 1062/3826/1062 1076/3827/1076
f 1061/3825/1061 1076/3827/1076 1075/3828/1075
f 1062/3829/1062 1063/3830/1063 1077/3831/1077
f 1062/3829/1062 1077/3831/1077 1076/3832/1076
f 1063/3833/1063 1064/3834/1064 1078/3835/1078
f 1063/3833/1063 1078/3835/1078 1077/3836/1077
f 1064/3837/1064 1051/3838/1051 1065/3839/1065
f 1064/3837/1064 1065/3839/1065 1078/3840/1078
f 1065/3841/1065 1066/3842/1066 1080/3843/1080
f 1065/3841/1065 1080/3843/1080 1079/3844/1079
f 1066/3845/1066 1067/3846/1067 1081/3847/1081
f 1066/3845/1066 1081/3847/1081 1080/3848/1080
f 1067/3849/1067 1068/3850/1068 1082/3851/1082
f 1067/3849/1067 1082/3851/1082 1081/3852/1081
f 1068/3853/1068 1069/3854/1069 1083/3855/1083
f 1068/3853/1068 1083/3855/1083 1082/3856/1082
f 1069/3857/1069 1070/3858/1070 1084/3859/1084
f 1069/3857/1069 1084/3859/1084 1083/3860/1083
f 1070/3861/1070 1071/3862/1071 1085/3863/1085
f 1070/3861/1070 1085/3863/1085 1084/3864/1084
f 1071/3865/1071 1072/3866/1072 1086/3867/1086
f 1071/3865/1071 1086/3867/1086 1085/3868/1085
f 1072/3869/1072 1073/3870/1073 1087/3871/1087
f 1072/3869/1072 1087/3871/1087 1086/3872/1086
f 1073/3873/1073 1074/3874/1074 1088/3875/1088
f 1073/3873/1073 1088/3875/1088 1087/3876/1087
f 1074/3877/1074 1075/3878/1075 1089/3879/1089
f 1074/3877/1074 1089/3879/1089 1088/3880/1088
f 1075/3881/1075 1076/3882/1076 1090/3883/1090
f 1075/3881/1075 1090/3883/1090 1089/3884/1089
f 1076/3885/1076 1077/3886/1077 1091/3887/1091
f 1076/3885/1076 1091/3887/1091 1090/3888/1090
f 1077/3889/1077 1078/3890/1078 1092/3891/1092
f 1077/3889/1077 1092/3891/1092 1091/3892/1091
f 1078/3893/1078 1065/3894/1065 1079/3895/1079
f 1078/3893/1078 1079/3895/1079 1092/3896/1092
f 1079/3897/1079 1080/3898/1080 1094/3899/1094
f 1079/3897/1079 1094/3899/1094 1093/3900/1093
f 1080/3901/1080 1081/3902/1081 1095/3903/1095
f 1080/3901/1080 1095/3903/1095 1094/3904/1094
f 1081/3905/1081 1082/3906/1082 1096/3907/1096
f 1081/3905/1081 1096/3907/1096 1095/3908/1095
f 1082/3909/1082 1083/3910/1083 1097/3911/1097
f 1082/3909/1082 1097/3911/1097 1096/3912/1096
f 1083/3913/1083 1084/3914/1084 1098/3915/1098
f 1083/3913/1083 1098/3915/1098 1097/3916/1097
f 1084/3917/1084 1085/3918/1085 1099/3919/1099
f 1084/3917/1084 1099/3919/1099 1098/3920/1098
f 1085/3921/1085 1086/3922/1086 1100/3923/1100
f 1085/3921/1085 1100/3923/1100 1099/3924/1099
f 1086/3925/1086 1087/3926/1087 1101/3927/1101
f 1086/3925/1086 1101/3927/1101 1100/3928/1100
f 1087/3929/1087 1088/3930/1088 1102/3931/1102
f 1087/3929/1087 1102/3931/1102 1101/3932/1101
f 1088/3933/1088 1089/3934/1089 1103/3935/1103
f 1088/3933/1088 1103/3935/1103 1102/3936/1102
f 1089/3937/1089 1090/3938/1090 1104/3939/1104
f 1089/3937/1089 1104/3939/1104 1103/3940/1103
f 1090/3941/1090 1091/3942/1091 1105/3943/1105
f 1090/3941/1090 1105/3943/1105 1104/3944/1104
f 1091/3945/1091 1092/3946/1092 1106/3947/1106
f 1091/3945/1091 1106/3947/1106 1105/3948/1105
f 1092/3949/1092 1079/3950/1079 1093/3951/1093
f 1092/3949/1092 1093/3951/1093 1106/3952/1106
f 1857/6433/1857 1858/6434/1858 1870/6435/1870
f 1857/6433/1857 1870/6435/1870 1869/6436/1869
f 1858/6437/1858 1859/6438/1859 1871/6439/1871
f 1858/6437/1858 1871/6439/1871 1870/6440/1870
f 1859/6441/1859 1860/6442/1860 1872/6443/1872
f 1859/6441/1859 1872/6443/1872 1871/6444/1871
f 1860/6445/1860 1861/6446/1861 1873/6447/1873
f 1860/6445/1860 1873/6447/1873 1872/6448/1872
f 1861/6449/1861 1862/6450/1862 1874/6451/1874
f 1861/6449/1861 1874/6451/1874 1873/6452/1873
f 1862/6453/1862 1863/6454/1863 1875/6455/1875
f 1862/6453/1862 1875/6455/1875 1874/6456/1874
f 1863/6457/1863 1864/6458/1864 1876/6459/1876
f 1863/6457/1863 1876/6459/1876 1875/6460/1875
f 1864/6461/1864 1865/6462/1865 1877/6463/1877
f 1864/6461/1864 1877/6463/1877 1876/6464/1876
f 1865/6465/1865 1866/6466/1866 1878/6467/1878
f 1865/6465/1865 1878/6467/1878 1877/6468/1877
f 1866/6469/1866 1867/6470/1867 1879/6471/1879
f 1866/6469/1866 1879/6471/1879 1878/6472/1878
f 1867/6473/1867 1868/6474/1868 1880/6475/1880
f 1867/6473/1867 1880/6475/1880 1879/6476/1879
f 1868/6477/1868 1857/6478/1857 1869/6479/1869
f 1868/6477/1868 1869/6479/1869 1880/6480/1880
f 1869/6481/1869 1870/6482/1870 1882/6483/1882
f 1869/6481/1869 1882/6483/1882 1881/6484/1881
f 1870/6485/1870 1871/6486/1871 1883/6487/1883
f 1870/6485/1870 1883/6487/1883 1882/6488/1882
f 1871/6489/1871 1872/6490/1872 1884/6491/1884
f 1871/6489/1871 1884/6491/1884 1883/6492/1883
f 1872/6493/1872 1873/6494/1873 1885/6495/1885
f 1872/6493/1872 1885/6495/1885 1884/6496/1884
f 1873/6497/1873 1874/6498/1874 1886/6499/1886
f 1873/6497/1873 1886/6499/1886 1885/6500/1885
f 1874/6501/1874 1875/6502/1875 1887/6503/1887
f 1874/6501/1874 1887/6503/1887 1886/6504/1886
f 1875/6505/1875 1876/6506/1876 1888/6507/1888
f 1875/6505/1875 1888/6507/1888 1887/6508/1887
f 1876/6509/1876 1877/6510/1877 1889/6511/1889
f 1876/6509/1876 1889/6511/1889 1888/6512/1888
f 1877/6513/1877 1878/6514/1878 1890/6515/1890
f 1877/6513/1877 1890/6515/1890 1889/6516/1889
f 1878/6517/1878 1879/6518/1879 1891/6519/1891
f 1878/6517/1878 1891/6519/1891 1890/6520/1890
f 1879/6521/1879 1880/6522/1880 1892/6523/1892
f 1879/6521/1879 1892/6523/1892 1891/6524/1891
f 1880/6525/1880 1869/6526/1869 1881/6527/1881
f 1880/6525/1880 1881/6527/1881 1892/6528/1892
f 1881/6529/1881 1882/6530/1882 1894/6531/1894
f 1881/6529/1881 1894/6531/1894 1893/6532/1893
f 1882/6533/1882 1883/6534/1883 1895/6535/1895
f 1882/6533/1882 1895/6535/1895 1894/6536/1894
f 1883/6537/1883 1884/6538/1884 1896/6539/1896
f 1883/6537/1883 1896/6539/1896 1895/6540/1895
f 1884/6541/1884 1885/6542/1885 1897/6543/1897
f 1884/6541/1884 1897/6543/1897 1896/6544/1896
f 1885/6545/1885 1886/6546/1886 1898/6547/1898
f 1885/6545/1885 1898/6547/1898 1897/6548/1897
f 1886/6549/1886 1887/6550/1887 1899/6551/1899
f 1886/6549/1886 1899/6551/1899 1898/6552/1898
f 1887/6553/1887 1888/6554/1888 1900/6555/1900
f 1887/6553/1887 1900/6555/1900 1899/6556/1899
f 1888/6557/1888 1889/6558/1889 1901/6559/1901
f 1888/6557/1888 1901/6559/1901 1900/6560/1900
f 1889/6561/1889 1890/6562/1890 1902/6563/1902
f 1889/6561/1889 1902/6563/1902 1901/6564/1901
f 1890/6565/1890 1891/6566/1891 1903/6567/1903
f 1890/6565/1890 1903/6567/1903 1902/6568/1902
f 1891/6569/1891 1892/6570/1892 1904/6571/1904
f 1891/6569/1891 1904/6571/1904 1903/6572/1903
f 1892/6573/1892 1881/6574/1881 1893/6575/1893
f 1892/6573/1892 1893/6575/1893 1904/6576/1904
f 1893/6577/1893 1894/6578/1894 1906/6579/1906
f 1893/6577/1893 1906/6579/1906 1905/6580/1905
f 1894/6581/1894 1895/6582/1895 1907/6583/1907
f 1894/6581/1894 1907/6583/1907 1906/6584/1906
f 1895/6585/1895 1896/6586/1896 1908/6587/1908
f 1895/6585/1895 1908/6587/1908 1907/6588/1907
f 1896/6589/1896 1897/6590/1897 1909/6591/1909
f 1896/6589/1896 1909/6591/1909 1908/6592/1908
f 1897/6593/1897 1898/6594/1898 1910/6595/1910
f 1897/6593/1897 1910/6595/1910 1909/6596/1909
f 1898/6597/1898 1899/6598/1899 1911/6599/1911
f 1898/6597/1898 1911/6599/1911 1910/6600/1910
f 1899/6601/1899 1900/6602/1900 1912/6603/1912
f 1899/6601/1899 1912/6603/1912 1911/6604/1911
f 1900/6605/1900 1901/6606/1901 1913/6607/1913
f 1900/6605/1900 1913/6607/1913 1912/6608/1912
f 1901/6609/1901 1902/6610/1902 1914/6611/1914
f 1901/6609/1901 1914/6611/1914 1913/6612/1913
f 1902/6613/1902 1903/6614/1903 1915/6615/1915
f 1902/6613/1902 1915/6615/1915 1914/6616/1914
f 1903/6617/1903 1904/6618/1904 1916/6619/1916
f 1903/6617/1903 1916/6619/1916 1915/6620/1915
f 1904/6621/1904 1893/6622/1893 1905/6623/1905
f 1904/6621/1904 1905/6623/1905 1916/6624/1916
f 1905/6625/1905 1906/6626/1906 1918/6627/1918
f 1905/6625/1905 1918/6627/1918 1917/6628/1917
f 1906/6629/1906 1907/6630/1907 1919/6631/1919
f 1906/6629/1906 1919/6631/1919 1918/6632/1918
f 1907/6633/1907 1908/6634/1908 1920/6635/1920
f 1907/6633/1907 1920/6635/1920 1919/6636/1919
f 1908/6637/1908 1909/6638/1909 1921/6639/1921
f 1908/6637/1908 1921/6639/1921 1920/6640/1920
f 1909/6641/1909 1910/6642/1910 1922/6643/1922
f 1909/6641/1909 1922/6643/1922 1921/6644/1921
f 1910/6645/1910 1911/6646/1911 1923/6647/1923
f 1910/6645/1910 1923/6647/1923 1922/6648/1922
f 1911/6649/1911 1912/6650/1912 1924/6651/1924
f 1911/6649/1911 1924/6651/1924 1923/6652/1923
f 1912/6653/1912 1913/6654/1913 1925/6655/1925
f 1912/6653/1912 1925/6655/1925 1924/6656/1924
f 1913/6657/1913 1914/6658/1914 1926/6659/1926
f 1913/6657/1913 1926/6659/1926 1925/6660/1925
f 1914/6661/1914 1915/6662/1915 1927/6663/1927
f 1914/6661/1914 1927/6663/1927 1926/6664/1926
f 1915/6665/1915 1916/6666/1916 1928/6667/1928
f 1915/6665/1915 1928/6667/1928 1927/6668/1927
f 1916/6669/1916 1905/6670/1905 1917/6671/1917
f 1916/6669/1916 1917/6671/1917 1928/6672/1928
f 1929/6673/1929 1930/6674/1930 1942/6675/1942
f 1929/6673/1929 1942/6675/1942 1941/6676/1941
f 1930/6677/1930 1931/6678/1931 1943/6679/1943
f 1930/6677/1930 1943/6679/1943 1942/6680/1942
f 1931/6681/1931 1932/6682/1932 1944/6683/1944
f 1931/6681/1931 1944/6683/1944 1943/6684/1943
f 1932/6685/1932 1933/6686/1933 1945/6687/1945
f 1932/6685/1932 1945/6687/1945 1944/6688/1944
f 1933/6689/1933 1934/6690/1934 1946/6691/1946
f 1933/6689/1933 1946/6691/1946 1945/6692/1945
f 1934/6693/1934 1935/6694/1935 1947/6695/1947
f 1934/6693/1934 1947/6695/1947 1946/6696/1946
f 1935/6697/1935 1936/6698/1936 1948/6699/1948
f 1935/6697/1935 1948/6699/1948 1947/6700/1947
f 1936/6701/1936 1937/6702/1937 1949/6703/1949
f 1936/6701/1936 1949/6703/1949 1948/6704/1948
f 1937/6705/1937 1938/6706/1938 1950/6707/1950
f 1937/6705/1937 1950/6707/1950 1949/6708/1949
f 1938/6709/1938 1939/6710/1939 1951/6711/1951
f 1938/6709/1938 1951/6711/1951 1950/6712/1950
f 1939/6713/1939 1940/6714/1940 1952/6715/1952
f 1939/6713/1939 1952/6715/1952 1951/6716/1951
f 1940/6717/1940 1929/6718/1929 1941/6719/1941
f 1940/6717/1940 1941/6719/1941 1952/6720/1952
f 1941/6721/1941 1942/6722/1942 1954/6723/1954
f 1941/6721/1941 1954/6723/1954 1953/6724/1953
f 1942/6725/1942 1943/6726/1943 1955/6727/1955
f 1942/6725/1942 1955/6727/1955 1954/6728/1954
f 1943/6729/1943 1944/6730/1944 1956/6731/1956
f 1943/6729/1943 1956/6731/1956 1955/6732/1955
f 1944/6733/1944 1945/6734/1945 1957/6735/1957
f 1944/6733/1944 1957/6735/1957 1956/6736/1956
f 1945/6737/1945 1946/6738/1946 1958/6739/1958
f 1945/6737/1945 1958/6739/1958 1957/6740/1957
f 1946/6741/1946 1947/6742/1947 1959/6743/1959
f 1946/6741/1946 1959/6743/1959 1958/6744/1958
f 1947/6745/1947 1948/6746/1948 1960/6747/1960
f 1947/6745/1947 1960/6747/1960 1959/6748/1959
f 1948/6749/1948 1949/6750/1949 1961/6751/1961
f 1948/6749/1948 1961/6751/1961 1960/6752/1960
f 1949/6753/1949 1950/6754/1950 1962/6755/1962
f 1949/6753/1949 1962/6755/1962 1961/6756/1961
f 1950/6757/1950 1951/6758/1951 1963/6759/1963
f 1950/6757/1950 1963/6759/1963 1962/6760/1962
f 1951/6761/1951 1952/6762/1952 1964/6763/1964
f 1951/6761/1951 1964/6763/1964 1963/6764/1963
f 1952/6765/1952 1941/6766/1941 1953/6767/1953
f 1952/6765/1952 1953/6767/1953 1964/6768/1964
f 1953/6769/1953 1954/6770/1954 1966/6771/1966
f 1953/6769/1953 1966/6771/1966 1965/6772/1965
f 1954/6773/1954 1955/6774/1955 1967/6775/1967
f 1954/6773/1954 1967/6775/1967 1966/6776/1966
f 1955/6777/1955 1956/6778/1956 1968/6779/1968
f 1955/6777/1955 1968/6779/1968 1967/6780/1967
f 1956/6781/1956 1957/6782/1957 1969/6783/1969
f 1956/6781/1956 1969/6783/1969 1968/6784/1968
f 1957/6785/1957 1958/6786/1958 1970/6787/1970
f 1957/6785/1957 1970/6787/1970 1969/6788/1969
f 1958/6789/1958 1959/6790/1959 1971/6791/1971
f 1958/6789/1958 1971/6791/1971 1970/6792/1970
f 1959/6793/1959 1960/6794/1960 1972/6795/1972
f 1959/6793/1959 1972/6795/1972 1971/6796/1971
f 1960/6797/1960 1961/6798/1961 1973/6799/1973
f 1960/6797/1960 1973/6799/1973 1972/6800/1972
f 1961/6801/1961 1962/6802/1962 1974/6803/1974
f 1961/6801/1961 1974/6803/1974 1973/6804/1973
f 1962/6805/1962 1963/6806/1963 1975/6807/1975
f 1962/6805/1962 1975/6807/1975 1974/6808/1974
f 1963/6809/1963 1964/6810/1964 1976/6811/1976
f 1963/6809/1963 1976/6811/1976 1975/6812/1975
f 1964/6813/1964 1953/6814/1953 1965/6815/1965
f 1964/6813/1964 1965/6815/1965 1976/6816/1976
f 1965/6817/1965 1966/6818/1966 1978/6819/1978
f 1965/6817/1965 1978/6819/1978 1977/6820/1977
f 1966/6821/1966 1967/6822/1967 1979/6823/1979
f 1966/6821/1966 1979/6823/1979 1978/6824/1978
f 1967/6825/1967 1968/6826/1968 1980/6827/1980
f 1967/6825/1967 1980/6827/1980 1979/6828/1979
f 1968/6829/1968 1969/6830/1969 1981/6831/1981
f 1968/6829/1968 1981/6831/1981 1980/6832/1980
f 1969/6833/1969 1970/6834/1970 1982/6835/1982
f 1969/6833/1969 1982/6835/1982 1981/6836/1981
f 1970/6837/1970 1971/6838/1971 1983/6839/1983
f 1970/6837/1970 1983/6839/1983 1982/6840/1982
f 1971/6841/1971 1972/6842/1972 1984/6843/1984
f 1971/6841/1971 1984/6843/1984 1983/6844/1983
f 1972/6845/1972 1973/6846/1973 1985/6847/1985
f 1972/6845/1972 1985/6847/1985 1984/6848/1984
f 1973/6849/1973 1974/6850/1974 1986/6851/1986
f 1973/6849/1973 1986/6851/1986 1985/6852/1985
f 1974/6853/1974 1975/6854/1975 1987/6855/1987
f 1974/6853/1974 1987/6855/1987 1986/6856/1986
f 1975/6857/1975 1976/6858/1976 1988/6859/1988
f 1975/6857/1975 1988/6859/1988 1987/6860/1987
f 1976/6861/1976 1965/6862/1965 1977/6863/1977
f 1976/6861/1976 1977/6863/1977 1988/6864/1988
f 1977/6865/1977 1978/6866/1978 1990/6867/1990
f 1977/6865/1977 1990/6867/1990 1989/6868/1989
f 1978/6869/1978 1979/6870/1979 1991/6871/1991
f 1978/6869/1978 1991/6871/1991 1990/6872/1990
f 1979/6873/1979 1980/6874/1980 1992/6875/1992
f 1979/6873/1979 1992/6875/1992 1991/6876/1991
f 1980/6877/1980 1981/6878/1981 1993/6879/1993
f 1980/6877/1980 1993/6879/1993 1992/6880/1992
f 1981/6881/1981 1982/6882/1982 1994/6883/1994
f 1981/6881/1981 1994/6883/1994 1993/6884/1993
f 1982/6885/1982 1983/6886/1983 1995/6887/1995
f 1982/6885/1982 1995/6887/1995 1994/6888/1994
f 1983/6889/1983 1984/6890/1984 1996/6891/1996
f 1983/6889/1983 1996/6891/1996 1995/6892/1995
f 1984/6893/1984 1985/6894/1985 1997/6895/1997
f 1984/6893/1984 1997/6895/1997 1996/6896/1996
f 1985/6897/1985 1986/6898/1986 1998/6899/1998
f 1985/6897/1985 1998/6899/1998 1997/6900/1997
f 1986/6901/1986 1987/6902/1987 1999/6903/1999
f 1986/6901/1986 1999/6903/1999 1998/6904/1998
f 1987/6905/1987 1988/6906/1988 2000/6907/2000
f 1987/6905/1987 2000/6907/2000 1999/6908/1999
f 1988/6909/1988 1977/6910/1977 1989/6911/1989
f 1988/6909/1988 1989/6911/1989 2000/6912/2000
f 1989/6913/1989 1990/6914/1990 2002/6915/2002
f 1989/6913/1989 2002/6915/2002 2001/6916/2001
f 1990/6917/1990 1991/6918/1991 2003/6919/2003
f 1990/6917/1990 2003/6919/2003 2002/6920/2002
f 1991/6921/1991 1992/6922/1992 2004/6923/2004
f 1991/6921/1991 2004/6923/2004 2003/6924/2003
f 1992/6925/1992 1993/6926/1993 2005/6927/2005
f 1992/6925/1992 2005/6927/2005 2004/6928/2004
f 1993/6929/1993 1994/6930/1994 2006/6931/2006
f 1993/6929/1993 2006/6931/2006 2005/6932/2005
f 1994/6933/1994 1995/6934/1995 2007/6935/2007
f 1994/6933/1994 2007/6935/2007 2006/6936/2006
f 1995/6937/1995 1996/6938/1996 2008/6939/2008
f 1995/6937/1995 2008/6939/2008 2007/6940/2007
f 1996/6941/1996 1997/6942/1997 2009/6943/2009
f 1996/6941/1996 2009/6943/2009 2008/6944/2008
f 1997/6945/1997 1998/6946/1998 2010/6947/2010
f 1997/6945/1997 2010/6947/2010 2009/6948/2009
f 1998/6949/1998 1999/6950/1999 2011/6951/2011
f 1998/6949/1998 2011/6951/2011 2010/6952/2010
f 1999/6953/1999 2000/6954/2000 2012/6955/2012
f 1999/6953/1999 2012/6955/2012 2011/6956/2011
f 2000/6957/2000 1989/6958/1989 2001/6959/2001
f 2000/6957/2000 2001/6959/2001 2012/6960/2012
f 2013/6961/2013 2014/6962/2014 2026/6963/2026
f 2013/6961/2013 2026/6963/2026 2025/6964/2025
f 2014/6965/2014 2015/6966/2015 2027/6967/2027
f 2014/6965/2014 2027/6967/2027 2026/6968/2026
f 2015/6969/2015 2016/6970/2016 2028/6971/2028
f 2015/6969/2015 2028/6971/2028 2027/6972/2027
f 2016/6973/2016 2017/6974/2017 2029/6975/2029
f 2016/6973/2016 2029/6975/2029 2028/6976/2028
f 2017/6977/2017 2018/6978/2018 2030/6979/2030
f 2017/6977/2017 2030/6979/2030 2029/6980/2029
f 2018/6981/2018 2019/6982/2019 2031/6983/2031
f 2018/6981/2018 2031/6983/2031 2030/6984/2030
f 2019/6985/2019 2020/6986/2020 2032/6987/2032
f 2019/6985/2019 2032/6987/2032 2031/6988/2031
f 2020/6989/2020 2021/6990/2021 2033/6991/2033
f 2020/6989/2020 2033/6991/2033 2032/6992/2032
f 2021/6993/2021 2022/6994/2022 2034/6995/2034
f 2021/6993/2021 2034/6995/2034 2033/6996/2033
f 2022/6997/2022 2023/6998/2023 2035/6999/2035
f 2022/6997/2022 2035/6999/2035 2034/7000/2034
f 2023/7001/2023 2024/7002/2024 2036/7003/2036
f 2023/7001/2023 2036/7003/2036 2035/7004/2035
f 2024/7005/2024 2013/7006/2013 2025/7007/2025
f 2024/7005/2024 2025/7007/2025 2036/7008/2036
f 2025/7009/2025 2026/7010/2026 2038/7011/2038
f 2025/7009/2025 2038/7011/2038 2037/7012/2037
f 2026/7013/2026 2027/7014/2027 2039/7015/2039
f 2026/7013/2026 2039/7015/2039 2038/7016/2038
f 2027/7017/2027 2028/7018/2028 2040/7019/2040
f 2027/7017/2027 2040/7019/2040 2039/7020/2039
f 2028/7021/2028 2029/7022/2029 2041/7023/2041
f 2028/7021/2028 2041/7023/2041 2040/7024/2040
f 2029/7025/2029 2030/7026/2030 2042/7027/2042
f 2029/7025/2029 2042/7027/2042 2041/7028/2041
f 2030/7029/2030 2031/7030/2031 2043/7031/2043
f 2030/7029/2030 2043/7031/2043 2042/7032/2042
f 2031/7033/2031 2032/7034/2032 2044/7035/2044
f 2031/7033/2031 2044/7035/2044 2043/7036/2043
f 2032/7037/2032 2033/7038/2033 2045/7039/2045
f 2032/7037/2032 2045/7039/2045 2044/7040/2044
f 2033/7041/2033 2034/7042/2034 2046/7043/2046
f 2033/7041/2033 2046/7043/2046 2045/7044/2045
f 2034/7045/2034 2035/7046/2035 2047/7047/2047
f 2034/7045/2034 2047/7047/2047 2046/7048/2046
f 2035/7049/2035 2036/7050/2036 2048/7051/2048
f 2035/7049/2035 2048/7051/2048 2047/7052/2047
f 2036/7053/2036 2025/7054/2025 2037/7055/2037
f 2036/7053/2036 2037/7055/2037 2048/7056/2048
f 2037/7057/2037 2038/7058/2038 2050/7059/2050
f 2037/7057/2037 2050/7059/2050 2049/7060/2049
f 2038/7061/2038 2039/7062/2039 2051/7063/2051
f 2038/7061/2038 2051/7063/2051 2050/7064/2050
f 2039/7065/2039 2040/7066/2040 2052/7067/2052
f 2039/7065/2039 2052/7067/2052 2051/7068/2051
f 2040/7069/2040 2041/7070/2041 2053/7071/2053
f 2040/7069/2040 2053/7071/2053 2052/7072/2052
f 2041/7073/2041 2042/7074/2042 2054/7075/2054
f 2041/7073/2041 2054/7075/2054 2053/7076/2053
f 2042/7077/2042 2043/7078/2043 2055/7079/2055
f 2042/7077/2042 2055/7079/2055 2054/7080/2054
f 2043/7081/2043 2044/7082/2044 2056/7083/2056
f 2043/7081/2043 2056/7083/2056 2055/7084/2055
f 2044/7085/2044 2045/7086/2045 2057/7087/2057
f 2044/7085/2044 2057/7087/2057 2056/7088/2056
f 2045/7089/2045 2046/7090/2046 2058/7091/2058
f 2045/7089/2045 2058/7091/2058 2057/7092/2057
f 2046/7093/2046 2047/7094/2047 2059/7095/2059
f 2046/7093/2046 2059/7095/2059 2058/7096/2058
f 2047/7097/2047 2048/7098/2048 2060/7099/2060
f 2047/7097/2047 2060/7099/2060 2059/7100/2059
f 2048/7101/2048 2037/7102/2037 2049/7103/2049
f 2048/7101/2048 2049/7103/2049 2060/7104/2060
f 2049/7105/2049 2050/7106/2050 2062/7107/2062
f 2049/7105/2049 2062/7107/2062 2061/7108/2061
f 2050/7109/2050 2051/7110/2051 2063/7111/2063
f 2050/7109/2050 2063/7111/2063 2062/7112/2062
f 2051/7113/2051 2052/7114/2052 2064/7115/2064
f 2051/7113/2051 2064/7115/2064 2063/7116/2063
f 2052/7117/2052 2053/7118/2053 2065/7119/2065
f 2052/7117/2052 2065/7119/2065 2064/7120/2064
f 2053/7121/2053 2054/7122/2054 2066/7123/2066
f 2053/7121/2053 2066/7123/2066 2065/7124/2065
f 2054/7125/2054 2055/7126/2055 2067/7127/2067
f 2054/7125/2054 2067/7127/2067 2066/7128/2066
f 2055/7129/2055 2056/7130/2056 2068/7131/2068
f 2055/7129/2055 2068/7131/2068 2067/7132/2067
f 2056/7133/2056 2057/7134/2057 2069/7135/2069
f 2056/7133/2056 2069/7135/2069 2068/7136/2068
f 2057/7137/2057 2058/7138/2058 2070/7139/2070
f 2057/7137/2057 2070/7139/2070 2069/7140/2069
f 2058/7141/2058 2059/7142/2059 2071/7143/2071
f 2058/7141/2058 2071/7143/2071 2070/7144/2070
f 2059/7145/2059 2060/7146/2060 2072/7147/2072
f 2059/7145/2059 2072/7147/2072 2071/7148/2071
f 2060/7149/2060 2049/7150/2049 2061/7151/2061
f 2060/7149/2060 2061/7151/2061 2072/7152/2072
f 2061/7153/2061 2062/7154/2062 2074/7155/2074
f 2061/7153/2061 2074/7155/2074 2073/7156/2073
f 2062/7157/2062 2063/7158/2063 2075/7159/2075
f 2062/7157/2062 2075/7159/2075 2074/7160/2074
f 2063/7161/2063 2064/7162/2064 2076/7163/2076
f 2063/7161/2063 2076/7163/2076 2075/7164/2075
f 2064/7165/2064 2065/7166/2065 2077/7167/2077
f 2064/7165/2064 2077/7167/2077 2076/7168/2076
f 2065/7169/2065 2066/7170/2066 2078/7171/2078
f 2065/7169/2065 2078/7171/2078 2077/7172/2077
f 2066/7173/2066 2067/7174/2067 2079/7175/2079
f 2066/7173/2066 2079/7175/2079 2078/7176/2078
f 2067/7177/2067 2068/7178/2068 2080/7179/2080
f 2067/7177/2067 2080/7179/2080 2079/7180/2079
f 2068/7181/2068 2069/7182/2069 2081/7183/2081
f 2068/7181/2068 2081/7183/2081 2080/7184/2080
f 2069/7185/2069 2070/7186/2070 2082/7187/2082
f 2069/7185/2069 2082/7187/2082 2081/7188/2081
f 2070/7189/2070 2071/7190/2071 2083/7191/2083
f 2070/7189/2070 2083/7191/2083 2082/7192/2082
f 2071/7193/2071 2072/7194/2072 2084/7195/2084
f 2071/7193/2071 2084/7195/2084 2083/7196/2083
f 2072/7197/2072 2061/7198/2061 2073/7199/2073
f 2072/7197/2072 2073/7199/2073 2084/7200/2084
f 2085/7201/2085 2086/7202/2086 2098/7203/2098
f 2085/7201/2085 2098/7203/2098 2097/7204/2097
f 2086/7205/2086 2087/7206/2087 2099/7207/2099
f 2086/7205/2086 2099/7207/2099 2098/7208/2098
f 2087/7209/2087 2088/7210/2088 2100/7211/2100
f 2087/7209/2087 2100/7211/2100 2099/7212/2099
f 2088/7213/2088 2089/7214/2089 2101/7215/2101
f 2088/7213/2088 2101/7215/2101 2100/7216/2100
f 2089/7217/2089 2090/7218/2090 2102/7219/2102
f 2089/7217/2089 2102/7219/2102 2101/7220/2101
f 2090/7221/2090 2091/7222/2091 2103/7223/2103
f 2090/7221/2090 2103/7223/2103 2102/7224/2102
f 2091/7225/2091 2092/7226/2092 2104/7227/2104
f 2091/7225/2091 2104/7227/2104 2103/7228/2103
f 2092/7229/2092 2093/7230/2093 2105/7231/2105
f 2092/7229/2092 2105/7231/2105 2104/7232/2104
f 2093/7233/2093 2094/7234/2094 2106/7235/2106
f 2093/7233/2093 2106/7235/2106 2105/7236/2105
f 2094/7237/2094 2095/7238/2095 2107/7239/2107
f 2094/7237/2094 2107/7239/2107 2106/7240/2106
f 2095/7241/2095 2096/7242/2096 2108/7243/2108
f 2095/7241/2095 2108/7243/2108 2107/7244/2107
f 2096/7245/2096 2085/7246/2085 2097/7247/2097
f 2096/7245/2096 2097/7247/2097 2108/7248/2108
f 2097/7249/2097 2098/7250/2098 2110/7251/2110
f 2097/7249/2097 2110/7251/2110 2109/7252/2109
f 2098/7253/2098 2099/7254/2099 2111/7255/2111
f 2098/7253/2098 2111/7255/2111 2110/7256/2110
f 2099/7257/2099 2100/7258/2100 2112/7259/2112
f 2099/7257/2099 2112/7259/2112 2111/7260/2111
f 2100/7261/2100 2101/7262/2101 2113/7263/2113
f 2100/7261/2100 2113/7263/2113 2112/7264/2112
f 2101/7265/2101 2102/7266/2102 2114/7267/2114
f 2101/7265/2101 2114/7267/2114 2113/7268/2113
f 2102/7269/2102 2103/7270/2103 2115/7271/2115
f 2102/7269/2102 2115/7271/2115 2114/7272/2114
f 2103/7273/2103 2104/7274/2104 2116/7275/2116
f 2103/7273/2103 2116/7275/2116 2115/7276/2115
f 2104/7277/2104 2105/7278/2105 2117/7279/2117
f 2104/7277/2104 2117/7279/2117 2116/7280/2116
f 2105/7281/2105 2106/7282/2106 2118/7283/2118
f 2105/7281/2105 2118/7283/2118 2117/7284/2117
f 2106/7285/2106 2107/7286/2107 2119/7287/2119
f 2106/7285/2106 2119/7287/2119 2118/7288/2118
f 2107/7289/2107 2108/7290/2108 2120/7291/2120
f 2107/7289/2107 2120/7291/2120 2119/7292/2119
f 2108/7293/2108 2097/7294/2097 2109/7295/2109
f 2108/7293/2108 2109/7295/2109 2120/7296/2120
f 2109/7297/2109 2110/7298/2110 2122/7299/2122
f 2109/7297/2109 2122/7299/2122 2121/7300/2121
f 2110/7301/2110 2111/7302/2111 2123/7303/2123
f 2110/7301/2110 2123/7303/2123 2122/7304/2122
f 2111/7305/2111 2112/7306/2112 2124/7307/2124
f 2111/7305/2111 2124/7307/2124 2123/7308/2123
f 2112/7309/2112 2113/7310/2113 2125/7311/2125
f 2112/7309/2112 2125/7311/2125 2124/7312/2124
f 2113/7313/2113 2114/7314/2114 2126/7315/2126
f 2113/7313/2113 2126/7315/2126 2125/7316/2125
f 2114/7317/2114 2115/7318/2115 2127/7319/2127
f 2114/7317/2114 2127/7319/2127 2126/7320/2126
f 2115/7321/2115 2116/7322/2116 2128/7323/2128
f 2115/7321/2115 2128/7323/2128 2127/7324/2127
f 2116/7325/2116 2117/7326/2117 2129/7327/2129
f 2116/7325/2116 2129/7327/2129 2128/7328/2128
f 2117/7329/2117 2118/7330/2118 2130/7331/2130
f 2117/7329/2117 2130/7331/2130 2129/7332/2129
f 2118/7333/2118 2119/7334/2119 2131/7335/2131
f 2118/7333/2118 2131/7335/2131 2130/7336/2130
f 2119/7337/2119 2120/7338/2120 2132/7339/2132
f 2119/7337/2119 2132/7339/2132 2131/7340/2131
f 2120/7341/2120 2109/7342/2109 2121/7343/2121
f 2120/7341/2120 2121/7343/2121 2132/7344/2132
f 2121/7345/2121 2122/7346/2122 2134/7347/2134
f 2121/7345/2121 2134/7347/2134 2133/7348/2133
f 2122/7349/2122 2123/7350/2123 2135/7351/2135
f 2122/7349/2122 2135/7351/2135 2134/7352/2134
f 2123/7353/2123 2124/7354/2124 2136/7355/2136
f 2123/7353/2123 2136/7355/2136 2135/7356/2135
f 2124/7357/2124 2125/7358/2125 2137/7359/2137
f 2124/7357/2124 2137/7359/2137 2136/7360/2136
f 2125/7361/2125 2126/7362/2126 2138/7363/2138
f 2125/7361/2125 2138/7363/2138 2137/7364/2137
f 2126/7365/2126 2127/7366/2127 2139/7367/2139
f 2126/7365/2126 2139/7367/2139 2138/7368/2138
f 2127/7369/2127 2128/7370/2128 2140/7371/2140
f 2127/7369/2127 2140/7371/2140 2139/7372/2139
f 2128/7373/2128 2129/7374/2129 2141/7375/2141
f 2128/7373/2128 2141/7375/2141 2140/7376/2140
f 2129/7377/2129 2130/7378/2130 2142/7379/2142
f 2129/7377/2129 2142/7379/2142 2141/7380/2141
f 2130/7381/2130 2131/7382/2131 2143/7383/2143
f 2130/7381/2130 2143/7383/2143 2142/7384/2142
f 2131/7385/2131 2132/7386/2132 2144/7387/2144
f 2131/7385/2131 2144/7387/2144 2143/7388/2143
f 2132/7389/2132 2121/7390/2121 2133/7391/2133
f 2132/7389/2132 2133/7391/2133 2144/7392/2144
f 2133/7393/2133 2134/7394/2134 2146/7395/2146
f 2133/7393/2133 2146/7395/2146 2145/7396/2145
f 2134/7397/2134 2135/7398/2135 2147/7399/2147
f 2134/7397/2134 2147/7399/2147 2146/7400/2146
f 2135/7401/2135 2136/7402/2136 2148/7403/2148
f 2135/7401/2135 2148/7403/2148 2147/7404/2147
f 2136/7405/2136 2137/7406/2137 2149/7407/2149
f 2136/7405/2136 2149/7407/2149 2148/7408/2148
f 2137/7409/2137 2138/7410/2138 2150/7411/2150
f 2137/7409/2137 2150/7411/2150 2149/7412/2149
f 2138/7413/2138 2139/7414/2139 2151/7415/2151
f 2138/7413/2138 2151/7415/2151 2150/7416/2150
f 2139/7417/2139 2140/7418/2140 2152/7419/2152
f 2139/7417/2139 2152/7419/2152 2151/7420/2151
f 2140/7421/2140 2141/7422/2141 2153/7423/2153
f 2140/7421/2140 2153/7423/2153 2152/7424/2152
f 2141/7425/2141 2142/7426/2142 2154/7427/2154
f 2141/7425/2141 2154/7427/2154 2153/7428/2153
f 2142/7429/2142 2143/7430/2143 2155/7431/2155
f 2142/7429/2142 2155/7431/2155 2154/7432/2154
f 2143/7433/2143 2144/7434/2144 2156/7435/2156
f 2143/7433/2143 2156/7435/2156 2155/7436/2155
f 2144/7437/2144 2133/7438/2133 2145/7439/2145
f 2144/7437/2144 2145/7439/2145 2156/7440/2156
f 2145/7441/2145 2146/7442/2146 2158/7443/2158
f 2145/7441/2145 2158/7443/2158 2157/7444/2157
f 2146/7445/2146 2147/7446/2147 2159/7447/2159
f 2146/7445/2146 2159/7447/2159 2158/7448/2158
f 2147/7449/2147 2148/7450/2148 2160/7451/2160
f 2147/7449/2147 2160/7451/2160 2159/7452/2159
f 2148/7453/2148 2149/7454/2149 2161/7455/2161
f 2148/7453/2148 2161/7455/2161 2160/7456/2160
f 2149/7457/2149 2150/7458/2150 2162/7459/2162
f 2149/7457/2149 2162/7459/2162 2161/7460/2161
f 2150/7461/2150 2151/7462/2151 2163/7463/2163
f 2150/7461/2150 2163/7463/2163 2162/7464/2162
f 2151/7465/2151 2152/7466/2152 2164/7467/2164
f 2151/7465/2151 2164/7467/2164 2163/7468/2163
f 2152/7469/2152 2153/7470/2153 2165/7471/2165
f 2152/7469/2152 2165/7471/2165 2164/7472/2164
f 2153/7473/2153 2154/7474/2154 2166/7475/2166
f 2153/7473/2153 2166/7475/2166 2165/7476/2165
f 2154/7477/2154 2155/7478/2155 2167/7479/2167
f 2154/7477/2154 2167/7479/2167 2166/7480/2166
f 2155/7481/2155 2156/7482/2156 2168/7483/2168
f 2155/7481/2155 2168/7483/2168 2167/7484/2167
f 2156/7485/2156 2145/7486/2145 2157/7487/2157
f 2156/7485/2156 2157/7487/2157 2168/7488/2168
f 2169/7489/2169 2170/7490/2170 2176/7491/2176
f 2169/7489/2169 2176/7491/2176 2175/7492/2175
f 2170/7493/2170 2171/7494/2171 2177/7495/2177
f 2170/7493/2170 2177/7495/2177 2176/7496/2176
f 2171/7497/2171 2172/7498/2172 2178/7499/2178
f 2171/7497/2171 2178/7499/2178 2177/7500/2177
f 2172/7501/2172 2173/7502/2173 2179/7503/2179
f 2172/7501/2172 2179/7503/2179 2178/7504/2178
f 2173/7505/2173 2174/7506/2174 2180/7507/2180
f 2173/7505/2173 2180/7507/2180 2179/7508/2179
f 2174/7509/2174 2169/7510/2169 2175/7511/2175
f 2174/7509/2174 2175/7511/2175 2180/7512/2180
f 2175/7513/2175 2176/7514/2176 2182/7515/2182
f 2175/7513/2175 2182/7515/2182 2181/7516/2181
f 2176/7517/2176 2177/7518/2177 2183/7519/2183
f 2176/7517/2176 2183/7519/2183 2182/7520/2182
f 2177/7521/2177 2178/7522/2178 2184/7523/2184
f 2177/7521/2177 2184/7523/2184 2183/7524/2183
f 2178/7525/2178 2179/7526/2179 2185/7527/2185
f 2178/7525/2178 2185/7527/2185 2184/7528/2184
f 2179/7529/2179 2180/7530/2180 2186/7531/2186
f 2179/7529/2179 2186/7531/2186 2185/7532/2185
f 2180/7533/2180 2175/7534/2175 2181/7535/2181
f 2180/7533/2180 2181/7535/2181 2186/7536/2186
f 2187/7537/2187 2188/7538/2188 2196/7539/2196
f 2187/7537/2187 2196/7539/2196 2195/7540/2195
f 2188/7541/2188 2189/7542/2189 2197/7543/2197
f 2188/7541/2188 2197/7543/2197 2196/7544/2196
f 2189/7545/2189 2190/7546/2190 2198/7547/2198
f 2189/7545/2189 2198/7547/2198 2197/7548/2197
f 2190/7549/2190 2191/7550/2191 2199/7551/2199
f 2190/7549/2190 2199/7551/2199 2198/7552/2198
f 2191/7553/2191 2192/7554/2192 2200/7555/2200
f 2191/7553/2191 2200/7555/2200 2199/7556/2199
f 2192/7557/2192 2193/7558/2193 2201/7559/2201
f 2192/7557/2192 2201/7559/2201 2200/7560/2200
f 2193/7561/2193 2194/7562/2194 2202/7563/2202
f 2193/7561/2193 2202/7563/2202 2201/7564/2201
f 2194/7565/2194 2187/7566/2187 2195/7567/2195
f 2194/7565/2194 2195/7567/2195 2202/7568/2202
f 2195/7569/2195 2196/7570/2196 2204/7571/2204
f 2195/7569/2195 2204/7571/2204 2203/7572/2203
f 2196/7573/2196 2197/7574/2197 2205/7575/2205
f 2196/7573/2196 2205/7575/2205 2204/7576/2204
f 2197/7577/2197 2198/7578/2198 2206/7579/2206
f 2197/7577/2197 2206/7579/2206 2205/7580/2205
f 2198/7581/2198 2199/7582/2199 2207/7583/2207
f 2198/7581/2198 2207/7583/2207 2206/7584/2206
f 2199/7585/2199 2200/7586/2200 2208/7587/2208
f 2199/7585/2199 2208/7587/2208 2207/7588/2207
f 2200/7589/2200 2201/7590/2201 2209/7591/2209
f 2200/7589/2200 2209/7591/2209 2208/7592/2208
f 2201/7593/2201 2202/7594/2202 2210/7595/2210
f 2201/7593/2201 2210/7595/2210 2209/7596/2209
f 2202/7597/2202 2195/7598/2195 2203/7599/2203
f 2202/7597/2202 2203/7599/2203 2210/7600/2210
f 2203/7601/2203 2204/7602/2204 2212/7603/2212
f 2203/7601/2203 2212/7603/2212 2211/7604/2211
f 2204/7605/2204 2205/7606/2205 2213/7607/2213
f 2204/7605/2204 2213/7607/2213 2212/7608/2212
f 2205/7609/2205 2206/7610/2206 2214/7611/2214
f 2205/7609/2205 2214/7611/2214 2213/7612/2213
f 2206/7613/2206 2207/7614/2207 2215/7615/2215
f 2206/7613/2206 2215/7615/2215 2214/7616/2214
f 2207/7617/2207 2208/7618/2208 2216/7619/2216
f 2207/7617/2207 2216/7619/2216 2215/7620/2215
f 2208/7621/2208 2209/7622/2209 2217/7623/2217
f 2208/7621/2208 2217/7623/2217 2216/7624/2216
f 2209/7625/2209 2210/7626/2210 2218/7627/2218
f 2209/7625/2209 2218/7627/2218 2217/7628/2217
f 2210/7629/2210 2203/7630/2203 2211/7631/2211
f 2210/7629/2210 2211/7631/2211 2218/7632/2218
f 2345/8081/2345 2346/8082/2346 2358/8083/2358
f 2345/8081/2345 2358/8083/2358 2357/8084/2357
f 2346/8085/2346 2347/8086/2347 2359/8087/2359
f 2346/8085/2346 2359/8087/2359 2358/8088/2358
f 2347/8089/2347 2348/8090/2348 2360/8091/2360
f 2347/8089/2347 2360/8091/2360 2359/8092/2359
f 2348/8093/2348 2349/8094/2349 2361/8095/2361
f 2348/8093/2348 2361/8095/2361 2360/8096/2360
f 2349/8097/2349 2350/8098/2350 2362/8099/2362
f 2349/8097/2349 2362/8099/2362 2361/8100/2361
f 2350/8101/2350 2351/8102/2351 2363/8103/2363
f 2350/8101/2350 2363/8103/2363 2362/8104/2362
f 2351/8105/2351 2352/8106/2352 2364/8107/2364
f 2351/8105/2351 2364/8107/2364 2363/8108/2363
f 2352/8109/2352 2353/8110/2353 2365/8111/2365
f 2352/8109/2352 2365/8111/2365 2364/8112/2364
f 2353/8113/2353 2354/8114/2354 2366/8115/2366
f 2353/8113/2353 2366/8115/2366 2365/8116/2365
f 2354/8117/2354 2355/8118/2355 2367/8119/2367
f 2354/8117/2354 2367/8119/2367 2366/8120/2366
f 2355/8121/2355 2356/8122/2356 2368/8123/2368
f 2355/8121/2355 2368/8123/2368 2367/8124/2367
f 2356/8125/2356 2345/8126/2345 2357/8127/2357
f 2356/8125/2356 2357/8127/2357 2368/8128/2368
f 2357/8129/2357 2358/8130/2358 2370/8131/2370
f 2357/8129/2357 2370/8131/2370 2369/8132/2369
f 2358/8133/2358 2359/8134/2359 2371/8135/2371
f 2358/8133/2358 2371/8135/2371 2370/8136/2370
f 2359/8137/2359 2360/8138/2360 2372/8139/2372
f 2359/8137/2359 2372/8139/2372 2371/8140/2371
f 2360/8141/2360 2361/8142/2361 2373/8143/2373
f 2360/8141/2360 2373/8143/2373 2372/8144/2372
f 2361/8145/2361 2362/8146/2362 2374/8147/2374
f 2361/8145/2361 2374/8147/2374 2373/8148/2373
f 2362/8149/2362 2363/8150/2363 2375/8151/2375
f 2362/8149/2362 2375/8151/2375 2374/8152/2374
f 2363/8153/2363 2364/8154/2364 2376/8155/2376
f 2363/8153/2363 2376/8155/2376 2375/8156/2375
f 2364/8157/2364 2365/8158/2365 2377/8159/2377
f 2364/8157/2364 2377/8159/2377 2376/8160/2376
f 2365/8161/2365 2366/8162/2366 2378/8163/2378
f 2365/8161/2365 2378/8163/2378 2377/8164/2377
f 2366/8165/2366 2367/8166/2367 2379/8167/2379
f 2366/8165/2366 2379/8167/2379 2378/8168/2378
f 2367/8169/2367 2368/8170/2368 2380/8171/2380
f 2367/8169/2367 2380/8171/2380 2379/8172/2379
f 2368/8173/2368 2357/8174/2357 2369/8175/2369
f 2368/8173/2368 2369/8175/2369 2380/8176/2380
f 2369/8177/2369 2370/8178/2370 2382/8179/2382
f 2369/8177/2369 2382/8179/2382 2381/8180/2381
f 2370/8181/2370 2371/8182/2371 2383/8183/2383
f 2370/8181/2370 2383/8183/2383 2382/8184/2382
f 2371/8185/2371 2372/8186/2372 2384/8187/2384
f 2371/8185/2371 2384/8187/2384 2383/8188/2383
f 2372/8189/2372 2373/8190/2373 2385/8191/2385
f 2372/8189/2372 2385/8191/2385 2384/8192/2384
f 2373/8193/2373 2374/8194/2374 2386/8195/2386
f 2373/8193/2373 2386/8195/2386 2385/8196/2385
f 2374/8197/2374 2375/8198/2375 2387/8199/2387
f 2374/8197/2374 2387/8199/2387 2386/8200/2386
f 2375/8201/2375 2376/8202/2376 2388/8203/2388
f 2375/8201/2375 2388/8203/2388 2387/8204/2387
f 2376/8205/2376 2377/8206/2377 2389/8207/2389
f 2376/8205/2376 2389/8207/2389 2388/8208/2388
f 2377/8209/2377 2378/8210/2378 2390/8211/2390
f 2377/8209/2377 2390/8211/2390 2389/8212/2389
f 2378/8213/2378 2379/8214/2379 2391/8215/2391
f 2378/8213/2378 2391/8215/2391 2390/8216/2390
f 2379/8217/2379 2380/8218/2380 2392/8219/2392
f 2379/8217/2379 2392/8219/2392 2391/8220/2391
f 2380/8221/2380 2369/8222/2369 2381/8223/2381
f 2380/8221/2380 2381/8223/2381 2392/8224/2392
f 2381/8225/2381 2382/8226/2382 2394/8227/2394
f 2381/8225/2381 2394/8227/2394 2393/8228/2393
f 2382/8229/2382 2383/8230/2383 2395/8231/2395
f 2382/8229/2382 2395/8231/2395 2394/8232/2394
f 2383/8233/2383 2384/8234/2384 2396/8235/2396
f 2383/8233/2383 2396/8235/2396 2395/8236/2395
f 2384/8237/2384 2385/8238/2385 2397/8239/2397
f 2384/8237/2384 2397/8239/2397 2396/8240/2396
f 2385/8241/2385 2386/8242/2386 2398/8243/2398
f 2385/8241/2385 2398/8243/2398 2397/8244/2397
f 2386/8245/2386 2387/8246/2387 2399/8247/2399
f 2386/8245/2386 2399/8247/2399 2398/8248/2398
f 2387/8249/2387 2388/8250/2388 2400/8251/2400
f 2387/8249/2387 2400/8251/2400 2399/8252/2399
f 2388/8253/2388 2389/8254/2389 2401/8255/2401
f 2388/8253/2388 2401/8255/2401 2400/8256/2400
f 2389/8257/2389 2390/8258/2390 2402/8259/2402
f 2389/8257/2389 2402/8259/2402 2401/8260/2401
f 2390/8261/2390 2391/8262/2391 2403/8263/2403
f 2390/8261/2390 2403/8263/2403 2402/8264/2402
f 2391/8265/2391 2392/8266/2392 2404/8267/2404
f 2391/8265/2391 2404/8267/2404 2403/8268/2403
f 2392/8269/2392 2381/8270/2381 2393/8271/2393
f 2392/8269/2392 2393/8271/2393 2404/8272/2404
f 2393/8273/2393 2394/8274/2394 2406/8275/2406
f 2393/8273/2393 2406/8275/2406 2405/8276/2405
f 2394/8277/2394 2395/8278/2395 2407/8279/2407
f 2394/8277/2394 2407/8279/2407 2406/8280/2406
f 2395/8281/2395 2396/8282/2396 2408/8283/2408
f 2395/8281/2395 2408/8283/2408 2407/8284/2407
f 2396/8285/2396 2397/8286/2397 2409/8287/2409
f 2396/8285/2396 2409/8287/2409 2408/8288/2408
f 2397/8289/2397 2398/8290/2398 2410/8291/2410
f 2397/8289/2397 2410/8291/2410 2409/8292/2409
f 2398/8293/2398 2399/8294/2399 2411/8295/2411
f 2398/8293/2398 2411/8295/2411 2410/8296/2410
f 2399/8297/2399 2400/8298/2400 2412/8299/2412
f 2399/8297/2399 2412/8299/2412 2411/8300/2411
f 2400/8301/2400 2401/8302/2401 2413/8303/2413
f 2400/8301/2400 2413/8303/2413 2412/8304/2412
f 2401/8305/2401 2402/8306/2402 2414/8307/2414
f 2401/8305/2401 2414/8307/2414 2413/8308/2413
f 2402/8309/2402 2403/8310/2403 2415/8311/2415
f 2402/8309/2402 2415/8311/2415 2414/8312/2414
f 2403/8313/2403 2404/8314/2404 2416/8315/2416
f 2403/8313/2403 2416/8315/2416 2415/8316/2415
f 2404/8317/2404 2393/8318/2393 2405/8319/2405
f 2404/8317/2404 2405/8319/2405 2416/8320/2416
f 2417/8321/2417 2418/8322/2418 2430/8323/2430
f 2417/8321/2417 2430/8323/2430 2429/8324/2429
f 2418/8325/2418 2419/8326/2419 2431/8327/2431
f 2418/8325/2418 2431/8327/2431 2430/8328/2430
f 2419/8329/2419 2420/8330/2420 2432/8331/2432
f 2419/8329/2419 2432/8331/2432 2431/8332/2431
f 2420/8333/2420 2421/8334/2421 2433/8335/2433
f 2420/8333/2420 2433/8335/2433 2432/8336/2432
f 2421/8337/2421 2422/8338/2422 2434/8339/2434
f 2421/8337/2421 2434/8339/2434 2433/8340/2433
f 2422/8341/2422 2423/8342/2423 2435/8343/2435
f 2422/8341/2422 2435/8343/2435 2434/8344/2434
f 2423/8345/2423 2424/8346/2424 2436/8347/2436
f 2423/8345/2423 2436/8347/2436 2435/8348/2435
f 2424/8349/2424 2425/8350/2425 2437/8351/2437
f 2424/8349/2424 2437/8351/2437 2436/8352/2436
f 2425/8353/2425 2426/8354/2426 2438/8355/2438
f 2425/8353/2425 2438/8355/2438 2437/8356/2437
f 2426/8357/2426 2427/8358/2427 2439/8359/2439
f 2426/8357/2426 2439/8359/2439 2438/8360/2438
f 2427/8361/2427 2428/8362/2428 2440/8363/2440
f 2427/8361/2427 2440/8363/2440 2439/8364/2439
f 2428/8365/2428 2417/8366/2417 2429/8367/2429
f 2428/8365/2428 2429/8367/2429 2440/8368/2440
f 2429/8369/2429 2430/8370/2430 2442/8371/2442
f 2429/8369/2429 2442/8371/2442 2441/8372/2441
f 2430/8373/2430 2431/8374/2431 2443/8375/2443
f 2430/8373/2430 2443/8375/2443 2442/8376/2442
f 2431/8377/2431 2432/8378/2432 2444/8379/2444
f 2431/8377/2431 2444/8379/2444 2443/8380/2443
f 2432/8381/2432 2433/8382/2433 2445/8383/2445
f 2432/8381/2432 2445/8383/2445 2444/8384/2444
f 2433/8385/2433 2434/8386/2434 2446/8387/2446
f 2433/8385/2433 2446/8387/2446 2445/8388/2445
f 2434/8389/2434 2435/8390/2435 2447/8391/2447
f 2434/8389/2434 2447/8391/2447 2446/8392/2446
f 2435/8393/2435 2436/8394/2436 2448/8395/2448
f 2435/8393/2435 2448/8395/2448 2447/8396/2447
f 2436/8397/2436 2437/8398/2437 2449/8399/2449
f 2436/8397/2436 2449/8399/2449 2448/8400/2448
f 2437/8401/2437 2438/8402/2438 2450/8403/2450
f 2437/8401/2437 2450/8403/2450 2449/8404/2449
f 2438/8405/2438 2439/8406/2439 2451/8407/2451
f 2438/8405/2438 2451/8407/2451 2450/8408/2450
f 2439/8409/2439 2440/8410/2440 2452/8411/2452
f 2439/8409/2439 2452/8411/2452 2451/8412/2451
f 2440/8413/2440 2429/8414/2429 2441/8415/2441
f 2440/8413/2440 2441/8415/2441 2452/8416/2452
f 2441/8417/2441 2442/8418/2442 2454/8419/2454
f 2441/8417/2441 2454/8419/2454 2453/8420/2453
f 2442/8421/2442 2443/8422/2443 2455/8423/2455
f 2442/8421/2442 2455/8423/2455 2454/8424/2454
f 2443/8425/2443 2444/8426/2444 2456/8427/2456
f 2443/8425/2443 2456/8427/2456 2455/8428/2455
f 2444/8429/2444 2445/8430/2445 2457/8431/2457
f 2444/8429/2444 2457/8431/2457 2456/8432/2456
f 2445/8433/2445 2446/8434/2446 2458/8435/2458
f 2445/8433/2445 2458/8435/2458 2457/8436/2457
f 2446/8437/2446 2447/8438/2447 2459/8439/2459
f 2446/8437/2446 2459/8439/2459 2458/8440/2458
f 2447/8441/2447 2448/8442/2448 2460/8443/2460
f 2447/8441/2447 2460/8443/2460 2459/8444/2459
f 2448/8445/2448 2449/8446/2449 2461/8447/2461
f 2448/8445/2448 2461/8447/2461 2460/8448/2460
f 2449/8449/2449 2450/8450/2450 2462/8451/2462
f 2449/8449/2449 2462/8451/2462 2461/8452/2461
f 2450/8453/2450 2451/8454/2451 2463/8455/2463
f 2450/8453/2450 2463/8455/2463 2462/8456/2462
f 2451/8457/2451 2452/8458/2452 2464/8459/2464
f 2451/8457/2451 2464/8459/2464 2463/8460/2463
f 2452/8461/2452 2441/8462/2441 2453/8463/2453
f 2452/8461/2452 2453/8463/2453 2464/8464/2464
f 2453/8465/2453 2454/8466/2454 2466/8467/2466
f 2453/8465/2453 2466/8467/2466 2465/8468/2465
f 2454/8469/2454 2455/8470/2455 2467/8471/2467
f 2454/8469/2454 2467/8471/2467 2466/8472/2466
f 2455/8473/2455 2456/8474/2456 2468/8475/2468
f 2455/8473/2455 2468/8475/2468 2467/8476/2467
f 2456/8477/2456 2457/8478/2457 2469/8479/2469
f 2456/8477/2456 2469/8479/2469 2468/8480/2468
f 2457/8481/2457 2458/8482/2458 2470/8483/2470
f 2457/8481/2457 2470/8483/2470 2469/8484/2469
f 2458/8485/2458 2459/8486/2459 2471/8487/2471
f 2458/8485/2458 2471/8487/2471 2470/8488/2470
f 2459/8489/2459 2460/8490/2460 2472/8491/2472
f 2459/8489/2459 2472/8491/2472 2471/8492/2471
f 2460/8493/2460 2461/8494/2461 2473/8495/2473
f 2460/8493/2460 2473/8495/2473 2472/8496/2472
f 2461/8497/2461 2462/8498/2462 2474/8499/2474
f 2461/8497/2461 2474/8499/2474 2473/8500/2473
f 2462/8501/2462 2463/8502/2463 2475/8503/2475
f 2462/8501/2462 2475/8503/2475 2474/8504/2474
f 2463/8505/2463 2464/8506/2464 2476/8507/2476
f 2463/8505/2463 2476/8507/2476 2475/8508/2475
f 2464/8509/2464 2453/8510/2453 2465/8511/2465
f 2464/8509/2464 2465/8511/2465 2476/8512/2476
f 2465/8513/2465 2466/8514/2466 2478/8515/2478
f 2465/8513/2465 2478/8515/2478 2477/8516/2477
f 2466/8517/2466 2467/8518/2467 2479/8519/2479
f 2466/8517/2466 2479/8519/2479 2478/8520/2478
f 2467/8521/2467 2468/8522/2468 2480/8523/2480
f 2467/8521/2467 2480/8523/2480 2479/8524/2479
f 2468/8525/2468 2469/8526/2469 2481/8527/2481
f 2468/8525/2468 2481/8527/2481 2480/8528/2480
f 2469/8529/2469 2470/8530/2470 2482/8531/2482
f 2469/8529/2469 2482/8531/2482 2481/8532/2481
f 2470/8533/2470 2471/8534/2471 2483/8535/2483
f 2470/8533/2470 2483/8535/2483 2482/8536/2482
f 2471/8537/2471 2472/8538/2472 2484/8539/2484
f 2471/8537/2471 2484/8539/2484 2483/8540/2483
f 2472/8541/2472 2473/8542/2473 2485/8543/2485
f 2472/8541/2472 2485/8543/2485 2484/8544/2484
f 2473/8545/2473 2474/8546/2474 2486/8547/2486
f 2473/8545/2473 2486/8547/2486 2485/8548/2485
f 2474/8549/2474 2475/8550/2475 2487/8551/2487
f 2474/8549/2474 2487/8551/2487 2486/8552/2486
f 2475/8553/2475 2476/8554/2476 2488/8555/2488
f 2475/8553/2475 2488/8555/2488 2487/8556/2487
f 2476/8557/2476 2465/8558/2465 2477/8559/2477
f 2476/8557/2476 2477/8559/2477 2488/8560/2488
f 2477/8561/2477 2478/8562/2478 2490/8563/2490
f 2477/8561/2477 2490/8563/2490 2489/8564/2489
f 2478/8565/2478 2479/8566/2479 2491/8567/2491
f 2478/8565/2478 2491/8567/2491 2490/8568/2490
f 2479/8569/2479 2480/8570/2480 2492/8571/2492
f 2479/8569/2479 2492/8571/2492 2491/8572/2491
f 2480/8573/2480 2481/8574/2481 2493/8575/2493
f 2480/8573/2480 2493/8575/2493 2492/8576/2492
f 2481/8577/2481 2482/8578/2482 2494/8579/2494
f 2481/8577/2481 2494/8579/2494 2493/8580/2493
f 2482/8581/2482 2483/8582/2483 2495/8583/2495
f 2482/8581/2482 2495/8583/2495 2494/8584/2494
f 2483/8585/2483 2484/8586/2484 2496/8587/2496
f 2483/8585/2483 2496/8587/2496 2495/8588/2495
f 2484/8589/2484 2485/8590/2485 2497/8591/2497
f 2484/8589/2484 2497/8591/2497 2496/8592/2496
f 2485/8593/2485 2486/8594/2486 2498/8595/2498
f 2485/8593/2485 2498/8595/2498 2497/8596/2497
f 2486/8597/2486 2487/8598/2487 2499/8599/2499
f 2486/8597/2486 2499/8599/2499 2498/8600/2498
f 2487/8601/2487 2488/8602/2488 2500/8603/2500
f 2487/8601/2487 2500/8603/2500 2499/8604/2499
f 2488/8605/2488 2477/8606/2477 2489/8607/2489
f 2488/8605/2488 2489/8607/2489 2500/8608/2500
f 2501/8609/2501 2502/8610/2502 2514/8611/2514
f 2501/8609/2501 2514/8611/2514 2513/8612/2513
f 2502/8613/2502 2503/8614/2503 2515/8615/2515
f 2502/8613/2502 2515/8615/2515 2514/8616/2514
f 2503/8617/2503 2504/8618/2504 2516/8619/2516
f 2503/8617/2503 2516/8619/2516 2515/8620/2515
f 2504/8621/2504 2505/8622/2505 2517/8623/2517
f 2504/8621/2504 2517/8623/2517 2516/8624/2516
f 2505/8625/2505 2506/8626/2506 2518/8627/2518
f 2505/8625/2505 2518/8627/2518 2517/8628/2517
f 2506/8629/2506 2507/8630/2507 2519/8631/2519
f 2506/8629/2506 2519/8631/2519 2518/8632/2518
f 2507/8633/2507 2508/8634/2508 2520/8635/2520
f 2507/8633/2507 2520/8635/2520 2519/8636/2519
f 2508/8637/2508 2509/8638/2509 2521/8639/2521
f 2508/8637/2508 2521/8639/2521 2520/8640/2520
f 2509/8641/2509 2510/8642/2510 2522/8643/2522
f 2509/8641/2509 2522/8643/2522 2521/8644/2521
f 2510/8645/2510 2511/8646/2511 2523/8647/2523
f 2510/8645/2510 2523/8647/2523 2522/8648/2522
f 2511/8649/2511 2512/8650/2512 2524/8651/2524
f 2511/8649/2511 2524/8651/2524 2523/8652/2523
f 2512/8653/2512 2501/8654/2501 2513/8655/2513
f 2512/8653/2512 2513/8655/2513 2524/8656/2524
f 2513/8657/2513 2514/8658/2514 2526/8659/2526
f 2513/8657/2513 2526/8659/2526 2525/8660/2525
f 2514/8661/2514 2515/8662/2515 2527/8663/2527
f 2514/8661/2514 2527/8663/2527 2526/8664/2526
f 2515/8665/2515 2516/8666/2516 2528/8667/2528
f 2515/8665/2515 2528/8667/2528 2527/8668/2527
f 2516/8669/2516 2517/8670/2517 2529/8671/2529
f 2516/8669/2516 2529/8671/2529 2528/8672/2528
f 2517/8673/2517 2518/8674/2518 2530/8675/2530
f 2517/8673/2517 2530/8675/2530 2529/8676/2529
f 2518/8677/2518 2519/8678/2519 2531/8679/2531
f 2518/8677/2518 2531/8679/2531 2530/8680/2530
f 2519/8681/2519 2520/8682/2520 2532/8683/2532
f 2519/8681/2519 2532/8683/2532 2531/8684/2531
f 2520/8685/2520 2521/8686/2521 2533/8687/2533
f 2520/8685/2520 2533/8687/2533 2532/8688/2532
f 2521/8689/2521 2522/8690/2522 2534/8691/2534
f 2521/8689/2521 2534/8691/2534 2533/8692/2533
f 2522/8693/2522 2523/8694/2523 2535/8695/2535
f 2522/8693/2522 2535/8695/2535 2534/8696/2534
f 2523/8697/2523 2524/8698/2524 2536/8699/2536
f 2523/8697/2523 2536/8699/2536 2535/8700/2535
f 2524/8701/2524 2513/8702/2513 2525/8703/2525
f 2524/8701/2524 2525/8703/2525 2536/8704/2536
f 2525/8705/2525 2526/8706/2526 2538/8707/2538
f 2525/8705/2525 2538/8707/2538 2537/8708/2537
f 2526/8709/2526 2527/8710/2527 2539/8711/2539
f 2526/8709/2526 2539/8711/2539 2538/8712/2538
f 2527/8713/2527 2528/8714/2528 2540/8715/2540
f 2527/8713/2527 2540/8715/2540 2539/8716/2539
f 2528/8717/2528 2529/8718/2529 2541/8719/2541
f 2528/8717/2528 2541/8719/2541 2540/8720/2540
f 2529/8721/2529 2530/8722/2530 2542/8723/2542
f 2529/8721/2529 2542/8723/2542 2541/8724/2541
f 2530/8725/2530 2531/8726/2531 2543/8727/2543
f 2530/8725/2530 2543/8727/2543 2542/8728/2542
f 2531/8729/2531 2532/8730/2532 2544/8731/2544
f 2531/8729/2531 2544/8731/2544 2543/8732/2543
f 2532/8733/2532 2533/8734/2533 2545/8735/2545
f 2532/8733/2532 2545/8735/2545 2544/8736/2544
f 2533/8737/2533 2534/8738/2534 2546/8739/2546
f 2533/8737/2533 2546/8739/2546 2545/8740/2545
f 2534/8741/2534 2535/8742/2535 2547/8743/2547
f 2534/8741/2534 2547/8743/2547 2546/8744/2546
f 2535/8745/2535 2536/8746/2536 2548/8747/2548
f 2535/8745/2535 2548/8747/2548 2547/8748/2547
f 2536/8749/2536 2525/8750/2525 2537/8751/2537
f 2536/8749/2536 2537/8751/2537 2548/8752/2548
f 2537/8753/2537 2538/8754/2538 2550/8755/2550
f 2537/8753/2537 2550/8755/2550 2549/8756/2549
f 2538/8757/2538 2539/8758/2539 2551/8759/2551
f 2538/8757/2538 2551/8759/2551 2550/8760/2550
f 2539/8761/2539 2540/8762/2540 2552/8763/2552
f 2539/8761/2539 2552/8763/2552 2551/8764/2551
f 2540/8765/2540 2541/8766/2541 2553/8767/2553
f 2540/8765/2540 2553/8767/2553 2552/8768/2552
f 2541/8769/2541 2542/8770/2542 2554/8771/2554
f 2541/8769/2541 2554/8771/2554 2553/8772/2553
f 2542/8773/2542 2543/8774/2543 2555/8775/2555
f 2542/8773/2542 2555/8775/2555 2554/8776/2554
f 2543/8777/2543 2544/8778/2544 2556/8779/2556
f 2543/8777/2543 2556/8779/2556 2555/8780/2555
f 2544/8781/2544 2545/8782/2545 2557/8783/2557
f 2544/8781/2544 2557/8783/2557 2556/8784/2556
f 2545/8785/2545 2546/8786/2546 2558/8787/2558
f 2545/8785/2545 2558/8787/2558 2557/8788/2557
f 2546/8789/2546 2547/8790/2547 2559/8791/2559
f 2546/8789/2546 2559/8791/2559 2558/8792/2558
f 2547/8793/2547 2548/8794/2548 2560/8795/2560
f 2547/8793/2547 2560/8795/2560 2559/8796/2559
f 2548/8797/2548 2537/8798/2537 2549/8799/2549
f 2548/8797/2548 2549/8799/2549 2560/8800/2560
f 2549/8801/2549 2550/8802/2550 2562/8803/2562
f 2549/8801/2549 2562/8803/2562 2561/8804/2561
f 2550/8805/2550 2551/8806/2551 2563/8807/2563
f 2550/8805/2550 2563/8807/2563 2562/8808/2562
f 2551/8809/2551 2552/8810/2552 2564/8811/2564
f 2551/8809/2551 2564/8811/2564 2563/8812/2563
f 2552/8813/2552 2553/8814/2553 2565/8815/2565
f 2552/8813/2552 2565/8815/2565 2564/8816/2564
f 2553/8817/2553 2554/8818/2554 2566/8819/2566
f 2553/8817/2553 2566/8819/2566 2565/8820/2565
f 2554/8821/2554 2555/8822/2555 2567/8823/2567
f 2554/8821/2554 2567/8823/2567 2566/8824/2566
f 2555/8825/2555 2556/8826/2556 2568/8827/2568
f 2555/8825/2555 2568/8827/2568 2567/8828/2567
f 2556/8829/2556 2557/8830/2557 2569/8831/2569
f 2556/8829/2556 2569/8831/2569 2568/8832/2568
f 2557/8833/2557 2558/8834/2558 2570/8835/2570
f 2557/8833/2557 2570/8835/2570 2569/8836/2569
f 2558/8837/2558 2559/8838/2559 2571/8839/2571
f 2558/8837/2558 2571/8839/2571 2570/8840/2570
f 2559/8841/2559 2560/8842/2560 2572/8843/2572
f 2559/8841/2559 2572/8843/2572 2571/8844/2571
f 2560/8845/2560 2549/8846/2549 2561/8847/2561
f 2560/8845/2560 2561/8847/2561 2572/8848/2572
f 2573/8849/2573 2574/8850/2574 2586/8851/2586
f 2573/8849/2573 2586/8851/2586 2585/8852/2585
f 2574/8853/2574 2575/8854/2575 2587/8855/2587
f 2574/8853/2574 2587/8855/2587 2586/8856/2586
f 2575/8857/2575 2576/8858/2576 2588/8859/2588
f 2575/8857/2575 2588/8859/2588 2587/8860/2587
f 2576/8861/2576 2577/8862/2577 2589/8863/2589
f 2576/8861/2576 2589/8863/2589 2588/8864/2588
f 2577/8865/2577 2578/8866/2578 2590/8867/2590
f 2577/8865/2577 2590/8867/2590 2589/8868/2589
f 2578/8869/2578 2579/8870/2579 2591/8871/2591
f 2578/8869/2578 2591/8871/2591 2590/8872/2590
f 2579/8873/2579 2580/8874/2580 2592/8875/2592
f 2579/8873/2579 2592/8875/2592 2591/8876/2591
f 2580/8877/2580 2581/8878/2581 2593/8879/2593
f 2580/8877/2580 2593/8879/2593 2592/8880/2592
f 2581/8881/2581 2582/8882/2582 2594/8883/2594
f 2581/8881/2581 2594/8883/2594 2593/8884/2593
f 2582/8885/2582 2583/8886/2583 2595/8887/2595
f 2582/8885/2582 2595/8887/2595 2594/8888/2594
f 2583/8889/2583 2584/8890/2584 2596/8891/2596
f 2583/8889/2583 2596/8891/2596 2595/8892/2595
f 2584/8893/2584 2573/8894/2573 2585/8895/2585
f 2584/8893/2584 2585/8895/2585 2596/8896/2596
f 2585/8897/2585 2586/8898/2586 2598/8899/2598
f 2585/8897/2585 2598/8899/2598 2597/8900/2597
f 2586/8901/2586 2587/8902/2587 2599/8903/2599
f 2586/8901/2586 2599/8903/2599 2598/8904/2598
f 2587/8905/2587 2588/8906/2588 2600/8907/2600
f 2587/8905/2587 2600/8907/2600 2599/8908/2599
f 2588/8909/2588 2589/8910/2589 2601/8911/2601
f 2588/8909/2588 2601/8911/2601 2600/8912/2600
f 2589/8913/2589 2590/8914/2590 2602/8915/2602
f 2589/8913/2589 2602/8915/2602 2601/8916/2601
f 2590/8917/2590 2591/8918/2591 2603/8919/2603
f 2590/8917/2590 2603/8919/2603 2602/8920/2602
f 2591/8921/2591 2592/8922/2592 2604/8923/2604
f 2591/8921/2591 2604/8923/2604 2603/8924/2603
f 2592/8925/2592 2593/8926/2593 2605/8927/2605
f 2592/8925/2592 2605/8927/2605 2604/8928/2604
f 2593/8929/2593 2594/8930/2594 2606/8931/2606
f 2593/8929/2593 2606/8931/2606 2605/8932/2605
f 2594/8933/2594 2595/8934/2595 2607/8935/2607
f 2594/8933/2594 2607/8935/2607 2606/8936/2606
f 2595/8937/2595 2596/8938/2596 2608/8939/2608
f 2595/8937/2595 2608/8939/2608 2607/8940/2607
f 2596/8941/2596 2585/8942/2585 2597/8943/2597
f 2596/8941/2596 2597/8943/2597 2608/8944/2608
f 2597/8945/2597 2598/8946/2598 2610/8947/2610
f 2597/8945/2597 2610/8947/2610 2609/8948/2609
f 2598/8949/2598 2599/8950/2599 2611/8951/2611
f 2598/8949/2598 2611/8951/2611 2610/8952/2610
f 2599/8953/2599 2600/8954/2600 2612/8955/2612
f 2599/8953/2599 2612/8955/2612 2611/8956/2611
f 2600/8957/2600 2601/8958/2601 2613/8959/2613
f 2600/8957/2600 2613/8959/2613 2612/8960/2612
f 2601/8961/2601 2602/8962/2602 2614/8963/2614
f 2601/8961/2601 2614/8963/2614 2613/8964/2613
f 2602/8965/2602 2603/8966/2603 2615/8967/2615
f 2602/8965/2602 2615/8967/2615 2614/8968/2614
f 2603/8969/2603 2604/8970/2604 2616/8971/2616
f 2603/8969/2603 2616/8971/2616 2615/8972/2615
f 2604/8973/2604 2605/8974/2605 2617/8975/2617
f 2604/8973/2604 2617/8975/2617 2616/8976/2616
f 2605/8977/2605 2606/8978/2606 2618/8979/2618
f 2605/8977/2605 2618/8979/2618 2617/8980/2617
f 2606/8981/2606 2607/8982/2607 2619/8983/2619
f 2606/8981/2606 2619/8983/2619 2618/8984/2618
f 2607/8985/2607 2608/8986/2608 2620/8987/2620
f 2607/8985/2607 2620/8987/2620 2619/8988/2619
f 2608/8989/2608 2597/8990/2597 2609/8991/2609
f 2608/8989/2608 2609/8991/2609 2620/8992/2620
f 2609/8993/2609 2610/8994/2610 2622/8995/2622
f 2609/8993/2609 2622/8995/2622 2621/8996/2621
f 2610/8997/2610 2611/8998/2611 2623/8999/2623
f 2610/8997/2610 2623/8999/2623 2622/9000/2622
f 2611/9001/2611 2612/9002/2612 2624/9003/2624
f 2611/9001/2611 2624/9003/2624 2623/9004/2623
f 2612/9005/2612 2613/9006/2613 2625/9007/2625
f 2612/9005/2612 2625/9007/2625 2624/9008/2624
f 2613/9009/2613 2614/9010/2614 2626/9011/2626
f 2613/9009/2613 2626/9011/2626 2625/9012/2625
f 2614/9013/2614 2615/9014/2615 2627/9015/2627
f 2614/9013/2614 2627/9015/2627 2626/9016/2626
f 2615/9017/2615 2616/9018/2616 2628/9019/2628
f 2615/9017/2615 2628/9019/2628 2627/9020/2627
f 2616/9021/2616 2617/9022/2617 2629/9023/2629
f 2616/9021/2616 2629/9023/2629 2628/9024/2628
f 2617/9025/2617 2618/9026/2618 2630/9027/2630
f 2617/9025/2617 2630/9027/2630 2629/9028/2629
f 2618/9029/2618 2619/9030/2619 2631/9031/2631
f 2618/9029/2618 2631/9031/2631 2630/9032/2630
f 2619/9033/2619 2620/9034/2620 2632/9035/2632
f 2619/9033/2619 2632/9035/2632 2631/9036/2631
f 2620/9037/2620 2609/9038/2609 2621/9039/2621
f 2620/9037/2620 2621/9039/2621 2632/9040/2632
f 2621/9041/2621 2622/9042/2622 2634/9043/2634
f 2621/9041/2621 2634/9043/2634 2633/9044/2633
f 2622/9045/2622 2623/9046/2623 2635/9047/2635
f 2622/9045/2622 2635/9047/2635 2634/9048/2634
f 2623/9049/2623 2624/9050/2624 2636/9051/2636
f 2623/9049/2623 2636/9051/2636 2635/9052/2635
f 2624/9053/2624 2625/9054/2625 2637/9055/2637
f 2624/9053/2624 2637/9055/2637 2636/9056/2636
f 2625/9057/2625 2626/9058/2626 2638/9059/2638
f 2625/9057/2625 2638/9059/2638 2637/9060/2637
f 2626/9061/2626 2627/9062/2627 2639/9063/2639
f 2626/9061/2626 2639/9063/2639 2638/9064/2638
f 2627/9065/2627 2628/9066/2628 2640/9067/2640
f 2627/9065/2627 2640/9067/2640 2639/9068/2639
f 2628/9069/2628 2629/9070/2629 2641/9071/2641
f 2628/9069/2628 2641/9071/2641 2640/9072/2640
f 2629/9073/2629 2630/9074/2630 2642/9075/2642
f 2629/9073/2629 2642/9075/2642 2641/9076/2641
f 2630/9077/2630 2631/9078/2631 2643/9079/2643
f 2630/9077/2630 2643/9079/2643 2642/9080/2642
f 2631/9081/2631 2632/9082/2632 2644/9083/2644
f 2631/9081/2631 2644/9083/2644 2643/9084/2643
f 2632/9085/2632 2621/9086/2621 2633/9087/2633
f 2632/9085/2632 2633/9087/2633 2644/9088/2644
f 2633/9089/2633 2634/9090/2634 2646/9091/2646
f 2633/9089/2633 2646/9091/2646 2645/9092/2645
f 2634/9093/2634 2635/9094/2635 2647/9095/2647
f 2634/9093/2634 2647/9095/2647 2646/9096/2646
f 2635/9097/2635 2636/9098/2636 2648/9099/2648
f 2635/9097/2635 2648/9099/2648 2647/9100/2647
f 2636/9101/2636 2637/9102/2637 2649/9103/2649
f 2636/9101/2636 2649/9103/2649 2648/9104/2648
f 2637/9105/2637 2638/9106/2638 2650/9107/2650
f 2637/9105/2637 2650/9107/2650 2649/9108/2649
f 2638/9109/2638 2639/9110/2639 2651/9111/2651
f 2638/9109/2638 2651/9111/2651 2650/9112/2650
f 2639/9113/2639 2640/9114/2640 2652/9115/2652
f 2639/9113/2639 2652/9115/2652 2651/9116/2651
f 2640/9117/2640 2641/9118/2641 2653/9119/2653
f 2640/9117/2640 2653/9119/2653 2652/9120/2652
f 2641/9121/2641 2642/9122/2642 2654/9123/2654
f 2641/9121/2641 2654/9123/2654 2653/9124/2653
f 2642/9125/2642 2643/9126/2643 2655/9127/2655
f 2642/9125/2642 2655/9127/2655 2654/9128/2654
f 2643/9129/2643 2644/9130/2644 2656/9131/2656
f 2643/9129/2643 2656/9131/2656 2655/9132/2655
f 2644/9133/2644 2633/9134/2633 2645/9135/2645
f 2644/9133/2644 2645/9135/2645 2656/9136/2656
f 2657/9137/2657 2658/9138/2658 2664/9139/2664
f 2657/9137/2657 2664/9139/2664 2663/9140/2663
f 2658/9141/2658 2659/9142/2659 2665/9143/2665
f 2658/9141/2658 2665/9143/2665 2664/9144/2664
f 2659/9145/2659 2660/9146/2660 2666/9147/2666
f 2659/9145/2659 2666/9147/2666 2665/9148/2665
f 2660/9149/2660 2661/9150/2661 2667/9151/2667
f 2660/9149/2660 2667/9151/2667 2666/9152/2666
f 2661/9153/2661 2662/9154/2662 2668/9155/2668
f 2661/9153/2661 2668/9155/2668 2667/9156/2667
f 2662/9157/2662 2657/9158/2657 2663/9159/2663
f 2662/9157/2662 2663/9159/2663 2668/9160/2668
f 2663/9161/2663 2664/9162/2664 2670/9163/2670
f 2663/9161/2663 2670/9163/2670 2669/9164/2669
f 2664/9165/2664 2665/9166/2665 2671/9167/2671
f 2664/9165/2664 2671/9167/2671 2670/9168/2670
f 2665/9169/2665 2666/9170/2666 2672/9171/2672
f 2665/9169/2665 2672/9171/2672 2671/9172/2671
f 2666/9173/2666 2667/9174/2667 2673/9175/2673
f 2666/9173/2666 2673/9175/2673 2672/9176/2672
f 2667/9177/2667 2668/9178/2668 2674/9179/2674
f 2667/9177/2667 2674/9179/2674 2673/9180/2673
f 2668/9181/2668 2663/9182/2663 2669/9183/2669
f 2668/9181/2668 2669/9183/2669 2674/9184/2674
f 2675/9185/2675 2676/9186/2676 2684/9187/2684
f 2675/9185/2675 2684/9187/2684 2683/9188/2683
f 2676/9189/2676 2677/9190/2677 2685/9191/2685
f 2676/9189/2676 2685/9191/2685 2684/9192/2684
f 2677/9193/2677 2678/9194/2678 2686/9195/2686
f 2677/9193/2677 2686/9195/2686 2685/9196/2685
f 2678/9197/2678 2679/9198/2679 2687/9199/2687
f 2678/9197/2678 2687/9199/2687 2686/9200/2686
f 2679/9201/2679 2680/9202/2680 2688/9203/2688
f 2679/9201/2679 2688/9203/2688 2687/9204/2687
f 2680/9205/2680 2681/9206/2681 2689/9207/2689
f 2680/9205/2680 2689/9207/2689 2688/9208/2688
f 2681/9209/2681 2682/9210/2682 2690/9211/2690
f 2681/9209/2681 2690/9211/2690 2689/9212/2689
f 2682/9213/2682 2675/9214/2675 2683/9215/2683
f 2682/9213/2682 2683/9215/2683 2690/9216/2690
f 2683/9217/2683 2684/9218/2684 2692/9219/2692
f 2683/9217/2683 2692/9219/2692 2691/9220/2691
f 2684/9221/2684 2685/9222/2685 2693/9223/2693
f 2684/9221/2684 2693/9223/2693 2692/9224/2692
f 2685/9225/2685 2686/9226/2686 2694/9227/2694
f 2685/9225/2685 2694/9227/2694 2693/9228/2693
f 2686/9229/2686 2687/9230/2687 2695/9231/2695
f 2686/9229/2686 2695/9231/2695 2694/9232/2694
f 2687/9233/2687 2688/9234/2688 2696/9235/2696
f 2687/9233/2687 2696/9235/2696 2695/9236/2695
f 2688/9237/2688 2689/9238/2689 2697/9239/2697
f 2688/9237/2688 2697/9239/2697 2696/9240/2696
f 2689/9241/2689 2690/9242/2690 2698/9243/2698
f 2689/9241/2689 2698/9243/2698 2697/9244/2697
f 2690/9245/2690 2683/9246/2683 2691/9247/2691
f 2690/9245/2690 2691/9247/2691 2698/9248/2698
f 2691/9249/2691 2692/9250/2692 2700/9251/2700
f 2691/9249/2691 2700/9251/2700 2699/9252/2699
f 2692/9253/2692 2693/9254/2693 2701/9255/2701
f 2692/9253/2692 2701/9255/2701 2700/9256/2700
f 2693/9257/2693 2694/9258/2694 2702/9259/2702
f 2693/9257/2693 2702/9259/2702 2701/9260/2701
f 2694/9261/2694 2695/9262/2695 2703/9263/2703
f 2694/9261/2694 2703/9263/2703 2702/9264/2702
f 2695/9265/2695 2696/9266/2696 2704/9267/2704
f 2695/9265/2695 2704/9267/2704 2703/9268/2703
f 2696/9269/2696 2697/9270/2697 2705/9271/2705
f 2696/9269/2696 2705/9271/2705 2704/9272/2704
f 2697/9273/2697 2698/9274/2698 2706/9275/2706
f 2697/9273/2697 2706/9275/2706 2705/9276/2705
f 2698/9277/2698 2691/9278/2691 2699/9279/2699
f 2698/9277/2698 2699/9279/2699 2706/9280/2706
f 2901/9953/2901 2902/9954/2902 2916/9955/2916
f 2901/9953/2901 2916/9955/2916 2915/9956/2915
f 2902/9957/2902 2903/9958/2903 2917/9959/2917
f 2902/9957/2902 2917/9959/2917 2916/9960/2916
f 2903/9961/2903 2904/9962/2904 2918/9963/2918
f 2903/9961/2903 2918/9963/2918 2917/9964/2917
f 2904/9965/2904 2905/9966/2905 2919/9967/2919
f 2904/9965/2904 2919/9967/2919 2918/9968/2918
f 2905/9969/2905 2906/9970/2906 2920/9971/2920
f 2905/9969/2905 2920/9971/2920 2919/9972/2919
f 2906/9973/2906 2907/9974/2907 2921/9975/2921
f 2906/9973/2906 2921/9975/2921 2920/9976/2920
f 2907/9977/2907 2908/9978/2908 2922/9979/2922
f 2907/9977/2907 2922/9979/2922 2921/9980/2921
f 2908/9981/2908 2909/9982/2909 2923/9983/2923
f 2908/9981/2908 2923/9983/2923 2922/9984/2922
f 2909/9985/2909 2910/9986/2910 2924/9987/2924
f 2909/9985/2909 2924/9987/2924 2923/9988/2923
f 2910/9989/2910 2911/9990/2911 2925/9991/2925
f 2910/9989/2910 2925/9991/2925 2924/9992/2924
f 2911/9993/2911 2912/9994/2912 2926/9995/2926
f 2911/9993/2911 2926/9995/2926 2925/9996/2925
f 2912/9997/2912 2913/9998/2913 2927/9999/2927
f 2912/9997/2912 2927/9999/2927 2926/10000/2926
f 2913/10001/2913 2914/10002/2914 2928/10003/2928
f 2913/10001/2913 2928/10003/2928 2927/10004/2927
f 2914/10005/2914 2901/10006/2901 2915/10007/2915
f 2914/10005/2914 2915/10007/2915 2928/10008/2928
f 2915/10009/2915 2916/10010/2916 2930/10011/2930
f 2915/10009/2915 2930/10011/2930 2929/10012/2929
f 2916/10013/2916 2917/10014/2917 2931/10015/2931
f 2916/10013/2916 2931/10015/2931 2930/10016/2930
f 2917/10017/2917 2918/10018/2918 2932/10019/2932
f 2917/10017/2917 2932/10019/2932 2931/10020/2931
f 2918/10021/2918 2919/10022/2919 2933/10023/2933
f 2918/10021/2918 2933/10023/2933 2932/10024/2932
f 2919/10025/2919 2920/10026/2920 2934/10027/2934
f 2919/10025/2919 2934/10027/2934 2933/10028/2933
f 2920/10029/2920 2921/10030/2921 2935/10031/2935
f 2920/10029/2920 2935/10031/2935 2934/10032/2934
f 2921/10033/2921 2922/10034/2922 2936/10035/2936
f 2921/10033/2921 2936/10035/2936 2935/10036/2935
f 2922/10037/2922 2923/10038/2923 2937/10039/2937
f 2922/10037/2922 2937/10039/2937 2936/10040/2936
f 2923/10041/2923 2924/10042/2924 2938/10043/2938
f 2923/10041/2923 2938/10043/2938 2937/10044/2937
f 2924/10045/2924 2925/10046/2925 2939/10047/2939
f 2924/10045/2924 2939/10047/2939 2938/10048/2938
f 2925/10049/2925 2926/10050/2926 2940/10051/2940
f 2925/10049/2925 2940/10051/2940 2939/10052/2939
f 2926/10053/2926 2927/10054/2927 2941/10055/2941
f 2926/10053/2926 2941/10055/2941 2940/10056/2940
f 2927/10057/2927 2928/10058/2928 2942/10059/2942
f 2927/10057/2927 2942/10059/2942 2941/10060/2941
f 2928/10061/2928 2915/10062/2915 2929/10063/2929
f 2928/10061/2928 2929/10063/2929 2942/10064/2942
f 2929/10065/2929 2930/10066/2930 2944/10067/2944
f 2929/10065/2929 2944/10067/2944 2943/10068/2943
f 2930/10069/2930 2931/10070/2931 2945/10071/2945
f 2930/10069/2930 2945/10071/2945 2944/10072/2944
f 2931/10073/2931 2932/10074/2932 2946/10075/2946
f 2931/10073/2931 2946/10075/2946 2945/10076/2945
f 2932/10077/2932 2933/10078/2933 2947/10079/2947
f 2932/10077/2932 2947/10079/2947 2946/10080/2946
f 2933/10081/2933 2934/10082/2934 2948/10083/2948
f 2933/10081/2933 2948/10083/2948 2947/10084/2947
f 2934/10085/2934 2935/10086/2935 2949/10087/2949
f 2934/10085/2934 2949/10087/2949 2948/10088/2948
f 2935/10089/2935 2936/10090/2936 2950/10091/2950
f 2935/10089/2935 2950/10091/2950 2949/10092/2949
f 2936/10093/2936 2937/10094/2937 2951/10095/2951
f 2936/10093/2936 2951/10095/2951 2950/10096/2950
f 2937/10097/2937 2938/10098/2938 2952/10099/2952
f 2937/10097/2937 2952/10099/2952 2951/10100/2951
f 2938/10101/2938 2939/10102/2939 2953/10103/2953
f 2938/10101/2938 2953/10103/2953 2952/10104/2952
f 2939/10105/2939 2940/10106/2940 2954/10107/2954
f 2939/10105/2939 2954/10107/2954 2953/10108/2953
f 2940/10109/2940 2941/10110/2941 2955/10111/2955
f 2940/10109/2940 2955/10111/2955 2954/10112/2954
f 2941/10113/2941 2942/10114/2942 2956/10115/2956
f 2941/10113/2941 2956/10115/2956 2955/10116/2955
f 2942/10117/2942 2929/10118/2929 2943/10119/2943
f 2942/10117/2942 2943/10119/2943 2956/10120/2956
f 2943/10121/2943 2944/10122/2944 2958/10123/2958
f 2943/10121/2943 2958/10123/2958 2957/10124/2957
f 2944/10125/2944 2945/10126/2945 2959/10127/2959
f 2944/10125/2944 2959/10127/2959 2958/10128/2958
f 2945/10129/2945 2946/10130/2946 2960/10131/2960
f 2945/10129/2945 2960/10131/2960 2959/10132/2959
f 2946/10133/2946 2947/10134/2947 2961/10135/2961
f 2946/10133/2946 2961/10135/2961 2960/10136/2960
f 2947/10137/2947 2948/10138/2948 2962/10139/2962
f 2947/10137/2947 2962/10139/2962 2961/10140/2961
f 2948/10141/2948 2949/10142/2949 2963/10143/2963
f 2948/10141/2948 2963/10143/2963 2962/10144/2962
f 2949/10145/2949 2950/10146/2950 2964/10147/2964
f 2949/10145/2949 2964/10147/2964 2963/10148/2963
f 2950/10149/2950 2951/10150/2951 2965/10151/2965
f 2950/10149/2950 2965/10151/2965 2964/10152/2964
f 2951/10153/2951 2952/10154/2952 2966/10155/2966
f 2951/10153/2951 2966/10155/2966 2965/10156/2965
f 2952/10157/2952 2953/10158/2953 2967/10159/2967
f 2952/10157/2952 2967/10159/2967 2966/10160/2966
f 2953/10161/2953 2954/10162/2954 2968/10163/2968
f 2953/10161/2953 2968/10163/2968 2967/10164/2967
f 2954/10165/2954 2955/10166/2955 2969/10167/2969
f 2954/10165/2954 2969/10167/2969 2968/10168/2968
f 2955/10169/2955 2956/10170/2956 2970/10171/2970
f 2955/10169/2955 2970/10171/2970 2969/10172/2969
f 2956/10173/2956 2943/10174/2943 2957/10175/2957
f 2956/10173/2956 2957/10175/2957 2970/10176/2970
f 2957/10177/2957 2958/10178/2958 2972/10179/2972
f 2957/10177/2957 2972/10179/2972 2971/10180/2971
f 2958/10181/2958 2959/10182/2959 2973/10183/2973
f 2958/10181/2958 2973/10183/2973 2972/10184/2972
f 2959/10185/2959 2960/10186/2960 2974/10187/2974
f 2959/10185/2959 2974/10187/2974 2973/10188/2973
f 2960/10189/2960 2961/10190/2961 2975/10191/2975
f 2960/10189/2960 2975/10191/2975 2974/10192/2974
f 2961/10193/2961 2962/10194/2962 2976/10195/2976
f 2961/10193/2961 2976/10195/2976 2975/10196/2975
f 2962/10197/2962 2963/10198/2963 2977/10199/2977
f 2962/10197/2962 2977/10199/2977 2976/10200/2976
f 2963/10201/2963 2964/10202/2964 2978/10203/2978
f 2963/10201/2963 2978/10203/2978 2977/10204/2977
f 2964/10205/2964 2965/10206/2965 2979/10207/2979
f 2964/10205/2964 2979/10207/2979 2978/10208/2978
f 2965/10209/2965 2966/10210/2966 2980/10211/2980
f 2965/10209/2965 2980/10211/2980 2979/10212/2979
f 2966/10213/2966 2967/10214/2967 2981/10215/2981
f 2966/10213/2966 2981/10215/2981 2980/10216/2980
f 2967/10217/2967 2968/10218/2968 2982/10219/2982
f 2967/10217/2967 2982/10219/2982 2981/10220/2981
f 2968/10221/2968 2969/10222/2969 2983/10223/2983
f 2968/10221/2968 2983/10223/2983 2982/10224/2982
f 2969/10225/2969 2970/10226/2970 2984/10227/2984
f 2969/10225/2969 2984/10227/2984 2983/10228/2983
f 2970/10229/2970 2957/10230/2957 2971/10231/2971
f 2970/10229/2970 2971/10231/2971 2984/10232/2984
f 2971/10233/2971 2972/10234/2972 2986/10235/2986
f 2971/10233/2971 2986/10235/2986 2985/10236/2985
f 2972/10237/2972 2973/10238/2973 2987/10239/2987
f 2972/10237/2972 2987/10239/2987 2986/10240/2986
f 2973/10241/2973 2974/10242/2974 2988/10243/2988
f 2973/10241/2973 2988/10243/2988 2987/10244/2987
f 2974/10245/2974 2975/10246/2975 2989/10247/2989
f 2974/10245/2974 2989/10247/2989 2988/10248/2988
f 2975/10249/2975 2976/10250/2976 2990/10251/2990
f 2975/10249/2975 2990/10251/2990 2989/10252/2989
f 2976/10253/2976 2977/10254/2977 2991/10255/2991
f 2976/10253/2976 2991/10255/2991 2990/10256/2990
f 2977/10257/2977 2978/10258/2978 2992/10259/2992
f 2977/10257/2977 2992/10259/2992 2991/10260/2991
f 2978/10261/2978 2979/10262/2979 2993/10263/2993
f 2978/10261/2978 2993/10263/2993 2992/10264/2992
f 2979/10265/2979 2980/10266/2980 2994/10267/2994
f 2979/10265/2979 2994/10267/2994 2993/10268/2993
f 2980/10269/2980 2981/10270/2981 2995/10271/2995
f 2980/10269/2980 2995/10271/2995 2994/10272/2994
f 2981/10273/2981 2982/10274/2982 2996/10275/2996
f 2981/10273/2981 2996/10275/2996 2995/10276/2995
f 2982/10277/2982 2983/10278/2983 2997/10279/2997
f 2982/10277/2982 2997/10279/2997 2996/10280/2996
f 2983/10281/2983 2984/10282/2984 2998/10283/2998
f 2983/10281/2983 2998/10283/2998 2997/10284/2997
f 2984/10285/2984 2971/10286/2971 2985/10287/2985
f 2984/10285/2984 2985/10287/2985 2998/10288/2998
f 3349/11489/3349 3350/11490/3350 3364/11491/3364
f 3349/11489/3349 3364/11491/3364 3363/11492/3363
f 3350/11493/3350 3351/11494/3351 3365/11495/3365
f 3350/11493/3350 3365/11495/3365 3364/11496/3364
f 3351/11497/3351 3352/11498/3352 3366/11499/3366
f 3351/11497/3351 3366/11499/3366 3365/11500/3365
f 3352/11501/3352 3353/11502/3353 3367/11503/3367
f 3352/11501/3352 3367/11503/3367 3366/11504/3366
f 3353/11505/3353 3354/11506/3354 3368/11507/3368
f 3353/11505/3353 3368/11507/3368 3367/11508/3367
f 3354/11509/3354 3355/11510/3355 3369/11511/3369
f 3354/11509/3354 3369/11511/3369 3368/11512/3368
f 3355/11513/3355 3356/11514/3356 3370/11515/3370
f 3355/11513/3355 3370/11515/3370 3369/11516/3369
f 3356/11517/3356 3357/11518/3357 3371/11519/3371
f 3356/11517/3356 3371/11519/3371 3370/11520/3370
f 3357/11521/3357 3358/11522/3358 3372/11523/3372
f 3357/11521/3357 3372/11523/3372 3371/11524/3371
f 3358/11525/3358 3359/11526/3359 3373/11527/3373
f 3358/11525/3358 3373/11527/3373 3372/11528/3372
f 3359/11529/3359 3360/11530/3360 3374/11531/3374
f 3359/11529/3359 3374/11531/3374 3373/11532/3373
f 3360/11533/3360 3361/11534/3361 3375/11535/3375
f 3360/11533/3360 3375/11535/3375 3374/11536/3374
f 3361/11537/3361 3362/11538/3362 3376/11539/3376
f 3361/11537/3361 3376/11539/3376 3375/11540/3375
f 3362/11541/3362 3349/11542/3349 3363/11543/3363
f 3362/11541/3362 3363/11543/3363 3376/11544/3376
f 3363/11545/3363 3364/11546/3364 3378/11547/3378
f 3363/11545/3363 3378/11547/3378 3377/11548/3377
f 3364/11549/3364 3365/11550/3365 3379/11551/3379
f 3364/11549/3364 3379/11551/3379 3378/11552/3378
f 3365/11553/3365 3366/11554/3366 3380/11555/3380
f 3365/11553/3365 3380/11555/3380 3379/11556/3379
f 3366/11557/3366 3367/11558/3367 3381/11559/3381
f 3366/11557/3366 3381/11559/3381 3380/11560/3380
f 3367/11561/3367 3368/11562/3368 3382/11563/3382
f 3367/11561/3367 3382/11563/3382 3381/11564/3381
f 3368/11565/3368 3369/11566/3369 3383/11567/3383
f 3368/11565/3368 3383/11567/3383 3382/11568/3382
f 3369/11569/3369 3370/11570/3370 3384/11571/3384
f 3369/11569/3369 3384/11571/3384 3383/11572/3383
f 3370/11573/3370 3371/11574/3371 3385/11575/3385
f 3370/11573/3370 3385/11575/3385 3384/11576/3384
f 3371/11577/3371 3372/11578/3372 3386/11579/3386
f 3371/11577/3371 3386/11579/3386 3385/11580/3385
f 3372/11581/3372 3373/11582/3373 3387/11583/3387
f 3372/11581/3372 3387/11583/3387 3386/11584/3386
f 3373/11585/3373 3374/11586/3374 3388/11587/3388
f 3373/11585/3373 3388/11587/3388 3387/11588/3387
f 3374/11589/3374 3375/11590/3375 3389/11591/3389
f 3374/11589/3374 3389/11591/3389 3388/11592/3388
f 3375/11593/3375 3376/11594/3376 3390/11595/3390
f 3375/11593/3375 3390/11595/3390 3389/11596/3389
f 3376/11597/3376 3363/11598/3363 3377/11599/3377
f 3376/11597/3376 3377/11599/3377 3390/11600/3390
f 3377/11601/3377 3378/11602/3378 3392/11603/3392
f 3377/11601/3377 3392/11603/3392 3391/11604/3391
f 3378/11605/3378 3379/11606/3379 3393/11607/3393
f 3378/11605/3378 3393/11607/3393 3392/11608/3392
f 3379/11609/3379 3380/11610/3380 3394/11611/3394
f 3379/11609/3379 3394/11611/3394 3393/11612/3393
f 3380/11613/3380 3381/11614/3381 3395/11615/3395
f 3380/11613/3380 3395/11615/3395 3394/11616/3394
f 3381/11617/3381 3382/11618/3382 3396/11619/3396
f 3381/11617/3381 3396/11619/3396 3395/11620/3395
f 3382/11621/3382 3383/11622/3383 3397/11623/3397
f 3382/11621/3382 3397/11623/3397 3396/11624/3396
f 3383/11625/3383 3384/11626/3384 3398/11627/3398
f 3383/11625/3383 3398/11627/3398 3397/11628/3397
f 3384/11629/3384 3385/11630/3385 3399/11631/3399
f 3384/11629/3384 3399/11631/3399 3398/11632/3398
f 3385/11633/3385 3386/11634/3386 3400/11635/3400
f 3385/11633/3385 3400/11635/3400 3399/11636/3399
f 3386/11637/3386 3387/11638/3387 3401/11639/3401
f 3386/11637/3386 3401/11639/3401 3400/11640/3400
f 3387/11641/3387 3388/11642/3388 3402/11643/3402
f 3387/11641/3387 3402/11643/3402 3401/11644/3401
f 3388/11645/3388 3389/11646/3389 3403/11647/3403
f 3388/11645/3388 3403/11647/3403 3402/11648/3402
f 3389/11649/3389 3390/11650/3390 3404/11651/3404
f 3389/11649/3389 3404/11651/3404 3403/11652/3403
f 3390/11653/3390 3377/11654/3377 3391/11655/3391
f 3390/11653/3390 3391/11655/3391 3404/11656/3404
f 3391/11657/3391 3392/11658/3392 3406/11659/3406
f 3391/11657/3391 3406/11659/3406 3405/11660/3405
f 3392/11661/3392 3393/11662/3393 3407/11663/3407
f 3392/11661/3392 3407/11663/3407 3406/11664/3406
f 3393/11665/3393 3394/11666/3394 3408/11667/3408
f 3393/11665/3393 3408/11667/3408 3407/11668/3407
f 3394/11669/3394 3395/11670/3395 3409/11671/3409
f 3394/11669/3394 3409/11671/3409 3408/11672/3408
f 3395/11673/3395 3396/11674/3396 3410/11675/3410
f 3395/11673/3395 3410/11675/3410 3409/11676/3409
f 3396/11677/3396 3397/11678/3397 3411/11679/3411
f 3396/11677/3396 3411/11679/3411 3410/11680/3410
f 3397/11681/3397 3398/11682/3398 3412/11683/3412
f 3397/11681/3397 3412/11683/3412 3411/11684/3411
f 3398/11685/3398 3399/11686/3399 3413/11687/3413
f 3398/11685/3398 3413/11687/3413 3412/11688/3412
f 3399/11689/3399 3400/11690/3400 3414/11691/3414
f 3399/11689/3399 3414/11691/3414 3413/11692/3413
f 3400/11693/3400 3401/11694/3401 3415/11695/3415
f 3400/11693/3400 3415/11695/3415 3414/11696/3414
f 3401/11697/3401 3402/11698/3402 3416/11699/3416
f 3401/11697/3401 3416/11699/3416 3415/11700/3415
f 3402/11701/3402 3403/11702/3403 3417/11703/3417
f 3402/11701/3402 3417/11703/3417 3416/11704/3416
f 3403/11705/3403 3404/11706/3404 3418/11707/3418
f 3403/11705/3403 3418/11707/3418 3417/11708/3417
f 3404/11709/3404 3391/11710/3391 3405/11711/3405
f 3404/11709/3404 3405/11711/3405 3418/11712/3418
f 3405/11713/3405 3406/11714/3406 3420/11715/3420
f 3405/11713/3405 3420/11715/3420 3419/11716/3419
f 3406/11717/3406 3407/11718/3407 3421/11719/3421
f 3406/11717/3406 3421/11719/3421 3420/11720/3420
f 3407/11721/3407 3408/11722/3408 3422/11723/3422
f 3407/11721/3407 3422/11723/3422 3421/11724/3421
f 3408/11725/3408 3409/11726/3409 3423/11727/3423
f 3408/11725/3408 3423/11727/3423 3422/11728/3422
f 3409/11729/3409 3410/11730/3410 3424/11731/3424
f 3409/11729/3409 3424/11731/3424 3423/11732/3423
f 3410/11733/3410 3411/11734/3411 3425/11735/3425
f 3410/11733/3410 3425/11735/3425 3424/11736/3424
f 3411/11737/3411 3412/11738/3412 3426/11739/3426
f 3411/11737/3411 3426/11739/3426 3425/11740/3425
f 3412/11741/3412 3413/11742/3413 3427/11743/3427
f 3412/11741/3412 3427/11743/3427 3426/11744/3426
f 3413/11745/3413 3414/11746/3414 3428/11747/3428
f 3413/11745/3413 3428/11747/3428 3427/11748/3427
f 3414/11749/3414 3415/11750/3415 3429/11751/3429
f 3414/11749/3414 3429/11751/3429 3428/11752/3428
f 3415/11753/3415 3416/11754/3416 3430/11755/3430
f 3415/11753/3415 3430/11755/3430 3429/11756/3429
f 3416/11757/3416 3417/11758/3417 3431/11759/3431
f 3416/11757/3416 3431/11759/3431 3430/11760/3430
f 3417/11761/3417 3418/11762/3418 3432/11763/3432
f 3417/11761/3417 3432/11763/3432 3431/11764/3431
f 3418/11765/3418 3405/11766/3405 3419/11767/3419
f 3418/11765/3418 3419/11767/3419 3432/11768/3432
f 3419/11769/3419 3420/11770/3420 3434/11771/3434
f 3419/11769/3419 3434/11771/3434 3433/11772/3433
f 3420/11773/3420 3421/11774/3421 3435/11775/3435
f 3420/11773/3420 3435/11775/3435 3434/11776/3434
f 3421/11777/3421 3422/11778/3422 3436/11779/3436
f 3421/11777/3421 3436/11779/3436 3435/11780/3435
f 3422/11781/3422 3423/11782/3423 3437/11783/3437
f 3422/11781/3422 3437/11783/3437 3436/11784/3436
f 3423/11785/3423 3424/11786/3424 3438/11787/3438
f 3423/11785/3423 3438/11787/3438 3437/11788/3437
f 3424/11789/3424 3425/11790/3425 3439/11791/3439
f 3424/11789/3424 3439/11791/3439 3438/11792/3438
f 3425/11793/3425 3426/11794/3426 3440/11795/3440
f 3425/11793/3425 3440/11795/3440 3439/11796/3439
f 3426/11797/3426 3427/11798/3427 3441/11799/3441
f 3426/11797/3426 3441/11799/3441 3440/11800/3440
f 3427/11801/3427 3428/11802/3428 3442/11803/3442
f 3427/11801/3427 3442/11803/3442 3441/11804/3441
f 3428/11805/3428 3429/11806/3429 3443/11807/3443
f 3428/11805/3428 3443/11807/3443 3442/11808/3442
f 3429/11809/3429 3430/11810/3430 3444/11811/3444
f 3429/11809/3429 3444/11811/3444 3443/11812/3443
f 3430/11813/3430 3431/11814/3431 3445/11815/3445
f 3430/11813/3430 3445/11815/3445 3444/11816/3444
f 3431/11817/3431 3432/11818/3432 3446/11819/3446
f 3431/11817/3431 3446/11819/3446 3445/11820/3445
f 3432/11821/3432 3419/11822/3419 3433/11823/3433
f 3432/11821/3432 3433/11823/3433 3446/11824/3446

g hair
usemtl hair
s 1
f 301/1121/301 302/1122/302 322/1123/322
f 301/1121/301 322/1123/322 321/1124/321
f 302/1125/302 303/1126/303 323/1127/323
f 302/1125/302 323/1127/323 322/1128/322
f 303/1129/303 304/1130/304 324/1131/324
f 303/1129/303 324/1131/324 323/1132/323
f 304/1133/304 305/1134/305 325/1135/325
f 304/1133/304 325/1135/325 324/1136/324
f 305/1137/305 306/1138/306 326/1139/326
f 305/1137/305 326/1139/326 325/1140/325
f 306/1141/306 307/1142/307 327/1143/327
f 306/1141/306 327/1143/327 326/1144/326
f 307/1145/307 308/1146/308 328/1147/328
f 307/1145/307 328/1147/328 327/1148/327
f 308/1149/308 309/1150/309 329/1151/329
f 308/1149/308 329/1151/329 328/1152/328
f 309/1153/309 310/1154/310 330/1155/330
f 309/1153/309 330/1155/330 329/1156/329
f 310/1157/310 311/1158/311 331/1159/331
f 310/1157/310 331/1159/331 330/1160/330
f 311/1161/311 312/1162/312 332/1163/332
f 311/1161/311 332/1163/332 331/1164/331
f 312/1165/312 313/1166/313 333/1167/333
f 312/1165/312 333/1167/333 332/1168/332
f 313/1169/313 314/1170/314 334/1171/334
f 313/1169/313 334/1171/334 333/1172/333
f 314/1173/314 315/1174/315 335/1175/335
f 314/1173/314 335/1175/335 334/1176/334
f 315/1177/315 316/1178/316 336/1179/336
f 315/1177/315 336/1179/336 335/1180/335
f 316/1181/316 317/1182/317 337/1183/337
f 316/1181/316 337/1183/337 336/1184/336
f 317/1185/317 318/1186/318 338/1187/338
f 317/1185/317 338/1187/338 337/1188/337
f 318/1189/318 319/1190/319 339/1191/339
f 318/1189/318 339/1191/339 338/1192/338
f 319/1193/319 320/1194/320 340/1195/340
f 319/1193/319 340/1195/340 339/1196/339
f 320/1197/320 301/1198/301 321/1199/321
f 320/1197/320 321/1199/321 340/1200/340
f 321/1201/321 322/1202/322 342/1203/342
f 321/1201/321 342/1203/342 341/1204/341
f 322/1205/322 323/1206/323 343/1207/343
f 322/1205/322 343/1207/343 342/1208/342
f 323/1209/323 324/1210/324 344/1211/344
f 323/1209/323 344/1211/344 343/1212/343
f 324/1213/324 325/1214/325 345/1215/345
f 324/1213/324 345/1215/345 344/1216/344
f 325/1217/325 326/1218/326 346/1219/346
f 325/1217/325 346/1219/346 345/1220/345
f 326/1221/326 327/1222/327 347/1223/347
f 326/1221/326 347/1223/347 346/1224/346
f 327/1225/327 328/1226/328 348/1227/348
f 327/1225/327 348/1227/348 347/1228/347
f 328/1229/328 329/1230/329 349/1231/349
f 328/1229/328 349/1231/349 348/1232/348
f 329/1233/329 330/1234/330 350/1235/350
f 329/1233/329 350/1235/350 349/1236/349
f 330/1237/330 331/1238/331 351/1239/351
f 330/1237/330 351/1239/351 350/1240/350
f 331/1241/331 332/1242/332 352/1243/352
f 331/1241/331 352/1243/352 351/1244/351
f 332/1245/332 333/1246/333 353/1247/353
f 332/1245/332 353/1247/353 352/1248/352
f 333/1249/333 334/1250/334 354/1251/354
f 333/1249/333 354/1251/354 353/1252/353
f 334/1253/334 335/1254/335 355/1255/355
f 334/1253/334 355/1255/355 354/1256/354
f 335/1257/335 336/1258/336 356/1259/356
f 335/1257/335 356/1259/356 355/1260/355
f 336/1261/336 337/1262/337 357/1263/357
f 336/1261/336 357/1263/357 356/1264/356
f 337/1265/337 338/1266/338 358/1267/358
f 337/1265/337 358/1267/358 357/1268/357
f 338/1269/338 339/1270/339 359/1271/359
f 338/1269/338 359/1271/359 358/1272/358
f 339/1273/339 340/1274/340 360/1275/360
f 339/1273/339 360/1275/360 359/1276/359
f 340/1277/340 321/1278/321 341/1279/341
f 340/1277/340 341/1279/341 360/1280/360
f 341/1281/341 342/1282/342 362/1283/362
f 341/1281/341 362/1283/362 361/1284/361
f 342/1285/342 343/1286/343 363/1287/363
f 342/1285/342 363/1287/363 362/1288/362
f 343/1289/343 344/1290/344 364/1291/364
f 343/1289/343 364/1291/364 363/1292/363
f 344/1293/344 345/1294/345 365/1295/365
f 344/1293/344 365/1295/365 364/1296/364
f 345/1297/345 346/1298/346 366/1299/366
f 345/1297/345 366/1299/366 365/1300/365
f 346/1301/346 347/1302/347 367/1303/367
f 346/1301/346 367/1303/367 366/1304/366
f 347/1305/347 348/1306/348 368/1307/368
f 347/1305/347 368/1307/368 367/1308/367
f 348/1309/348 349/1310/349 369/1311/369
f 348/1309/348 369/1311/369 368/1312/368
f 349/1313/349 350/1314/350 370/1315/370
f 349/1313/349 370/1315/370 369/1316/369
f 350/1317/350 351/1318/351 371/1319/371
f 350/1317/350 371/1319/371 370/1320/370
f 351/1321/351 352/1322/352 372/1323/372
f 351/1321/351 372/1323/372 371/1324/371
f 352/1325/352 353/1326/353 373/1327/373
f 352/1325/352 373/1327/373 372/1328/372
f 353/1329/353 354/1330/354 374/1331/374
f 353/1329/353 374/1331/374 373/1332/373
f 354/1333/354 355/1334/355 375/1335/375
f 354/1333/354 375/1335/375 374/1336/374
f 355/1337/355 356/1338/356 376/1339/376
f 355/1337/355 376/1339/376 375/1340/375
f 356/1341/356 357/1342/357 377/1343/377
f 356/1341/356 377/1343/377 376/1344/376
f 357/1345/357 358/1346/358 378/1347/378
f 357/1345/357 378/1347/378 377/1348/377
f 358/1349/358 359/1350/359 379/1351/379
f 358/1349/358 379/1351/379 378/1352/378
f 359/1353/359 360/1354/360 380/1355/380
f 359/1353/359 380/1355/380 379/1356/379
f 360/1357/360 341/1358/341 361/1359/361
f 360/1357/360 361/1359/361 380/1360/380
f 361/1361/361 362/1362/362 382/1363/382
f 361/1361/361 382/1363/382 381/1364/381
f 362/1365/362 363/1366/363 383/1367/383
f 362/1365/362 383/1367/383 382/1368/382
f 363/1369/363 364/1370/364 384/1371/384
f 363/1369/363 384/1371/384 383/1372/383
f 364/1373/364 365/1374/365 385/1375/385
f 364/1373/364 385/1375/385 384/1376/384
f 365/1377/365 366/1378/366 386/1379/386
f 365/1377/365 386/1379/386 385/1380/385
f 366/1381/366 367/1382/367 387/1383/387
f 366/1381/366 387/1383/387 386/1384/386
f 367/1385/367 368/1386/368 388/1387/388
f 367/1385/367 388/1387/388 387/1388/387
f 368/1389/368 369/1390/369 389/1391/389
f 368/1389/368 389/1391/389 388/1392/388
f 369/1393/369 370/1394/370 390/1395/390
f 369/1393/369 390/1395/390 389/1396/389
f 370/1397/370 371/1398/371 391/1399/391
f 370/1397/370 391/1399/391 390/1400/390
f 371/1401/371 372/1402/372 392/1403/392
f 371/1401/371 392/1403/392 391/1404/391
f 372/1405/372 373/1406/373 393/1407/393
f 372/1405/372 393/1407/393 392/1408/392
f 373/1409/373 374/1410/374 394/1411/394
f 373/1409/373 394/1411/394 393/1412/393
f 374/1413/374 375/1414/375 395/1415/395
f 374/1413/374 395/1415/395 394/1416/394
f 375/1417/375 376/1418/376 396/1419/396
f 375/1417/375 396/1419/396 395/1420/395
f 376/1421/376 377/1422/377 397/1423/397
f 376/1421/376 397/1423/397 396/1424/396
f 377/1425/377 378/1426/378 398/1427/398
f 377/1425/377 398/1427/398 397/1428/397
f 378/1429/378 379/1430/379 399/1431/399
f 378/1429/378 399/1431/399 398/1432/398
f 379/1433/379 380/1434/380 400/1435/400
f 379/1433/379 400/1435/400 399/1436/399
f 380/1437/380 361/1438/361 381/1439/381
f 380/1437/380 381/1439/381 400/1440/400
f 381/1441/381 382/1442/382 402/1443/402
f 381/1441/381 402/1443/402 401/1444/401
f 382/1445/382 383/1446/383 403/1447/403
f 382/1445/382 403/1447/403 402/1448/402
f 383/1449/383 384/1450/384 404/1451/404
f 383/1449/383 404/1451/404 403/1452/403
f 384/1453/384 385/1454/385 405/1455/405
f 384/1453/384 405/1455/405 404/1456/404
f 385/1457/385 386/1458/386 406/1459/406
f 385/1457/385 406/1459/406 405/1460/405
f 386/1461/386 387/1462/387 407/1463/407
f 386/1461/386 407/1463/407 406/1464/406
f 387/1465/387 388/1466/388 408/1467/408
f 387/1465/387 408/1467/408 407/1468/407
f 388/1469/388 389/1470/389 409/1471/409
f 388/1469/388 409/1471/409 408/1472/408
f 389/1473/389 390/1474/390 410/1475/410
f 389/1473/389 410/1475/410 409/1476/409
f 390/1477/390 391/1478/391 411/1479/411
f 390/1477/390 411/1479/411 410/1480/410
f 391/1481/391 392/1482/392 412/1483/412
f 391/1481/391 412/1483/412 411/1484/411
f 392/1485/392 393/1486/393 413/1487/413
f 392/1485/392 413/1487/413 412/1488/412
f 393/1489/393 394/1490/394 414/1491/414
f 393/1489/393 414/1491/414 413/1492/413
f 394/1493/394 395/1494/395 415/1495/415
f 394/1493/394 415/1495/415 414/1496/414
f 395/1497/395 396/1498/396 416/1499/416
f 395/1497/395 416/1499/416 415/1500/415
f 396/1501/396 397/1502/397 417/1503/417
f 396/1501/396 417/1503/417 416/1504/416
f 397/1505/397 398/1506/398 418/1507/418
f 397/1505/397 418/1507/418 417/1508/417
f 398/1509/398 399/1510/399 419/1511/419
f 398/1509/398 419/1511/419 418/1512/418
f 399/1513/399 400/1514/400 420/1515/420
f 399/1513/399 420/1515/420 419/1516/419
f 400/1517/400 381/1518/381 401/1519/401
f 400/1517/400 401/1519/401 420/1520/420
f 401/1521/401 402/1522/402 422/1523/422
f 401/1521/401 422/1523/422 421/1524/421
f 402/1525/402 403/1526/403 423/1527/423
f 402/1525/402 423/1527/423 422/1528/422
f 403/1529/403 404/1530/404 424/1531/424
f 403/1529/403 424/1531/424 423/1532/423
f 404/1533/404 405/1534/405 425/1535/425
f 404/1533/404 425/1535/425 424/1536/424
f 405/1537/405 406/1538/406 426/1539/426
f 405/1537/405 426/1539/426 425/1540/425
f 406/1541/406 407/1542/407 427/1543/427
f 406/1541/406 427/1543/427 426/1544/426
f 407/1545/407 408/1546/408 428/1547/428
f 407/1545/407 428/1547/428 427/1548/427
f 408/1549/408 409/1550/409 429/1551/429
f 408/1549/408 429/1551/429 428/1552/428
f 409/1553/409 410/1554/410 430/1555/430
f 409/1553/409 430/1555/430 429/1556/429
f 410/1557/410 411/1558/411 431/1559/431
f 410/1557/410 431/1559/431 430/1560/430
f 411/1561/411 412/1562/412 432/1563/432
f 411/1561/411 432/1563/432 431/1564/431
f 412/1565/412 413/1566/413 433/1567/433
f 412/1565/412 433/1567/433 432/1568/432
f 413/1569/413 414/1570/414 434/1571/434
f 413/1569/413 434/1571/434 433/1572/433
f 414/1573/414 415/1574/415 435/1575/435
f 414/1573/414 435/1575/435 434/1576/434
f 415/1577/415 416/1578/416 436/1579/436
f 415/1577/415 436/1579/436 435/1580/435
f 416/1581/416 417/1582/417 437/1583/437
f 416/1581/416 437/1583/437 436/1584/436
f 417/1585/417 418/1586/418 438/1587/438
f 417/1585/417 438/1587/438 437/1588/437
f 418/1589/418 419/1590/419 439/1591/439
f 418/1589/418 439/1591/439 438/1592/438
f 419/1593/419 420/1594/420 440/1595/440
f 419/1593/419 440/1595/440 439/1596/439
f 420/1597/420 401/1598/401 421/1599/421
f 420/1597/420 421/1599/421 440/1600/440
f 421/1601/421 422/1602/422 442/1603/442
f 421/1601/421 442/1603/442 441/1604/441
f 422/1605/422 423/1606/423 443/1607/443
f 422/1605/422 443/1607/443 442/1608/442
f 423/1609/423 424/1610/424 444/1611/444
f 423/1609/423 444/1611/444 443/1612/443
f 424/1613/424 425/1614/425 445/1615/445
f 424/1613/424 445/1615/445 444/1616/444
f 425/1617/425 426/1618/426 446/1619/446
f 425/1617/425 446/1619/446 445/1620/445
f 426/1621/426 427/1622/427 447/1623/447
f 426/1621/426 447/1623/447 446/1624/446
f 427/1625/427 428/1626/428 448/1627/448
f 427/1625/427 448/1627/448 447/1628/447
f 428/1629/428 429/1630/429 449/1631/449
f 428/1629/428 449/1631/449 448/1632/448
f 429/1633/429 430/1634/430 450/1635/450
f 429/1633/429 450/1635/450 449/1636/449
f 430/1637/430 431/1638/431 451/1639/451
f 430/1637/430 451/1639/451 450/1640/450
f 431/1641/431 432/1642/432 452/1643/452
f 431/1641/431 452/1643/452 451/1644/451
f 432/1645/432 433/1646/433 453/1647/453
f 432/1645/432 453/1647/453 452/1648/452
f 433/1649/433 434/1650/434 454/1651/454
f 433/1649/433 454/1651/454 453/1652/453
f 434/1653/434 435/1654/435 455/1655/455
f 434/1653/434 455/1655/455 454/1656/454
f 435/1657/435 436/1658/436 456/1659/456
f 435/1657/435 456/1659/456 455/1660/455
f 436/1661/436 437/1662/437 457/1663/457
f 436/1661/436 457/1663/457 456/1664/456
f 437/1665/437 438/1666/438 458/1667/458
f 437/1665/437 458/1667/458 457/1668/457
f 438/1669/438 439/1670/439 459/1671/459
f 438/1669/438 459/1671/459 458/1672/458
f 439/1673/439 440/1674/440 460/1675/460
f 439/1673/439 460/1675/460 459/1676/459
f 440/1677/440 421/1678/421 441/1679/441
f 440/1677/440 441/1679/441 460/1680/460
f 441/1681/441 442/1682/442 462/1683/462
f 441/1681/441 462/1683/462 461/1684/461
f 442/1685/442 443/1686/443 463/1687/463
f 442/1685/442 463/1687/463 462/1688/462
f 443/1689/443 444/1690/444 464/1691/464
f 443/1689/443 464/1691/464 463/1692/463
f 444/1693/444 445/1694/445 465/1695/465
f 444/1693/444 465/1695/465 464/1696/464
f 445/1697/445 446/1698/446 466/1699/466
f 445/1697/445 466/1699/466 465/1700/465
f 446/1701/446 447/1702/447 467/1703/467
f 446/1701/446 467/1703/467 466/1704/466
f 447/1705/447 448/1706/448 468/1707/468
f 447/1705/447 468/1707/468 467/1708/467
f 448/1709/448 449/1710/449 469/1711/469
f 448/1709/448 469/1711/469 468/1712/468
f 449/1713/449 450/1714/450 470/1715/470
f 449/1713/449 470/1715/470 469/1716/469
f 450/1717/450 451/1718/451 471/1719/471
f 450/1717/450 471/1719/471 470/1720/470
f 451/1721/451 452/1722/452 472/1723/472
f 451/1721/451 472/1723/472 471/1724/471
f 452/1725/452 453/1726/453 473/1727/473
f 452/1725/452 473/1727/473 472/1728/472
f 453/1729/453 454/1730/454 474/1731/474
f 453/1729/453 474/1731/474 473/1732/473
f 454/1733/454 455/1734/455 475/1735/475
f 454/1733/454 475/1735/475 474/1736/474
f 455/1737/455 456/1738/456 476/1739/476
f 455/1737/455 476/1739/476 475/1740/475
f 456/1741/456 457/1742/457 477/1743/477
f 456/1741/456 477/1743/477 476/1744/476
f 457/1745/457 458/1746/458 478/1747/478
f 457/1745/457 478/1747/478 477/1748/477
f 458/1749/458 459/1750/459 479/1751/479
f 458/1749/458 479/1751/479 478/1752/478
f 459/1753/459 460/1754/460 480/1755/480
f 459/1753/459 480/1755/480 479/1756/479
f 460/1757/460 441/1758/441 461/1759/461
f 460/1757/460 461/1759/461 480/1760/480
f 461/1761/461 462/1762/462 482/1763/482
f 461/1761/461 482/1763/482 481/1764/481
f 462/1765/462 463/1766/463 483/1767/483
f 462/1765/462 483/1767/483 482/1768/482
f 463/1769/463 464/1770/464 484/1771/484
f 463/1769/463 484/1771/484 483/1772/483
f 464/1773/464 465/1774/465 485/1775/485
f 464/1773/464 485/1775/485 484/1776/484
f 465/1777/465 466/1778/466 486/1779/486
f 465/1777/465 486/1779/486 485/1780/485
f 466/1781/466 467/1782/467 487/1783/487
f 466/1781/466 487/1783/487 486/1784/486
f 467/1785/467 468/1786/468 488/1787/488
f 467/1785/467 488/1787/488 487/1788/487
f 468/1789/468 469/1790/469 489/1791/489
f 468/1789/468 489/1791/489 488/1792/488
f 469/1793/469 470/1794/470 490/1795/490
f 469/1793/469 490/1795/490 489/1796/489
f 470/1797/470 471/1798/471 491/1799/491
f 470/1797/470 491/1799/491 490/1800/490
f 471/1801/471 472/1802/472 492/1803/492
f 471/1801/471 492/1803/492 491/1804/491
f 472/1805/472 473/1806/473 493/1807/493
f 472/1805/472 493/1807/493 492/1808/492
f 473/1809/473 474/1810/474 494/1811/494
f 473/1809/473 494/1811/494 493/1812/493
f 474/1813/474 475/1814/475 495/1815/495
f 474/1813/474 495/1815/495 494/1816/494
f 475/1817/475 476/1818/476 496/1819/496
f 475/1817/475 496/1819/496 495/1820/495
f 476/1821/476 477/1822/477 497/1823/497
f 476/1821/476 497/1823/497 496/1824/496
f 477/1825/477 478/1826/478 498/1827/498
f 477/1825/477 498/1827/498 497/1828/497
f 478/1829/478 479/1830/479 499/1831/499
f 478/1829/478 499/1831/499 498/1832/498
f 479/1833/479 480/1834/480 500/1835/500
f 479/1833/479 500/1835/500 499/1836/499
f 480/1837/480 461/1838/461 481/1839/481
f 480/1837/480 481/1839/481 500/1840/500
f 481/1841/481 482/1842/482 502/1843/502
f 481/1841/481 502/1843/502 501/1844/501
f 482/1845/482 483/1846/483 503/1847/503
f 482/1845/482 503/1847/503 502/1848/502
f 483/1849/483 484/1850/484 504/1851/504
f 483/1849/483 504/1851/504 503/1852/503
f 484/1853/484 485/1854/485 505/1855/505
f 484/1853/484 505/1855/505 504/1856/504
f 485/1857/485 486/1858/486 506/1859/506
f 485/1857/485 506/1859/506 505/1860/505
f 486/1861/486 487/1862/487 507/1863/507
f 486/1861/486 507/1863/507 506/1864/506
f 487/1865/487 488/1866/488 508/1867/508
f 487/1865/487 508/1867/508 507/1868/507
f 488/1869/488 489/1870/489 509/1871/509
f 488/1869/488 509/1871/509 508/1872/508
f 489/1873/489 490/1874/490 510/1875/510
f 489/1873/489 510/1875/510 509/1876/509
f 490/1877/490 491/1878/491 511/1879/511
f 490/1877/490 511/1879/511 510/1880/510
f 491/1881/491 492/1882/492 512/1883/512
f 491/1881/491 512/1883/512 511/1884/511
f 492/1885/492 493/1886/493 513/1887/513
f 492/1885/492 513/1887/513 512/1888/512
f 493/1889/493 494/1890/494 514/1891/514
f 493/1889/493 514/1891/514 513/1892/513
f 494/1893/494 495/1894/495 515/1895/515
f 494/1893/494 515/1895/515 514/1896/514
f 495/1897/495 496/1898/496 516/1899/516
f 495/1897/495 516/1899/516 515/1900/515
f 496/1901/496 497/1902/497 517/1903/517
f 496/1901/496 517/1903/517 516/1904/516
f 497/1905/497 498/1906/498 518/1907/518
f 497/1905/497 518/1907/518 517/1908/517
f 498/1909/498 499/1910/499 519/1911/519
f 498/1909/498 519/1911/519 518/1912/518
f 499/1913/499 500/1914/500 520/1915/520
f 499/1913/499 520/1915/520 519/1916/519
f 500/1917/500 481/1918/481 501/1919/501
f 500/1917/500 501/1919/501 520/1920/520
f 501/1921/501 502/1922/502 522/1923/522
f 501/1921/501 522/1923/522 521/1924/521
f 502/1925/502 503/1926/503 523/1927/523
f 502/1925/502 523/1927/523 522/1928/522
f 503/1929/503 504/1930/504 524/1931/524
f 503/1929/503 524/1931/524 523/1932/523
f 504/1933/504 505/1934/505 525/1935/525
f 504/1933/504 525/1935/525 524/1936/524
f 505/1937/505 506/1938/506 526/1939/526
f 505/1937/505 526/1939/526 525/1940/525
f 506/1941/506 507/1942/507 527/1943/527
f 506/1941/506 527/1943/527 526/1944/526
f 507/1945/507 508/1946/508 528/1947/528
f 507/1945/507 528/1947/528 527/1948/527
f 508/1949/508 509/1950/509 529/1951/529
f 508/1949/508 529/1951/529 528/1952/528
f 509/1953/509 510/1954/510 530/1955/530
f 509/1953/509 530/1955/530 529/1956/529
f 510/1957/510 511/1958/511 531/1959/531
f 510/1957/510 531/1959/531 530/1960/530
f 511/1961/511 512/1962/512 532/1963/532
f 511/1961/511 532/1963/532 531/1964/531
f 512/1965/512 513/1966/513 533/1967/533
f 512/1965/512 533/1967/533 532/1968/532
f 513/1969/513 514/1970/514 534/1971/534
f 513/1969/513 534/1971/534 533/1972/533
f 514/1973/514 515/1974/515 535/1975/535
f 514/1973/514 535/1975/535 534/1976/534
f 515/1977/515 516/1978/516 536/1979/536
f 515/1977/515 536/1979/536 535/1980/535
f 516/1981/516 517/1982/517 537/1983/537
f 516/1981/516 537/1983/537 536/1984/536
f 517/1985/517 518/1986/518 538/1987/538
f 517/1985/517 538/1987/538 537/1988/537
f 518/1989/518 519/1990/519 539/1991/539
f 518/1989/518 539/1991/539 538/1992/538
f 519/1993/519 520/1994/520 540/1995/540
f 519/1993/519 540/1995/540 539/1996/539
f 520/1997/520 501/1998/501 521/1999/521
f 520/1997/520 521/1999/521 540/2000/540
f 521/2001/521 522/2002/522 542/2003/542
f 521/2001/521 542/2003/542 541/2004/541
f 522/2005/522 523/2006/523 543/2007/543
f 522/2005/522 543/2007/543 542/2008/542
f 523/2009/523 524/2010/524 544/2011/544
f 523/2009/523 544/2011/544 543/2012/543
f 524/2013/524 525/2014/525 545/2015/545
f 524/2013/524 545/2015/545 544/2016/544
f 525/2017/525 526/2018/526 546/2019/546
f 525/2017/525 546/2019/546 545/2020/545
f 526/2021/526 527/2022/527 547/2023/547
f 526/2021/526 547/2023/547 546/2024/546
f 527/2025/527 528/2026/528 548/2027/548
f 527/2025/527 548/2027/548 547/2028/547
f 528/2029/528 529/2030/529 549/2031/549
f 528/2029/528 549/2031/549 548/2032/548
f 529/2033/529 530/2034/530 550/2035/550
f 529/2033/529 550/2035/550 549/2036/549
f 530/2037/530 531/2038/531 551/2039/551
f 530/2037/530 551/2039/551 550/2040/550
f 531/2041/531 532/2042/532 552/2043/552
f 531/2041/531 552/2043/552 551/2044/551
f 532/2045/532 533/2046/533 553/2047/553
f 532/2045/532 553/2047/553 552/2048/552
f 533/2049/533 534/2050/534 554/2051/554
f 533/2049/533 554/2051/554 553/2052/553
f 534/2053/534 535/2054/535 555/2055/555
f 534/2053/534 555/2055/555 554/2056/554
f 535/2057/535 536/2058/536 556/2059/556
f 535/2057/535 556/2059/556 555/2060/555
f 536/2061/536 537/2062/537 557/2063/557
f 536/2061/536 557/2063/557 556/2064/556
f 537/2065/537 538/2066/538 558/2067/558
f 537/2065/537 558/2067/558 557/2068/557
f 538/2069/538 539/2070/539 559/2071/559
f 538/2069/538 559/2071/559 558/2072/558
f 539/2073/539 540/2074/540 560/2075/560
f 539/2073/539 560/2075/560 559/2076/559
f 540/2077/540 521/2078/521 541/2079/541
f 540/2077/540 541/2079/541 560/2080/560
f 897/3249/897 898/3250/898 908/3251/908
f 897/3249/897 908/3251/908 907/3252/907
f 898/3253/898 899/3254/899 909/3255/909
f 898/3253/898 909/3255/909 908/3256/908
f 899/3257/899 900/3258/900 910/3259/910
f 899/3257/899 910/3259/910 909/3260/909
f 900/3261/900 901/3262/901 911/3263/911
f 900/3261/900 911/3263/911 910/3264/910
f 901/3265/901 902/3266/902 912/3267/912
f 901/3265/901 912/3267/912 911/3268/911
f 902/3269/902 903/3270/903 913/3271/913
f 902/3269/902 913/3271/913 912/3272/912
f 903/3273/903 904/3274/904 914/3275/914
f 903/3273/903 914/3275/914 913/3276/913
f 904/3277/904 905/3278/905 915/3279/915
f 904/3277/904 915/3279/915 914/3280/914
f 905/3281/905 906/3282/906 916/3283/916
f 905/3281/905 916/3283/916 915/3284/915
f 906/3285/906 897/3286/897 907/3287/907
f 906/3285/906 907/3287/907 916/3288/916
f 907/3289/907 908/3290/908 918/3291/918
f 907/3289/907 918/3291/918 917/3292/917
f 908/3293/908 909/3294/909 919/3295/919
f 908/3293/908 919/3295/919 918/3296/918
f 909/3297/909 910/3298/910 920/3299/920
f 909/3297/909 920/3299/920 919/3300/919
f 910/3301/910 911/3302/911 921/3303/921
f 910/3301/910 921/3303/921 920/3304/920
f 911/3305/911 912/3306/912 922/3307/922
f 911/3305/911 922/3307/922 921/3308/921
f 912/3309/912 913/3310/913 923/3311/923
f 912/3309/912 923/3311/923 922/3312/922
f 913/3313/913 914/3314/914 924/3315/924
f 913/3313/913 924/3315/924 923/3316/923
f 914/3317/914 915/3318/915 925/3319/925
f 914/3317/914 925/3319/925 924/3320/924
f 915/3321/915 916/3322/916 926/3323/926
f 915/3321/915 926/3323/926 925/3324/925
f 916/3325/916 907/3326/907 917/3327/917
f 916/3325/916 917/3327/917 926/3328/926
f 917/3329/917 918/3330/918 928/3331/928
f 917/3329/917 928/3331/928 927/3332/927
f 918/3333/918 919/3334/919 929/3335/929
f 918/3333/918 929/3335/929 928/3336/928
f 919/3337/919 920/3338/920 930/3339/930
f 919/3337/919 930/3339/930 929/3340/929
f 920/3341/920 921/3342/921 931/3343/931
f 920/3341/920 931/3343/931 930/3344/930
f 921/3345/921 922/3346/922 932/3347/932
f 921/3345/921 932/3347/932 931/3348/931
f 922/3349/922 923/3350/923 933/3351/933
f 922/3349/922 933/3351/933 932/3352/932
f 923/3353/923 924/3354/924 934/3355/934
f 923/3353/923 934/3355/934 933/3356/933
f 924/3357/924 925/3358/925 935/3359/935
f 924/3357/924 935/3359/935 934/3360/934
f 925/3361/925 926/3362/926 936/3363/936
f 925/3361/925 936/3363/936 935/3364/935
f 926/3365/926 917/3366/917 927/3367/927
f 926/3365/926 927/3367/927 936/3368/936
f 927/3369/927 928/3370/928 938/3371/938
f 927/3369/927 938/3371/938 937/3372/937
f 928/3373/928 929/3374/929 939/3375/939
f 928/3373/928 939/3375/939 938/3376/938
f 929/3377/929 930/3378/930 940/3379/940
f 929/3377/929 940/3379/940 939/3380/939
f 930/3381/930 931/3382/931 941/3383/941
f 930/3381/930 941/3383/941 940/3384/940
f 931/3385/931 932/3386/932 942/3387/942
f 931/3385/931 942/3387/942 941/3388/941
f 932/3389/932 933/3390/933 943/3391/943
f 932/3389/932 943/3391/943 942/3392/942
f 933/3393/933 934/3394/934 944/3395/944
f 933/3393/933 944/3395/944 943/3396/943
f 934/3397/934 935/3398/935 945/3399/945
f 934/3397/934 945/3399/945 944/3400/944
f 935/3401/935 936/3402/936 946/3403/946
f 935/3401/935 946/3403/946 945/3404/945
f 936/3405/936 927/3406/927 937/3407/937
f 936/3405/936 937/3407/937 946/3408/946
f 937/3409/937 938/3410/938 948/3411/948
f 937/3409/937 948/3411/948 947/3412/947
f 938/3413/938 939/3414/939 949/3415/949
f 938/3413/938 949/3415/949 948/3416/948
f 939/3417/939 940/3418/940 950/3419/950
f 939/3417/939 950/3419/950 949/3420/949
f 940/3421/940 941/3422/941 951/3423/951
f 940/3421/940 951/3423/951 950/3424/950
f 941/3425/941 942/3426/942 952/3427/952
f 941/3425/941 952/3427/952 951/3428/951
f 942/3429/942 943/3430/943 953/3431/953
f 942/3429/942 953/3431/953 952/3432/952
f 943/3433/943 944/3434/944 954/3435/954
f 943/3433/943 954/3435/954 953/3436/953
f 944/3437/944 945/3438/945 955/3439/955
f 944/3437/944 955/3439/955 954/3440/954
f 945/3441/945 946/3442/946 956/3443/956
f 945/3441/945 956/3443/956 955/3444/955
f 946/3445/946 937/3446/937 947/3447/947
f 946/3445/946 947/3447/947 956/3448/956
f 947/3449/947 948/3450/948 958/3451/958
f 947/3449/947 958/3451/958 957/3452/957
f 948/3453/948 949/3454/949 959/3455/959
f 948/3453/948 959/3455/959 958/3456/958
f 949/3457/949 950/3458/950 960/3459/960
f 949/3457/949 960/3459/960 959/3460/959
f 950/3461/950 951/3462/951 961/3463/961
f 950/3461/950 961/3463/961 960/3464/960
f 951/3465/951 952/3466/952 962/3467/962
f 951/3465/951 962/3467/962 961/3468/961
f 952/3469/952 953/3470/953 963/3471/963
f 952/3469/952 963/3471/963 962/3472/962
f 953/3473/953 954/3474/954 964/3475/964
f 953/3473/953 964/3475/964 963/3476/963
f 954/3477/954 955/3478/955 965/3479/965
f 954/3477/954 965/3479/965 964/3480/964
f 955/3481/955 956/3482/956 966/3483/966
f 955/3481/955 966/3483/966 965/3484/965
f 956/3485/956 947/3486/947 957/3487/957
f 956/3485/956 957/3487/957 966/3488/966
f 967/3489/967 968/3490/968 978/3491/978
f 967/3489/967 978/3491/978 977/3492/977
f 968/3493/968 969/3494/969 979/3495/979
f 968/3493/968 979/3495/979 978/3496/978
f 969/3497/969 970/3498/970 980/3499/980
f 969/3497/969 980/3499/980 979/3500/979
f 970/3501/970 971/3502/971 981/3503/981
f 970/3501/970 981/3503/981 980/3504/980
f 971/3505/971 972/3506/972 982/3507/982
f 971/3505/971 982/3507/982 981/3508/981
f 972/3509/972 973/3510/973 983/3511/983
f 972/3509/972 983/3511/983 982/3512/982
f 973/3513/973 974/3514/974 984/3515/984
f 973/3513/973 984/3515/984 983/3516/983
f 974/3517/974 975/3518/975 985/3519/985
f 974/3517/974 985/3519/985 984/3520/984
f 975/3521/975 976/3522/976 986/3523/986
f 975/3521/975 986/3523/986 985/3524/985
f 976/3525/976 967/3526/967 977/3527/977
f 976/3525/976 977/3527/977 986/3528/986
f 977/3529/977 978/3530/978 988/3531/988
f 977/3529/977 988/3531/988 987/3532/987
f 978/3533/978 979/3534/979 989/3535/989
f 978/3533/978 989/3535/989 988/3536/988
f 979/3537/979 980/3538/980 990/3539/990
f 979/3537/979 990/3539/990 989/3540/989
f 980/3541/980 981/3542/981 991/3543/991
f 980/3541/980 991/3543/991 990/3544/990
f 981/3545/981 982/3546/982 992/3547/992
f 981/3545/981 992/3547/992 991/3548/991
f 982/3549/982 983/3550/983 993/3551/993
f 982/3549/982 993/3551/993 992/3552/992
f 983/3553/983 984/3554/984 994/3555/994
f 983/3553/983 994/3555/994 993/3556/993
f 984/3557/984 985/3558/985 995/3559/995
f 984/3557/984 995/3559/995 994/3560/994
f 985/3561/985 986/3562/986 996/3563/996
f 985/3561/985 996/3563/996 995/3564/995
f 986/3565/986 977/3566/977 987/3567/987
f 986/3565/986 987/3567/987 996/3568/996
f 987/3569/987 988/3570/988 998/3571/998
f 987/3569/987 998/3571/998 997/3572/997
f 988/3573/988 989/3574/989 999/3575/999
f 988/3573/988 999/3575/999 998/3576/998
f 989/3577/989 990/3578/990 1000/3579/1000
f 989/3577/989 1000/3579/1000 999/3580/999
f 990/3581/990 991/3582/991 1001/3583/1001
f 990/3581/990 1001/3583/1001 1000/3584/1000
f 991/3585/991 992/3586/992 1002/3587/1002
f 991/3585/991 1002/3587/1002 1001/3588/1001
f 992/3589/992 993/3590/993 1003/3591/1003
f 992/3589/992 1003/3591/1003 1002/3592/1002
f 993/3593/993 994/3594/994 1004/3595/1004
f 993/3593/993 1004/3595/1004 1003/3596/1003
f 994/3597/994 995/3598/995 1005/3599/1005
f 994/3597/994 1005/3599/1005 1004/3600/1004
f 995/3601/995 996/3602/996 1006/3603/1006
f 995/3601/995 1006/3603/1006 1005/3604/1005
f 996/3605/996 987/3606/987 997/3607/997
f 996/3605/996 997/3607/997 1006/3608/1006
f 997/3609/997 998/3610/998 1008/3611/1008
f 997/3609/997 1008/3611/1008 1007/3612/1007
f 998/3613/998 999/3614/999 1009/3615/1009
f 998/3613/998 1009/3615/1009 1008/3616/1008
f 999/3617/999 1000/3618/1000 1010/3619/1010
f 999/3617/999 1010/3619/1010 1009/3620/1009
f 1000/3621/1000 1001/3622/1001 1011/3623/1011
f 1000/3621/1000 1011/3623/1011 1010/3624/1010
f 1001/3625/1001 1002/3626/1002 1012/3627/1012
f 1001/3625/1001 1012/3627/1012 1011/3628/1011
f 1002/3629/1002 1003/3630/1003 1013/3631/1013
f 1002/3629/1002 1013/3631/1013 1012/3632/1012
f 1003/3633/1003 1004/3634/1004 1014/3635/1014
f 1003/3633/1003 1014/3635/1014 1013/3636/1013
f 1004/3637/1004 1005/3638/1005 1015/3639/1015
f 1004/3637/1004 1015/3639/1015 1014/3640/1014
f 1005/3641/1005 1006/3642/1006 1016/3643/1016
f 1005/3641/1005 1016/3643/1016 1015/3644/1015
f 1006/3645/1006 997/3646/997 1007/3647/1007
f 1006/3645/1006 1007/3647/1007 1016/3648/1016
f 1007/3649/1007 1008/3650/1008 1018/3651/1018
f 1007/3649/1007 1018/3651/1018 1017/3652/1017
f 1008/3653/1008 1009/3654/1009 1019/3655/1019
f 1008/3653/1008 1019/3655/1019 1018/3656/1018
f 1009/3657/1009 1010/3658/1010 1020/3659/1020
f 1009/3657/1009 1020/3659/1020 1019/3660/1019
f 1010/3661/1010 1011/3662/1011 1021/3663/1021
f 1010/3661/1010 1021/3663/1021 1020/3664/1020
f 1011/3665/1011 1012/3666/1012 1022/3667/1022
f 1011/3665/1011 1022/3667/1022 1021/3668/1021
f 1012/3669/1012 1013/3670/1013 1023/3671/1023
f 1012/3669/1012 1023/3671/1023 1022/3672/1022
f 1013/3673/1013 1014/3674/1014 1024/3675/1024
f 1013/3673/1013 1024/3675/1024 1023/3676/1023
f 1014/3677/1014 1015/3678/1015 1025/3679/1025
f 1014/3677/1014 1025/3679/1025 1024/3680/1024
f 1015/3681/1015 1016/3682/1016 1026/3683/1026
f 1015/3681/1015 1026/3683/1026 1025/3684/1025
f 1016/3685/1016 1007/3686/1007 1017/3687/1017
f 1016/3685/1016 1017/3687/1017 1026/3688/1026
f 1017/3689/1017 1018/3690/1018 1028/3691/1028
f 1017/3689/1017 1028/3691/1028 1027/3692/1027
f 1018/3693/1018 1019/3694/1019 1029/3695/1029
f 1018/3693/1018 1029/3695/1029 1028/3696/1028
f 1019/3697/1019 1020/3698/1020 1030/3699/1030
f 1019/3697/1019 1030/3699/1030 1029/3700/1029
f 1020/3701/1020 1021/3702/1021 1031/3703/1031
f 1020/3701/1020 1031/3703/1031 1030/3704/1030
f 1021/3705/1021 1022/3706/1022 1032/3707/1032
f 1021/3705/1021 1032/3707/1032 1031/3708/1031
f 1022/3709/1022 1023/3710/1023 1033/3711/1033
f 1022/3709/1022 1033/3711/1033 1032/3712/1032
f 1023/3713/1023 1024/3714/1024 1034/3715/1034
f 1023/3713/1023 1034/3715/1034 1033/3716/1033
f 1024/3717/1024 1025/3718/1025 1035/3719/1035
f 1024/3717/1024 1035/3719/1035 1034/3720/1034
f 1025/3721/1025 1026/3722/1026 1036/3723/1036
f 1025/3721/1025 1036/3723/1036 1035/3724/1035
f 1026/3725/1026 1017/3726/1017 1027/3727/1027
f 1026/3725/1026 1027/3727/1027 1036/3728/1036

g clothes
usemtl clothes
s 1
f 1107/3953/1107 1109/3954/1109 1110/3955/1110
f 1107/3953/1107 1110/3955/1110 1108/3956/1108
f 1109/3957/1109 1111/3958/1111 1112/3959/1112
f 1109/3957/1109 1112/3959/1112 1110/3960/1110
f 1111/3961/1111 1113/3962/1113 1114/3963/1114
f 1111/3961/1111 1114/3963/1114 1112/3964/1112
f 1113/3965/1113 1115/3966/1115 1116/3967/1116
f 1113/3965/1113 1116/3967/1116 1114/3968/1114
f 1115/3969/1115 1117/3970/1117 1118/3971/1118
f 1115/3969/1115 1118/3971/1118 1116/3972/1116
f 1117/3973/1117 1119/3974/1119 1120/3975/1120
f 1117/3973/1117 1120/3975/1120 1118/3976/1118
f 1119/3977/1119 1121/3978/1121 1122/3979/1122
f 1119/3977/1119 1122/3979/1122 1120/3980/1120
f 1121/3981/1121 1123/3982/1123 1124/3983/1124
f 1121/3981/1121 1124/3983/1124 1122/3984/1122
f 1123/3985/1123 1125/3986/1125 1126/3987/1126
f 1123/3985/1123 1126/3987/1126 1124/3988/1124
f 1125/3989/1125 1127/3990/1127 1128/3991/1128
f 1125/3989/1125 1128/3991/1128 1126/3992/1126
f 1127/3993/1127 1129/3994/1129 1130/3995/1130
f 1127/3993/1127 1130/3995/1130 1128/3996/1128
f 1129/3997/1129 1131/3998/1131 1132/3999/1132
f 1129/3997/1129 1132/3999/1132 1130/4000/1130
f 1131/4001/1131 1133/4002/1133 1134/4003/1134
f 1131/4001/1131 1134/4003/1134 1132/4004/1132
f 1133/4005/1133 1135/4006/1135 1136/4007/1136
f 1133/4005/1133 1136/4007/1136 1134/4008/1134
f 1135/4009/1135 1137/4010/1137 1138/4011/1138
f 1135/4009/1135 1138/4011/1138 1136/4012/1136
f 1137/4013/1137 1139/4014/1139 1140/4015/1140
f 1137/4013/1137 1140/4015/1140 1138/4016/1138
f 1139/4017/1139 1141/4018/1141 1142/4019/1142
f 1139/4017/1139 1142/4019/1142 1140/4020/1140
f 1141/4021/1141 1143/4022/1143 1144/4023/1144
f 1141/4021/1141 1144/4023/1144 1142/4024/1142
f 1143/4025/1143 1145/4026/1145 1146/4027/1146
f 1143/4025/1143 1146/4027/1146 1144/4028/1144
f 1145/4029/1145 1107/4030/1107 1108/4031/1108
f 1145/4029/1145 1108/4031/1108 1146/4032/1146
f 1147/4033/1147 1148/4034/1148 1162/4035/1162
f 1147/4033/1147 1162/4035/1162 1161/4036/1161
f 1148/4037/1148 1149/4038/1149 1163/4039/1163
f 1148/4037/1148 1163/4039/1163 1162/4040/1162
f 1149/4041/1149 1150/4042/1150 1164/4043/1164
f 1149/4041/1149 1164/4043/1164 1163/4044/1163
f 1150/4045/1150 1151/4046/1151 1165/4047/1165
f 1150/4045/1150 1165/4047/1165 1164/4048/1164
f 1151/4049/1151 1152/4050/1152 1166/4051/1166
f 1151/4049/1151 1166/4051/1166 1165/4052/1165
f 1152/4053/1152 1153/4054/1153 1167/4055/1167
f 1152/4053/1152 1167/4055/1167 1166/4056/1166
f 1153/4057/1153 1154/4058/1154 1168/4059/1168
f 1153/4057/1153 1168/4059/1168 1167/4060/1167
f 1154/4061/1154 1155/4062/1155 1169/4063/1169
f 1154/4061/1154 1169/4063/1169 1168/4064/1168
f 1155/4065/1155 1156/4066/1156 1170/4067/1170
f 1155/4065/1155 1170/4067/1170 1169/4068/1169
f 1156/4069/1156 1157/4070/1157 1171/4071/1171
f 1156/4069/1156 1171/4071/1171 1170/4072/1170
f 1157/4073/1157 1158/4074/1158 1172/4075/1172
f 1157/4073/1157 1172/4075/1172 1171/4076/1171
f 1158/4077/1158 1159/4078/1159 1173/4079/1173
f 1158/4077/1158 1173/4079/1173 1172/4080/1172
f 1159/4081/1159 1160/4082/1160 1174/4083/1174
f 1159/4081/1159 1174/4083/1174 1173/4084/1173
f 1160/4085/1160 1147/4086/1147 1161/4087/1161
f 1160/4085/1160 1161/4087/1161 1174/4088/1174
f 1161/4089/1161 1162/4090/1162 1176/4091/1176
f 1161/4089/1161 1176/4091/1176 1175/4092/1175
f 1162/4093/1162 1163/4094/1163 1177/4095/1177
f 1162/4093/1162 1177/4095/1177 1176/4096/1176
f 1163/4097/1163 1164/4098/1164 1178/4099/1178
f 1163/4097/1163 1178/4099/1178 1177/4100/1177
f 1164/4101/1164 1165/4102/1165 1179/4103/1179
f 1164/4101/1164 1179/4103/1179 1178/4104/1178
f 1165/4105/1165 1166/4106/1166 1180/4107/1180
f 1165/4105/1165 1180/4107/1180 1179/4108/1179
f 1166/4109/1166 1167/4110/1167 1181/4111/1181
f 1166/4109/1166 1181/4111/1181 1180/4112/1180
f 1167/4113/1167 1168/4114/1168 1182/4115/1182
f 1167/4113/1167 1182/4115/1182 1181/4116/1181
f 1168/4117/1168 1169/4118/1169 1183/4119/1183
f 1168/4117/1168 1183/4119/1183 1182/4120/1182
f 1169/4121/1169 1170/4122/1170 1184/4123/1184
f 1169/4121/1169 1184/4123/1184 1183/4124/1183
f 1170/4125/1170 1171/4126/1171 1185/4127/1185
f 1170/4125/1170 1185/4127/1185 1184/4128/1184
f 1171/4129/1171 1172/4130/1172 1186/4131/1186
f 1171/4129/1171 1186/4131/1186 1185/4132/1185
f 1172/4133/1172 1173/4134/1173 1187/4135/1187
f 1172/4133/1172 1187/4135/1187 1186/4136/1186
f 1173/4137/1173 1174/4138/1174 1188/4139/1188
f 1173/4137/1173 1188/4139/1188 1187/4140/1187
f 1174/4141/1174 1161/4142/1161 1175/4143/1175
f 1174/4141/1174 1175/4143/1175 1188/4144/1188
f 1175/4145/1175 1176/4146/1176 1190/4147/1190
f 1175/4145/1175 1190/4147/1190 1189/4148/1189
f 1176/4149/1176 1177/4150/1177 1191/4151/1191
f 1176/4149/1176 1191/4151/1191 1190/4152/1190
f 1177/4153/1177 1178/4154/1178 1192/4155/1192
f 1177/4153/1177 1192/4155/1192 1191/4156/1191
f 1178/4157/1178 1179/4158/1179 1193/4159/1193
f 1178/4157/1178 1193/4159/1193 1192/4160/1192
f 1179/4161/1179 1180/4162/1180 1194/4163/1194
f 1179/4161/1179 1194/4163/1194 1193/4164/1193
f 1180/4165/1180 1181/4166/1181 1195/4167/1195
f 1180/4165/1180 1195/4167/1195 1194/4168/1194
f 1181/4169/1181 1182/4170/1182 1196/4171/1196
f 1181/4169/1181 1196/4171/1196 1195/4172/1195
f 1182/4173/1182 1183/4174/1183 1197/4175/1197
f 1182/4173/1182 1197/4175/1197 1196/4176/1196
f 1183/4177/1183 1184/4178/1184 1198/4179/1198
f 1183/4177/1183 1198/4179/1198 1197/4180/1197
f 1184/4181/1184 1185/4182/1185 1199/4183/1199
f 1184/4181/1184 1199/4183/1199 1198/4184/1198
f 1185/4185/1185 1186/4186/1186 1200/4187/1200
f 1185/4185/1185 1200/4187/1200 1199/4188/1199
f 1186/4189/1186 1187/4190/1187 1201/4191/1201
f 1186/4189/1186 1201/4191/1201 1200/4192/1200
f 1187/4193/1187 1188/4194/1188 1202/4195/1202
f 1187/4193/1187 1202/4195/1202 1201/4196/1201
f 1188/4197/1188 1175/4198/1175 1189/4199/1189
f 1188/4197/1188 1189/4199/1189 1202/4200/1202
f 1189/4201/1189 1190/4202/1190 1204/4203/1204
f 1189/4201/1189 1204/4203/1204 1203/4204/1203
f 1190/4205/1190 1191/4206/1191 1205/4207/1205
f 1190/4205/1190 1205/4207/1205 1204/4208/1204
f 1191/4209/1191 1192/4210/1192 1206/4211/1206
f 1191/4209/1191 1206/4211/1206 1205/4212/1205
f 1192/4213/1192 1193/4214/1193 1207/4215/1207
f 1192/4213/1192 1207/4215/1207 1206/4216/1206
f 1193/4217/1193 1194/4218/1194 1208/4219/1208
f 1193/4217/1193 1208/4219/1208 1207/4220/1207
f 1194/4221/1194 1195/4222/1195 1209/4223/1209
f 1194/4221/1194 1209/4223/1209 1208/4224/1208
f 1195/4225/1195 1196/4226/1196 1210/4227/1210
f 1195/4225/1195 1210/4227/1210 1209/4228/1209
f 1196/4229/1196 1197/4230/1197 1211/4231/1211
f 1196/4229/1196 1211/4231/1211 1210/4232/1210
f 1197/4233/1197 1198/4234/1198 1212/4235/1212
f 1197/4233/1197 1212/4235/1212 1211/4236/1211
f 1198/4237/1198 1199/4238/1199 1213/4239/1213
f 1198/4237/1198 1213/4239/1213 1212/4240/1212
f 1199/4241/1199 1200/4242/1200 1214/4243/1214
f 1199/4241/1199 1214/4243/1214 1213/4244/1213
f 1200/4245/1200 1201/4246/1201 1215/4247/1215
f 1200/4245/1200 1215/4247/1215 1214/4248/1214
f 1201/4249/1201 1202/4250/1202 1216/4251/1216
f 1201/4249/1201 1216/4251/1216 1215/4252/1215
f 1202/4253/1202 1189/4254/1189 1203/4255/1203
f 1202/4253/1202 1203/4255/1203 1216/4256/1216
f 1203/4257/1203 1204/4258/1204 1218/4259/1218
f 1203/4257/1203 1218/4259/1218 1217/4260/1217
f 1204/4261/1204 1205/4262/1205 1219/4263/1219
f 1204/4261/1204 1219/4263/1219 1218/4264/1218
f 1205/4265/1205 1206/4266/1206 1220/4267/1220
f 1205/4265/1205 1220/4267/1220 1219/4268/1219
f 1206/4269/1206 1207/4270/1207 1221/4271/1221
f 1206/4269/1206 1221/4271/1221 1220/4272/1220
f 1207/4273/1207 1208/4274/1208 1222/4275/1222
f 1207/4273/1207 1222/4275/1222 1221/4276/1221
f 1208/4277/1208 1209/4278/1209 1223/4279/1223
f 1208/4277/1208 1223/4279/1223 1222/4280/1222
f 1209/4281/1209 1210/4282/1210 1224/4283/1224
f 1209/4281/1209 1224/4283/1224 1223/4284/1223
f 1210/4285/1210 1211/4286/1211 1225/4287/1225
f 1210/4285/1210 1225/4287/1225 1224/4288/1224
f 1211/4289/1211 1212/4290/1212 1226/4291/1226
f 1211/4289/1211 1226/4291/1226 1225/4292/1225
f 1212/4293/1212 1213/4294/1213 1227/4295/1227
f 1212/4293/1212 1227/4295/1227 1226/4296/1226
f 1213/4297/1213 1214/4298/1214 1228/4299/1228
f 1213/4297/1213 1228/4299/1228 1227/4300/1227
f 1214/4301/1214 1215/4302/1215 1229/4303/1229
f 1214/4301/1214 1229/4303/1229 1228/4304/1228
f 1215/4305/1215 1216/4306/1216 1230/4307/1230
f 1215/4305/1215 1230/4307/1230 1229/4308/1229
f 1216/4309/1216 1203/4310/1203 1217/4311/1217
f 1216/4309/1216 1217/4311/1217 1230/4312/1230
f 1217/4313/1217 1218/4314/1218 1232/4315/1232
f 1217/4313/1217 1232/4315/1232 1231/4316/1231
f 1218/4317/1218 1219/4318/1219 1233/4319/1233
f 1218/4317/1218 1233/4319/1233 1232/4320/1232
f 1219/4321/1219 1220/4322/1220 1234/4323/1234
f 1219/4321/1219 1234/4323/1234 1233/4324/1233
f 1220/4325/1220 1221/4326/1221 1235/4327/1235
f 1220/4325/1220 1235/4327/1235 1234/4328/1234
f 1221/4329/1221 1222/4330/1222 1236/4331/1236
f 1221/4329/1221 1236/4331/1236 1235/4332/1235
f 1222/4333/1222 1223/4334/1223 1237/4335/1237
f 1222/4333/1222 1237/4335/1237 1236/4336/1236
f 1223/4337/1223 1224/4338/1224 1238/4339/1238
f 1223/4337/1223 1238/4339/1238 1237/4340/1237
f 1224/4341/1224 1225/4342/1225 1239/4343/1239
f 1224/4341/1224 1239/4343/1239 1238/4344/1238
f 1225/4345/1225 1226/4346/1226 1240/4347/1240
f 1225/4345/1225 1240/4347/1240 1239/4348/1239
f 1226/4349/1226 1227/4350/1227 1241/4351/1241
f 1226/4349/1226 1241/4351/1241 1240/4352/1240
f 1227/4353/1227 1228/4354/1228 1242/4355/1242
f 1227/4353/1227 1242/4355/1242 1241/4356/1241
f 1228/4357/1228 1229/4358/1229 1243/4359/1243
f 1228/4357/1228 1243/4359/1243 1242/4360/1242
f 1229/4361/1229 1230/4362/1230 1244/4363/1244
f 1229/4361/1229 1244/4363/1244 1243/4364/1243
f 1230/4365/1230 1217/4366/1217 1231/4367/1231
f 1230/4365/1230 1231/4367/1231 1244/4368/1244
f 1231/4369/1231 1232/4370/1232 1246/4371/1246
f 1231/4369/1231 1246/4371/1246 1245/4372/1245
f 1232/4373/1232 1233/4374/1233 1247/4375/1247
f 1232/4373/1232 1247/4375/1247 1246/4376/1246
f 1233/4377/1233 1234/4378/1234 1248/4379/1248
f 1233/4377/1233 1248/4379/1248 1247/4380/1247
f 1234/4381/1234 1235/4382/1235 1249/4383/1249
f 1234/4381/1234 1249/4383/1249 1248/4384/1248
f 1235/4385/1235 1236/4386/1236 1250/4387/1250
f 1235/4385/1235 1250/4387/1250 1249/4388/1249
f 1236/4389/1236 1237/4390/1237 1251/4391/1251
f 1236/4389/1236 1251/4391/1251 1250/4392/1250
f 1237/4393/1237 1238/4394/1238 1252/4395/1252
f 1237/4393/1237 1252/4395/1252 1251/4396/1251
f 1238/4397/1238 1239/4398/1239 1253/4399/1253
f 1238/4397/1238 1253/4399/1253 1252/4400/1252
f 1239/4401/1239 1240/4402/1240 1254/4403/1254
f 1239/4401/1239 1254/4403/1254 1253/4404/1253
f 1240/4405/1240 1241/4406/1241 1255/4407/1255
f 1240/4405/1240 1255/4407/1255 1254/4408/1254
f 1241/4409/1241 1242/4410/1242 1256/4411/1256
f 1241/4409/1241 1256/4411/1256 1255/4412/1255
f 1242/4413/1242 1243/4414/1243 1257/4415/1257
f 1242/4413/1242 1257/4415/1257 1256/4416/1256
f 1243/4417/1243 1244/4418/1244 1258/4419/1258
f 1243/4417/1243 1258/4419/1258 1257/4420/1257
f 1244/4421/1244 1231/4422/1231 1245/4423/1245
f 1244/4421/1244 1245/4423/1245 1258/4424/1258
f 1245/4425/1245 1246/4426/1246 1260/4427/1260
f 1245/4425/1245 1260/4427/1260 1259/4428/1259
f 1246/4429/1246 1247/4430/1247 1261/4431/1261
f 1246/4429/1246 1261/4431/1261 1260/4432/1260
f 1247/4433/1247 1248/4434/1248 1262/4435/1262
f 1247/4433/1247 1262/4435/1262 1261/4436/1261
f 1248/4437/1248 1249/4438/1249 1263/4439/1263
f 1248/4437/1248 1263/4439/1263 1262/4440/1262
f 1249/4441/1249 1250/4442/1250 1264/4443/1264
f 1249/4441/1249 1264/4443/1264 1263/4444/1263
f 1250/4445/1250 1251/4446/1251 1265/4447/1265
f 1250/4445/1250 1265/4447/1265 1264/4448/1264
f 1251/4449/1251 1252/4450/1252 1266/4451/1266
f 1251/4449/1251 1266/4451/1266 1265/4452/1265
f 1252/4453/1252 1253/4454/1253 1267/4455/1267
f 1252/4453/1252 1267/4455/1267 1266/4456/1266
f 1253/4457/1253 1254/4458/1254 1268/4459/1268
f 1253/4457/1253 1268/4459/1268 1267/4460/1267
f 1254/4461/1254 1255/4462/1255 1269/4463/1269
f 1254/4461/1254 1269/4463/1269 1268/4464/1268
f 1255/4465/1255 1256/4466/1256 1270/4467/1270
f 1255/4465/1255 1270/4467/1270 1269/4468/1269
f 1256/4469/1256 1257/4470/1257 1271/4471/1271
f 1256/4469/1256 1271/4471/1271 1270/4472/1270
f 1257/4473/1257 1258/4474/1258 1272/4475/1272
f 1257/4473/1257 1272/4475/1272 1271/4476/1271
f 1258/4477/1258 1245/4478/1245 1259/4479/1259
f 1258/4477/1258 1259/4479/1259 1272/4480/1272
f 1273/4481/1273 1274/4482/1274 1288/4483/1288
f 1273/4481/1273 1288/4483/1288 1287/4484/1287
f 1274/4485/1274 1275/4486/1275 1289/4487/1289
f 1274/4485/1274 1289/4487/1289 1288/4488/1288
f 1275/4489/1275 1276/4490/1276 1290/4491/1290
f 1275/4489/1275 1290/4491/1290 1289/4492/1289
f 1276/4493/1276 1277/4494/1277 1291/4495/1291
f 1276/4493/1276 1291/4495/1291 1290/4496/1290
f 1277/4497/1277 1278/4498/1278 1292/4499/1292
f 1277/4497/1277 1292/4499/1292 1291/4500/1291
f 1278/4501/1278 1279/4502/1279 1293/4503/1293
f 1278/4501/1278 1293/4503/1293 1292/4504/1292
f 1279/4505/1279 1280/4506/1280 1294/4507/1294
f 1279/4505/1279 1294/4507/1294 1293/4508/1293
f 1280/4509/1280 1281/4510/1281 1295/4511/1295
f 1280/4509/1280 1295/4511/1295 1294/4512/1294
f 1281/4513/1281 1282/4514/1282 1296/4515/1296
f 1281/4513/1281 1296/4515/1296 1295/4516/1295
f 1282/4517/1282 1283/4518/1283 1297/4519/1297
f 1282/4517/1282 1297/4519/1297 1296/4520/1296
f 1283/4521/1283 1284/4522/1284 1298/4523/1298
f 1283/4521/1283 1298/4523/1298 1297/4524/1297
f 1284/4525/1284 1285/4526/1285 1299/4527/1299
f 1284/4525/1284 1299/4527/1299 1298/4528/1298
f 1285/4529/1285 1286/4530/1286 1300/4531/1300
f 1285/4529/1285 1300/4531/1300 1299/4532/1299
f 1286/4533/1286 1273/4534/1273 1287/4535/1287
f 1286/4533/1286 1287/4535/1287 1300/4536/1300
f 1287/4537/1287 1288/4538/1288 1302/4539/1302
f 1287/4537/1287 1302/4539/1302 1301/4540/1301
f 1288/4541/1288 1289/4542/1289 1303/4543/1303
f 1288/4541/1288 1303/4543/1303 1302/4544/1302
f 1289/4545/1289 1290/4546/1290 1304/4547/1304
f 1289/4545/1289 1304/4547/1304 1303/4548/1303
f 1290/4549/1290 1291/4550/1291 1305/4551/1305
f 1290/4549/1290 1305/4551/1305 1304/4552/1304
f 1291/4553/1291 1292/4554/1292 1306/4555/1306
f 1291/4553/1291 1306/4555/1306 1305/4556/1305
f 1292/4557/1292 1293/4558/1293 1307/4559/1307
f 1292/4557/1292 1307/4559/1307 1306/4560/1306
f 1293/4561/1293 1294/4562/1294 1308/4563/1308
f 1293/4561/1293 1308/4563/1308 1307/4564/1307
f 1294/4565/1294 1295/4566/1295 1309/4567/1309
f 1294/4565/1294 1309/4567/1309 1308/4568/1308
f 1295/4569/1295 1296/4570/1296 1310/4571/1310
f 1295/4569/1295 1310/4571/1310 1309/4572/1309
f 1296/4573/1296 1297/4574/1297 1311/4575/1311
f 1296/4573/1296 1311/4575/1311 1310/4576/1310
f 1297/4577/1297 1298/4578/1298 1312/4579/1312
f 1297/4577/1297 1312/4579/1312 1311/4580/1311
f 1298/4581/1298 1299/4582/1299 1313/4583/1313
f 1298/4581/1298 1313/4583/1313 1312/4584/1312
f 1299/4585/1299 1300/4586/1300 1314/4587/1314
f 1299/4585/1299 1314/4587/1314 1313/4588/1313
f 1300/4589/1300 1287/4590/1287 1301/4591/1301
f 1300/4589/1300 1301/4591/1301 1314/4592/1314
f 1301/4593/1301 1302/4594/1302 1316/4595/1316
f 1301/4593/1301 1316/4595/1316 1315/4596/1315
f 1302/4597/1302 1303/4598/1303 1317/4599/1317
f 1302/4597/1302 1317/4599/1317 1316/4600/1316
f 1303/4601/1303 1304/4602/1304 1318/4603/1318
f 1303/4601/1303 1318/4603/1318 1317/4604/1317
f 1304/4605/1304 1305/4606/1305 1319/4607/1319
f 1304/4605/1304 1319/4607/1319 1318/4608/1318
f 1305/4609/1305 1306/4610/1306 1320/4611/1320
f 1305/4609/1305 1320/4611/1320 1319/4612/1319
f 1306/4613/1306 1307/4614/1307 1321/4615/1321
f 1306/4613/1306 1321/4615/1321 1320/4616/1320
f 1307/4617/1307 1308/4618/1308 1322/4619/1322
f 1307/4617/1307 1322/4619/1322 1321/4620/1321
f 1308/4621/1308 1309/4622/1309 1323/4623/1323
f 1308/4621/1308 1323/4623/1323 1322/4624/1322
f 1309/4625/1309 1310/4626/1310 1324/4627/1324
f 1309/4625/1309 1324/4627/1324 1323/4628/1323
f 1310/4629/1310 1311/4630/1311 1325/4631/1325
f 1310/4629/1310 1325/4631/1325 1324/4632/1324
f 1311/4633/1311 1312/4634/1312 1326/4635/1326
f 1311/4633/1311 1326/4635/1326 1325/4636/1325
f 1312/4637/1312 1313/4638/1313 1327/4639/1327
f 1312/4637/1312 1327/4639/1327 1326/4640/1326
f 1313/4641/1313 1314/4642/1314 1328/4643/1328
f 1313/4641/1313 1328/4643/1328 1327/4644/1327
f 1314/4645/1314 1301/4646/1301 1315/4647/1315
f 1314/4645/1314 1315/4647/1315 1328/4648/1328
f 1315/4649/1315 1316/4650/1316 1330/4651/1330
f 1315/4649/1315 1330/4651/1330 1329/4652/1329
f 1316/4653/1316 1317/4654/1317 1331/4655/1331
f 1316/4653/1316 1331/4655/1331 1330/4656/1330
f 1317/4657/1317 1318/4658/1318 1332/4659/1332
f 1317/4657/1317 1332/4659/1332 1331/4660/1331
f 1318/4661/1318 1319/4662/1319 1333/4663/1333
f 1318/4661/1318 1333/4663/1333 1332/4664/1332
f 1319/4665/1319 1320/4666/1320 1334/4667/1334
f 1319/4665/1319 1334/4667/1334 1333/4668/1333
f 1320/4669/1320 1321/4670/1321 1335/4671/1335
f 1320/4669/1320 1335/4671/1335 1334/4672/1334
f 1321/4673/1321 1322/4674/1322 1336/4675/1336
f 1321/4673/1321 1336/4675/1336 1335/4676/1335
f 1322/4677/1322 1323/4678/1323 1337/4679/1337
f 1322/4677/1322 1337/4679/1337 1336/4680/1336
f 1323/4681/1323 1324/4682/1324 1338/4683/1338
f 1323/4681/1323 1338/4683/1338 1337/4684/1337
f 1324/4685/1324 1325/4686/1325 1339/4687/1339
f 1324/4685/1324 1339/4687/1339 1338/4688/1338
f 1325/4689/1325 1326/4690/1326 1340/4691/1340
f 1325/4689/1325 1340/4691/1340 1339/4692/1339
f 1326/4693/1326 1327/4694/1327 1341/4695/1341
f 1326/4693/1326 1341/4695/1341 1340/4696/1340
f 1327/4697/1327 1328/4698/1328 1342/4699/1342
f 1327/4697/1327 1342/4699/1342 1341/4700/1341
f 1328/4701/1328 1315/4702/1315 1329/4703/1329
f 1328/4701/1328 1329/4703/1329 1342/4704/1342
f 1329/4705/1329 1330/4706/1330 1344/4707/1344
f 1329/4705/1329 1344/4707/1344 1343/4708/1343
f 1330/4709/1330 1331/4710/1331 1345/4711/1345
f 1330/4709/1330 1345/4711/1345 1344/4712/1344
f 1331/4713/1331 1332/4714/1332 1346/4715/1346
f 1331/4713/1331 1346/4715/1346 1345/4716/1345
f 1332/4717/1332 1333/4718/1333 1347/4719/1347
f 1332/4717/1332 1347/4719/1347 1346/4720/1346
f 1333/4721/1333 1334/4722/1334 1348/4723/1348
f 1333/4721/1333 1348/4723/1348 1347/4724/1347
f 1334/4725/1334 1335/4726/1335 1349/4727/1349
f 1334/4725/1334 1349/4727/1349 1348/4728/1348
f 1335/4729/1335 1336/4730/1336 1350/4731/1350
f 1335/4729/1335 1350/4731/1350 1349/4732/1349
f 1336/4733/1336 1337/4734/1337 1351/4735/1351
f 1336/4733/1336 1351/4735/1351 1350/4736/1350
f 1337/4737/1337 1338/4738/1338 1352/4739/1352
f 1337/4737/1337 1352/4739/1352 1351/4740/1351
f 1338/4741/1338 1339/4742/1339 1353/4743/1353
f 1338/4741/1338 1353/4743/1353 1352/4744/1352
f 1339/4745/1339 1340/4746/1340 1354/4747/1354
f 1339/4745/1339 1354/4747/1354 1353/4748/1353
f 1340/4749/1340 1341/4750/1341 1355/4751/1355
f 1340/4749/1340 1355/4751/1355 1354/4752/1354
f 1341/4753/1341 1342/4754/1342 1356/4755/1356
f 1341/4753/1341 1356/4755/1356 1355/4756/1355
f 1342/4757/1342 1329/4758/1329 1343/4759/1343
f 1342/4757/1342 1343/4759/1343 1356/4760/1356
f 1343/4761/1343 1344/4762/1344 1358/4763/1358
f 1343/4761/1343 1358/4763/1358 1357/4764/1357
f 1344/4765/1344 1345/4766/1345 1359/4767/1359
f 1344/4765/1344 1359/4767/1359 1358/4768/1358
f 1345/4769/1345 1346/4770/1346 1360/4771/1360
f 1345/4769/1345 1360/4771/1360 1359/4772/1359
f 1346/4773/1346 1347/4774/1347 1361/4775/1361
f 1346/4773/1346 1361/4775/1361 1360/4776/1360
f 1347/4777/1347 1348/4778/1348 1362/4779/1362
f 1347/4777/1347 1362/4779/1362 1361/4780/1361
f 1348/4781/1348 1349/4782/1349 1363/4783/1363
f 1348/4781/1348 1363/4783/1363 1362/4784/1362
f 1349/4785/1349 1350/4786/1350 1364/4787/1364
f 1349/4785/1349 1364/4787/1364 1363/4788/1363
f 1350/4789/1350 1351/4790/1351 1365/4791/1365
f 1350/4789/1350 1365/4791/1365 1364/4792/1364
f 1351/4793/1351 1352/4794/1352 1366/4795/1366
f 1351/4793/1351 1366/4795/1366 1365/4796/1365
f 1352/4797/1352 1353/4798/1353 1367/4799/1367
f 1352/4797/1352 1367/4799/1367 1366/4800/1366
f 1353/4801/1353 1354/4802/1354 1368/4803/1368
f 1353/4801/1353 1368/4803/1368 1367/4804/1367
f 1354/4805/1354 1355/4806/1355 1369/4807/1369
f 1354/4805/1354 1369/4807/1369 1368/4808/1368
f 1355/4809/1355 1356/4810/1356 1370/4811/1370
f 1355/4809/1355 1370/4811/1370 1369/4812/1369
f 1356/4813/1356 1343/4814/1343 1357/4815/1357
f 1356/4813/1356 1357/4815/1357 1370/4816/1370
f 1357/4817/1357 1358/4818/1358 1372/4819/1372
f 1357/4817/1357 1372/4819/1372 1371/4820/1371
f 1358/4821/1358 1359/4822/1359 1373/4823/1373
f 1358/4821/1358 1373/4823/1373 1372/4824/1372
f 1359/4825/1359 1360/4826/1360 1374/4827/1374
f 1359/4825/1359 1374/4827/1374 1373/4828/1373
f 1360/4829/1360 1361/4830/1361 1375/4831/1375
f 1360/4829/1360 1375/4831/1375 1374/4832/1374
f 1361/4833/1361 1362/4834/1362 1376/4835/1376
f 1361/4833/1361 1376/4835/1376 1375/4836/1375
f 1362/4837/1362 1363/4838/1363 1377/4839/1377
f 1362/4837/1362 1377/4839/1377 1376/4840/1376
f 1363/4841/1363 1364/4842/1364 1378/4843/1378
f 1363/4841/1363 1378/4843/1378 1377/4844/1377
f 1364/4845/1364 1365/4846/1365 1379/4847/1379
f 1364/4845/1364 1379/4847/1379 1378/4848/1378
f 1365/4849/1365 1366/4850/1366 1380/4851/1380
f 1365/4849/1365 1380/4851/1380 1379/4852/1379
f 1366/4853/1366 1367/4854/1367 1381/4855/1381
f 1366/4853/1366 1381/4855/1381 1380/4856/1380
f 1367/4857/1367 1368/4858/1368 1382/4859/1382
f 1367/4857/1367 1382/4859/1382 1381/4860/1381
f 1368/4861/1368 1369/4862/1369 1383/4863/1383
f 1368/4861/1368 1383/4863/1383 1382/4864/1382
f 1369/4865/1369 1370/4866/1370 1384/4867/1384
f 1369/4865/1369 1384/4867/1384 1383/4868/1383
f 1370/4869/1370 1357/4870/1357 1371/4871/1371
f 1370/4869/1370 1371/4871/1371 1384/4872/1384
f 1371/4873/1371 1372/4874/1372 1386/4875/1386
f 1371/4873/1371 1386/4875/1386 1385/4876/1385
f 1372/4877/1372 1373/4878/1373 1387/4879/1387
f 1372/4877/1372 1387/4879/1387 1386/4880/1386
f 1373/4881/1373 1374/4882/1374 1388/4883/1388
f 1373/4881/1373 1388/4883/1388 1387/4884/1387
f 1374/4885/1374 1375/4886/1375 1389/4887/1389
f 1374/4885/1374 1389/4887/1389 1388/4888/1388
f 1375/4889/1375 1376/4890/1376 1390/4891/1390
f 1375/4889/1375 1390/4891/1390 1389/4892/1389
f 1376/4893/1376 1377/4894/1377 1391/4895/1391
f 1376/4893/1376 1391/4895/1391 1390/4896/1390
f 1377/4897/1377 1378/4898/1378 1392/4899/1392
f 1377/4897/1377 1392/4899/1392 1391/4900/1391
f 1378/4901/1378 1379/4902/1379 1393/4903/1393
f 1378/4901/1378 1393/4903/1393 1392/4904/1392
f 1379/4905/1379 1380/4906/1380 1394/4907/1394
f 1379/4905/1379 1394/4907/1394 1393/4908/1393
f 1380/4909/1380 1381/4910/1381 1395/4911/1395
f 1380/4909/1380 1395/4911/1395 1394/4912/1394
f 1381/4913/1381 1382/4914/1382 1396/4915/1396
f 1381/4913/1381 1396/4915/1396 1395/4916/1395
f 1382/4917/1382 1383/4918/1383 1397/4919/1397
f 1382/4917/1382 1397/4919/1397 1396/4920/1396
f 1383/4921/1383 1384/4922/1384 1398/4923/1398
f 1383/4921/1383 1398/4923/1398 1397/4924/1397
f 1384/4925/1384 1371/4926/1371 1385/4927/1385
f 1384/4925/1384 1385/4927/1385 1398/4928/1398
f 1399/4929/1399 1401/4930/1401 1402/4931/1402
f 1399/4929/1399 1402/4931/1402 1400/4932/1400
f 1401/4933/1401 1403/4934/1403 1404/4935/1404
f 1401/4933/1401 1404/4935/1404 1402/4936/1402
f 1403/4937/1403 1405/4938/1405 1406/4939/1406
f 1403/4937/1403 1406/4939/1406 1404/4940/1404
f 1405/4941/1405 1407/4942/1407 1408/4943/1408
f 1405/4941/1405 1408/4943/1408 1406/4944/1406
f 1407/4945/1407 1409/4946/1409 1410/4947/1410
f 1407/4945/1407 1410/4947/1410 1408/4948/1408
f 1409/4949/1409 1411/4950/1411 1412/4951/1412
f 1409/4949/1409 1412/4951/1412 1410/4952/1410
f 1411/4953/1411 1413/4954/1413 1414/4955/1414
f 1411/4953/1411 1414/4955/1414 1412/4956/1412
f 1413/4957/1413 1415/4958/1415 1416/4959/1416
f 1413/4957/1413 1416/4959/1416 1414/4960/1414
f 1415/4961/1415 1417/4962/1417 1418/4963/1418
f 1415/4961/1415 1418/4963/1418 1416/4964/1416
f 1417/4965/1417 1419/4966/1419 1420/4967/1420
f 1417/4965/1417 1420/4967/1420 1418/4968/1418
f 1419/4969/1419 1421/4970/1421 1422/4971/1422
f 1419/4969/1419 1422/4971/1422 1420/4972/1420
f 1421/4973/1421 1423/4974/1423 1424/4975/1424
f 1421/4973/1421 1424/4975/1424 1422/4976/1422
f 1423/4977/1423 1425/4978/1425 1426/4979/1426
f 1423/4977/1423 1426/4979/1426 1424/4980/1424
f 1425/4981/1425 1427/4982/1427 1428/4983/1428
f 1425/4981/1425 1428/4983/1428 1426/4984/1426
f 1427/4985/1427 1429/4986/1429 1430/4987/1430
f 1427/4985/1427 1430/4987/1430 1428/4988/1428
f 1429/4989/1429 1431/4990/1431 1432/4991/1432
f 1429/4989/1429 1432/4991/1432 1430/4992/1430
f 1431/4993/1431 1433/4994/1433 1434/4995/1434
f 1431/4993/1431 1434/4995/1434 1432/4996/1432
f 1433/4997/1433 1435/4998/1435 1436/4999/1436
f 1433/4997/1433 1436/4999/1436 1434/5000/1434
f 1435/5001/1435 1437/5002/1437 1438/5003/1438
f 1435/5001/1435 1438/5003/1438 1436/5004/1436
f 1437/5005/1437 1399/5006/1399 1400/5007/1400
f 1437/5005/1437 1400/5007/1400 1438/5008/1438
f 1731/5985/1731 1732/5986/1732 1746/5987/1746
f 1731/5985/1731 1746/5987/1746 1745/5988/1745
f 1732/5989/1732 1733/5990/1733 1747/5991/1747
f 1732/5989/1732 1747/5991/1747 1746/5992/1746
f 1733/5993/1733 1734/5994/1734 1748/5995/1748
f 1733/5993/1733 1748/5995/1748 1747/5996/1747
f 1734/5997/1734 1735/5998/1735 1749/5999/1749
f 1734/5997/1734 1749/5999/1749 1748/6000/1748
f 1735/6001/1735 1736/6002/1736 1750/6003/1750
f 1735/6001/1735 1750/6003/1750 1749/6004/1749
f 1736/6005/1736 1737/6006/1737 1751/6007/1751
f 1736/6005/1736 1751/6007/1751 1750/6008/1750
f 1737/6009/1737 1738/6010/1738 1752/6011/1752
f 1737/6009/1737 1752/6011/1752 1751/6012/1751
f 1738/6013/1738 1739/6014/1739 1753/6015/1753
f 1738/6013/1738 1753/6015/1753 1752/6016/1752
f 1739/6017/1739 1740/6018/1740 1754/6019/1754
f 1739/6017/1739 1754/6019/1754 1753/6020/1753
f 1740/6021/1740 1741/6022/1741 1755/6023/1755
f 1740/6021/1740 1755/6023/1755 1754/6024/1754
f 1741/6025/1741 1742/6026/1742 1756/6027/1756
f 1741/6025/1741 1756/6027/1756 1755/6028/1755
f 1742/6029/1742 1743/6030/1743 1757/6031/1757
f 1742/6029/1742 1757/6031/1757 1756/6032/1756
f 1743/6033/1743 1744/6034/1744 1758/6035/1758
f 1743/6033/1743 1758/6035/1758 1757/6036/1757
f 1744/6037/1744 1731/6038/1731 1745/6039/1745
f 1744/6037/1744 1745/6039/1745 1758/6040/1758
f 1745/6041/1745 1746/6042/1746 1760/6043/1760
f 1745/6041/1745 1760/6043/1760 1759/6044/1759
f 1746/6045/1746 1747/6046/1747 1761/6047/1761
f 1746/6045/1746 1761/6047/1761 1760/6048/1760
f 1747/6049/1747 1748/6050/1748 1762/6051/1762
f 1747/6049/1747 1762/6051/1762 1761/6052/1761
f 1748/6053/1748 1749/6054/1749 1763/6055/1763
f 1748/6053/1748 1763/6055/1763 1762/6056/1762
f 1749/6057/1749 1750/6058/1750 1764/6059/1764
f 1749/6057/1749 1764/6059/1764 1763/6060/1763
f 1750/6061/1750 1751/6062/1751 1765/6063/1765
f 1750/6061/1750 1765/6063/1765 1764/6064/1764
f 1751/6065/1751 1752/6066/1752 1766/6067/1766
f 1751/6065/1751 1766/6067/1766 1765/6068/1765
f 1752/6069/1752 1753/6070/1753 1767/6071/1767
f 1752/6069/1752 1767/6071/1767 1766/6072/1766
f 1753/6073/1753 1754/6074/1754 1768/6075/1768
f 1753/6073/1753 1768/6075/1768 1767/6076/1767
f 1754/6077/1754 1755/6078/1755 1769/6079/1769
f 1754/6077/1754 1769/6079/1769 1768/6080/1768
f 1755/6081/1755 1756/6082/1756 1770/6083/1770
f 1755/6081/1755 1770/6083/1770 1769/6084/1769
f 1756/6085/1756 1757/6086/1757 1771/6087/1771
f 1756/6085/1756 1771/6087/1771 1770/6088/1770
f 1757/6089/1757 1758/6090/1758 1772/6091/1772
f 1757/6089/1757 1772/6091/1772 1771/6092/1771
f 1758/6093/1758 1745/6094/1745 1759/6095/1759
f 1758/6093/1758 1759/6095/1759 1772/6096/1772
f 1759/6097/1759 1760/6098/1760 1774/6099/1774
f 1759/6097/1759 1774/6099/1774 1773/6100/1773
f 1760/6101/1760 1761/6102/1761 1775/6103/1775
f 1760/6101/1760 1775/6103/1775 1774/6104/1774
f 1761/6105/1761 1762/6106/1762 1776/6107/1776
f 1761/6105/1761 1776/6107/1776 1775/6108/1775
f 1762/6109/1762 1763/6110/1763 1777/6111/1777
f 1762/6109/1762 1777/6111/1777 1776/6112/1776
f 1763/6113/1763 1764/6114/1764 1778/6115/1778
f 1763/6113/1763 1778/6115/1778 1777/6116/1777
f 1764/6117/1764 1765/6118/1765 1779/6119/1779
f 1764/6117/1764 1779/6119/1779 1778/6120/1778
f 1765/6121/1765 1766/6122/1766 1780/6123/1780
f 1765/6121/1765 1780/6123/1780 1779/6124/1779
f 1766/6125/1766 1767/6126/1767 1781/6127/1781
f 1766/6125/1766 1781/6127/1781 1780/6128/1780
f 1767/6129/1767 1768/6130/1768 1782/6131/1782
f 1767/6129/1767 1782/6131/1782 1781/6132/1781
f 1768/6133/1768 1769/6134/1769 1783/6135/1783
f 1768/6133/1768 1783/6135/1783 1782/6136/1782
f 1769/6137/1769 1770/6138/1770 1784/6139/1784
f 1769/6137/1769 1784/6139/1784 1783/6140/1783
f 1770/6141/1770 1771/6142/1771 1785/6143/1785
f 1770/6141/1770 1785/6143/1785 1784/6144/1784
f 1771/6145/1771 1772/6146/1772 1786/6147/1786
f 1771/6145/1771 1786/6147/1786 1785/6148/1785
f 1772/6149/1772 1759/6150/1759 1773/6151/1773
f 1772/6149/1772 1773/6151/1773 1786/6152/1786
f 1773/6153/1773 1774/6154/1774 1788/6155/1788
f 1773/6153/1773 1788/6155/1788 1787/6156/1787
f 1774/6157/1774 1775/6158/1775 1789/6159/1789
f 1774/6157/1774 1789/6159/1789 1788/6160/1788
f 1775/6161/1775 1776/6162/1776 1790/6163/1790
f 1775/6161/1775 1790/6163/1790 1789/6164/1789
f 1776/6165/1776 1777/6166/1777 1791/6167/1791
f 1776/6165/1776 1791/6167/1791 1790/6168/1790
f 1777/6169/1777 1778/6170/1778 1792/6171/1792
f 1777/6169/1777 1792/6171/1792 1791/6172/1791
f 1778/6173/1778 1779/6174/1779 1793/6175/1793
f 1778/6173/1778 1793/6175/1793 1792/6176/1792
f 1779/6177/1779 1780/6178/1780 1794/6179/1794
f 1779/6177/1779 1794/6179/1794 1793/6180/1793
f 1780/6181/1780 1781/6182/1781 1795/6183/1795
f 1780/6181/1780 1795/6183/1795 1794/6184/1794
f 1781/6185/1781 1782/6186/1782 1796/6187/1796
f 1781/6185/1781 1796/6187/1796 1795/6188/1795
f 1782/6189/1782 1783/6190/1783 1797/6191/1797
f 1782/6189/1782 1797/6191/1797 1796/6192/1796
f 1783/6193/1783 1784/6194/1784 1798/6195/1798
f 1783/6193/1783 1798/6195/1798 1797/6196/1797
f 1784/6197/1784 1785/6198/1785 1799/6199/1799
f 1784/6197/1784 1799/6199/1799 1798/6200/1798
f 1785/6201/1785 1786/6202/1786 1800/6203/1800
f 1785/6201/1785 1800/6203/1800 1799/6204/1799
f 1786/6205/1786 1773/6206/1773 1787/6207/1787
f 1786/6205/1786 1787/6207/1787 1800/6208/1800
f 1787/6209/1787 1788/6210/1788 1802/6211/1802
f 1787/6209/1787 1802/6211/1802 1801/6212/1801
f 1788/6213/1788 1789/6214/1789 1803/6215/1803
f 1788/6213/1788 1803/6215/1803 1802/6216/1802
f 1789/6217/1789 1790/6218/1790 1804/6219/1804
f 1789/6217/1789 1804/6219/1804 1803/6220/1803
f 1790/6221/1790 1791/6222/1791 1805/6223/1805
f 1790/6221/1790 1805/6223/1805 1804/6224/1804
f 1791/6225/1791 1792/6226/1792 1806/6227/1806
f 1791/6225/1791 1806/6227/1806 1805/6228/1805
f 1792/6229/1792 1793/6230/1793 1807/6231/1807
f 1792/6229/1792 1807/6231/1807 1806/6232/1806
f 1793/6233/1793 1794/6234/1794 1808/6235/1808
f 1793/6233/1793 1808/6235/1808 1807/6236/1807
f 1794/6237/1794 1795/6238/1795 1809/6239/1809
f 1794/6237/1794 1809/6239/1809 1808/6240/1808
f 1795/6241/1795 1796/6242/1796 1810/6243/1810
f 1795/6241/1795 1810/6243/1810 1809/6244/1809
f 1796/6245/1796 1797/6246/1797 1811/6247/1811
f 1796/6245/1796 1811/6247/1811 1810/6248/1810
f 1797/6249/1797 1798/6250/1798 1812/6251/1812
f 1797/6249/1797 1812/6251/1812 1811/6252/1811
f 1798/6253/1798 1799/6254/1799 1813/6255/1813
f 1798/6253/1798 1813/6255/1813 1812/6256/1812
f 1799/6257/1799 1800/6258/1800 1814/6259/1814
f 1799/6257/1799 1814/6259/1814 1813/6260/1813
f 1800/6261/1800 1787/6262/1787 1801/6263/1801
f 1800/6261/1800 1801/6263/1801 1814/6264/1814
f 1801/6265/1801 1802/6266/1802 1816/6267/1816
f 1801/6265/1801 1816/6267/1816 1815/6268/1815
f 1802/6269/1802 1803/6270/1803 1817/6271/1817
f 1802/6269/1802 1817/6271/1817 1816/6272/1816
f 1803/6273/1803 1804/6274/1804 1818/6275/1818
f 1803/6273/1803 1818/6275/1818 1817/6276/1817
f 1804/6277/1804 1805/6278/1805 1819/6279/1819
f 1804/6277/1804 1819/6279/1819 1818/6280/1818
f 1805/6281/1805 1806/6282/1806 1820/6283/1820
f 1805/6281/1805 1820/6283/1820 1819/6284/1819
f 1806/6285/1806 1807/6286/1807 1821/6287/1821
f 1806/6285/1806 1821/6287/1821 1820/6288/1820
f 1807/6289/1807 1808/6290/1808 1822/6291/1822
f 1807/6289/1807 1822/6291/1822 1821/6292/1821
f 1808/6293/1808 1809/6294/1809 1823/6295/1823
f 1808/6293/1808 1823/6295/1823 1822/6296/1822
f 1809/6297/1809 1810/6298/1810 1824/6299/1824
f 1809/6297/1809 1824/6299/1824 1823/6300/1823
f 1810/6301/1810 1811/6302/1811 1825/6303/1825
f 1810/6301/1810 1825/6303/1825 1824/6304/1824
f 1811/6305/1811 1812/6306/1812 1826/6307/1826
f 1811/6305/1811 1826/6307/1826 1825/6308/1825
f 1812/6309/1812 1813/6310/1813 1827/6311/1827
f 1812/6309/1812 1827/6311/1827 1826/6312/1826
f 1813/6313/1813 1814/6314/1814 1828/6315/1828
f 1813/6313/1813 1828/6315/1828 1827/6316/1827
f 1814/6317/1814 1801/6318/1801 1815/6319/1815
f 1814/6317/1814 1815/6319/1815 1828/6320/1828
f 1815/6321/1815 1816/6322/1816 1830/6323/1830
f 1815/6321/1815 1830/6323/1830 1829/6324/1829
f 1816/6325/1816 1817/6326/1817 1831/6327/1831
f 1816/6325/1816 1831/6327/1831 1830/6328/1830
f 1817/6329/1817 1818/6330/1818 1832/6331/1832
f 1817/6329/1817 1832/6331/1832 1831/6332/1831
f 1818/6333/1818 1819/6334/1819 1833/6335/1833
f 1818/6333/1818 1833/6335/1833 1832/6336/1832
f 1819/6337/1819 1820/6338/1820 1834/6339/1834
f 1819/6337/1819 1834/6339/1834 1833/6340/1833
f 1820/6341/1820 1821/6342/1821 1835/6343/1835
f 1820/6341/1820 1835/6343/1835 1834/6344/1834
f 1821/6345/1821 1822/6346/1822 1836/6347/1836
f 1821/6345/1821 1836/6347/1836 1835/6348/1835
f 1822/6349/1822 1823/6350/1823 1837/6351/1837
f 1822/6349/1822 1837/6351/1837 1836/6352/1836
f 1823/6353/1823 1824/6354/1824 1838/6355/1838
f 1823/6353/1823 1838/6355/1838 1837/6356/1837
f 1824/6357/1824 1825/6358/1825 1839/6359/1839
f 1824/6357/1824 1839/6359/1839 1838/6360/1838
f 1825/6361/1825 1826/6362/1826 1840/6363/1840
f 1825/6361/1825 1840/6363/1840 1839/6364/1839
f 1826/6365/1826 1827/6366/1827 1841/6367/1841
f 1826/6365/1826 1841/6367/1841 1840/6368/1840
f 1827/6369/1827 1828/6370/1828 1842/6371/1842
f 1827/6369/1827 1842/6371/1842 1841/6372/1841
f 1828/6373/1828 1815/6374/1815 1829/6375/1829
f 1828/6373/1828 1829/6375/1829 1842/6376/1842
f 1829/6377/1829 1830/6378/1830 1844/6379/1844
f 1829/6377/1829 1844/6379/1844 1843/6380/1843
f 1830/6381/1830 1831/6382/1831 1845/6383/1845
f 1830/6381/1830 1845/6383/1845 1844/6384/1844
f 1831/6385/1831 1832/6386/1832 1846/6387/1846
f 1831/6385/1831 1846/6387/1846 1845/6388/1845
f 1832/6389/1832 1833/6390/1833 1847/6391/1847
f 1832/6389/1832 1847/6391/1847 1846/6392/1846
f 1833/6393/1833 1834/6394/1834 1848/6395/1848
f 1833/6393/1833 1848/6395/1848 1847/6396/1847
f 1834/6397/1834 1835/6398/1835 1849/6399/1849
f 1834/6397/1834 1849/6399/1849 1848/6400/1848
f 1835/6401/1835 1836/6402/1836 1850/6403/1850
f 1835/6401/1835 1850/6403/1850 1849/6404/1849
f 1836/6405/1836 1837/6406/1837 1851/6407/1851
f 1836/6405/1836 1851/6407/1851 1850/6408/1850
f 1837/6409/1837 1838/6410/1838 1852/6411/1852
f 1837/6409/1837 1852/6411/1852 1851/6412/1851
f 1838/6413/1838 1839/6414/1839 1853/6415/1853
f 1838/6413/1838 1853/6415/1853 1852/6416/1852
f 1839/6417/1839 1840/6418/1840 1854/6419/1854
f 1839/6417/1839 1854/6419/1854 1853/6420/1853
f 1840/6421/1840 1841/6422/1841 1855/6423/1855
f 1840/6421/1840 1855/6423/1855 1854/6424/1854
f 1841/6425/1841 1842/6426/1842 1856/6427/1856
f 1841/6425/1841 1856/6427/1856 1855/6428/1855
f 1842/6429/1842 1829/6430/1829 1843/6431/1843
f 1842/6429/1842 1843/6431/1843 1856/6432/1856
f 2219/7633/2219 2220/7634/2220 2234/7635/2234
f 2219/7633/2219 2234/7635/2234 2233/7636/2233
f 2220/7637/2220 2221/7638/2221 2235/7639/2235
f 2220/7637/2220 2235/7639/2235 2234/7640/2234
f 2221/7641/2221 2222/7642/2222 2236/7643/2236
f 2221/7641/2221 2236/7643/2236 2235/7644/2235
f 2222/7645/2222 2223/7646/2223 2237/7647/2237
f 2222/7645/2222 2237/7647/2237 2236/7648/2236
f 2223/7649/2223 2224/7650/2224 2238/7651/2238
f 2223/7649/2223 2238/7651/2238 2237/7652/2237
f 2224/7653/2224 2225/7654/2225 2239/7655/2239
f 2224/7653/2224 2239/7655/2239 2238/7656/2238
f 2225/7657/2225 2226/7658/2226 2240/7659/2240
f 2225/7657/2225 2240/7659/2240 2239/7660/2239
f 2226/7661/2226 2227/7662/2227 2241/7663/2241
f 2226/7661/2226 2241/7663/2241 2240/7664/2240
f 2227/7665/2227 2228/7666/2228 2242/7667/2242
f 2227/7665/2227 2242/7667/2242 2241/7668/2241
f 2228/7669/2228 2229/7670/2229 2243/7671/2243
f 2228/7669/2228 2243/7671/2243 2242/7672/2242
f 2229/7673/2229 2230/7674/2230 2244/7675/2244
f 2229/7673/2229 2244/7675/2244 2243/7676/2243
f 2230/7677/2230 2231/7678/2231 2245/7679/2245
f 2230/7677/2230 2245/7679/2245 2244/7680/2244
f 2231/7681/2231 2232/7682/2232 2246/7683/2246
f 2231/7681/2231 2246/7683/2246 2245/7684/2245
f 2232/7685/2232 2219/7686/2219 2233/7687/2233
f 2232/7685/2232 2233/7687/2233 2246/7688/2246
f 2233/7689/2233 2234/7690/2234 2248/7691/2248
f 2233/7689/2233 2248/7691/2248 2247/7692/2247
f 2234/7693/2234 2235/7694/2235 2249/7695/2249
f 2234/7693/2234 2249/7695/2249 2248/7696/2248
f 2235/7697/2235 2236/7698/2236 2250/7699/2250
f 2235/7697/2235 2250/7699/2250 2249/7700/2249
f 2236/7701/2236 2237/7702/2237 2251/7703/2251
f 2236/7701/2236 2251/7703/2251 2250/7704/2250
f 2237/7705/2237 2238/7706/2238 2252/7707/2252
f 2237/7705/2237 2252/7707/2252 2251/7708/2251
f 2238/7709/2238 2239/7710/2239 2253/7711/2253
f 2238/7709/2238 2253/7711/2253 2252/7712/2252
f 2239/7713/2239 2240/7714/2240 2254/7715/2254
f 2239/7713/2239 2254/7715/2254 2253/7716/2253
f 2240/7717/2240 2241/7718/2241 2255/7719/2255
f 2240/7717/2240 2255/7719/2255 2254/7720/2254
f 2241/7721/2241 2242/7722/2242 2256/7723/2256
f 2241/7721/2241 2256/7723/2256 2255/7724/2255
f 2242/7725/2242 2243/7726/2243 2257/7727/2257
f 2242/7725/2242 2257/7727/2257 2256/7728/2256
f 2243/7729/2243 2244/7730/2244 2258/7731/2258
f 2243/7729/2243 2258/7731/2258 2257/7732/2257
f 2244/7733/2244 2245/7734/2245 2259/7735/2259
f 2244/7733/2244 2259/7735/2259 2258/7736/2258
f 2245/7737/2245 2246/7738/2246 2260/7739/2260
f 2245/7737/2245 2260/7739/2260 2259/7740/2259
f 2246/7741/2246 2233/7742/2233 2247/7743/2247
f 2246/7741/2246 2247/7743/2247 2260/7744/2260
f 2247/7745/2247 2248/7746/2248 2262/7747/2262
f 2247/7745/2247 2262/7747/2262 2261/7748/2261
f 2248/7749/2248 2249/7750/2249 2263/7751/2263
f 2248/7749/2248 2263/7751/2263 2262/7752/2262
f 2249/7753/2249 2250/7754/2250 2264/7755/2264
f 2249/7753/2249 2264/7755/2264 2263/7756/2263
f 2250/7757/2250 2251/7758/2251 2265/7759/2265
f 2250/7757/2250 2265/7759/2265 2264/7760/2264
f 2251/7761/2251 2252/7762/2252 2266/7763/2266
f 2251/7761/2251 2266/7763/2266 2265/7764/2265
f 2252/7765/2252 2253/7766/2253 2267/7767/2267
f 2252/7765/2252 2267/7767/2267 2266/7768/2266
f 2253/7769/2253 2254/7770/2254 2268/7771/2268
f 2253/7769/2253 2268/7771/2268 2267/7772/2267
f 2254/7773/2254 2255/7774/2255 2269/7775/2269
f 2254/7773/2254 2269/7775/2269 2268/7776/2268
f 2255/7777/2255 2256/7778/2256 2270/7779/2270
f 2255/7777/2255 2270/7779/2270 2269/7780/2269
f 2256/7781/2256 2257/7782/2257 2271/7783/2271
f 2256/7781/2256 2271/7783/2271 2270/7784/2270
f 2257/7785/2257 2258/7786/2258 2272/7787/2272
f 2257/7785/2257 2272/7787/2272 2271/7788/2271
f 2258/7789/2258 2259/7790/2259 2273/7791/2273
f 2258/7789/2258 2273/7791/2273 2272/7792/2272
f 2259/7793/2259 2260/7794/2260 2274/7795/2274
f 2259/7793/2259 2274/7795/2274 2273/7796/2273
f 2260/7797/2260 2247/7798/2247 2261/7799/2261
f 2260/7797/2260 2261/7799/2261 2274/7800/2274
f 2261/7801/2261 2262/7802/2262 2276/7803/2276
f 2261/7801/2261 2276/7803/2276 2275/7804/2275
f 2262/7805/2262 2263/7806/2263 2277/7807/2277
f 2262/7805/2262 2277/7807/2277 2276/7808/2276
f 2263/7809/2263 2264/7810/2264 2278/7811/2278
f 2263/7809/2263 2278/7811/2278 2277/7812/2277
f 2264/7813/2264 2265/7814/2265 2279/7815/2279
f 2264/7813/2264 2279/7815/2279 2278/7816/2278
f 2265/7817/2265 2266/7818/2266 2280/7819/2280
f 2265/7817/2265 2280/7819/2280 2279/7820/2279
f 2266/7821/2266 2267/7822/2267 2281/7823/2281
f 2266/7821/2266 2281/7823/2281 2280/7824/2280
f 2267/7825/2267 2268/7826/2268 2282/7827/2282
f 2267/7825/2267 2282/7827/2282 2281/7828/2281
f 2268/7829/2268 2269/7830/2269 2283/7831/2283
f 2268/7829/2268 2283/7831/2283 2282/7832/2282
f 2269/7833/2269 2270/7834/2270 2284/7835/2284
f 2269/7833/2269 2284/7835/2284 2283/7836/2283
f 2270/7837/2270 2271/7838/2271 2285/7839/2285
f 2270/7837/2270 2285/7839/2285 2284/7840/2284
f 2271/7841/2271 2272/7842/2272 2286/7843/2286
f 2271/7841/2271 2286/7843/2286 2285/7844/2285
f 2272/7845/2272 2273/7846/2273 2287/7847/2287
f 2272/7845/2272 2287/7847/2287 2286/7848/2286
f 2273/7849/2273 2274/7850/2274 2288/7851/2288
f 2273/7849/2273 2288/7851/2288 2287/7852/2287
f 2274/7853/2274 2261/7854/2261 2275/7855/2275
f 2274/7853/2274 2275/7855/2275 2288/7856/2288
f 2275/7857/2275 2276/7858/2276 2290/7859/2290
f 2275/7857/2275 2290/7859/2290 2289/7860/2289
f 2276/7861/2276 2277/7862/2277 2291/7863/2291
f 2276/7861/2276 2291/7863/2291 2290/7864/2290
f 2277/7865/2277 2278/7866/2278 2292/7867/2292
f 2277/7865/2277 2292/7867/2292 2291/7868/2291
f 2278/7869/2278 2279/7870/2279 2293/7871/2293
f 2278/7869/2278 2293/7871/2293 2292/7872/2292
f 2279/7873/2279 2280/7874/2280 2294/7875/2294
f 2279/7873/2279 2294/7875/2294 2293/7876/2293
f 2280/7877/2280 2281/7878/2281 2295/7879/2295
f 2280/7877/2280 2295/7879/2295 2294/7880/2294
f 2281/7881/2281 2282/7882/2282 2296/7883/2296
f 2281/7881/2281 2296/7883/2296 2295/7884/2295
f 2282/7885/2282 2283/7886/2283 2297/7887/2297
f 2282/7885/2282 2297/7887/2297 2296/7888/2296
f 2283/7889/2283 2284/7890/2284 2298/7891/2298
f 2283/7889/2283 2298/7891/2298 2297/7892/2297
f 2284/7893/2284 2285/7894/2285 2299/7895/2299
f 2284/7893/2284 2299/7895/2299 2298/7896/2298
f 2285/7897/2285 2286/7898/2286 2300/7899/2300
f 2285/7897/2285 2300/7899/2300 2299/7900/2299
f 2286/7901/2286 2287/7902/2287 2301/7903/2301
f 2286/7901/2286 2301/7903/2301 2300/7904/2300
f 2287/7905/2287 2288/7906/2288 2302/7907/2302
f 2287/7905/2287 2302/7907/2302 2301/7908/2301
f 2288/7909/2288 2275/7910/2275 2289/7911/2289
f 2288/7909/2288 2289/7911/2289 2302/7912/2302
f 2289/7913/2289 2290/7914/2290 2304/7915/2304
f 2289/7913/2289 2304/7915/2304 2303/7916/2303
f 2290/7917/2290 2291/7918/2291 2305/7919/2305
f 2290/7917/2290 2305/7919/2305 2304/7920/2304
f 2291/7921/2291 2292/7922/2292 2306/7923/2306
f 2291/7921/2291 2306/7923/2306 2305/7924/2305
f 2292/7925/2292 2293/7926/2293 2307/7927/2307
f 2292/7925/2292 2307/7927/2307 2306/7928/2306
f 2293/7929/2293 2294/7930/2294 2308/7931/2308
f 2293/7929/2293 2308/7931/2308 2307/7932/2307
f 2294/7933/2294 2295/7934/2295 2309/7935/2309
f 2294/7933/2294 2309/7935/2309 2308/7936/2308
f 2295/7937/2295 2296/7938/2296 2310/7939/2310
f 2295/7937/2295 2310/7939/2310 2309/7940/2309
f 2296/7941/2296 2297/7942/2297 2311/7943/2311
f 2296/7941/2296 2311/7943/2311 2310/7944/2310
f 2297/7945/2297 2298/7946/2298 2312/7947/2312
f 2297/7945/2297 2312/7947/2312 2311/7948/2311
f 2298/7949/2298 2299/7950/2299 2313/7951/2313
f 2298/7949/2298 2313/7951/2313 2312/7952/2312
f 2299/7953/2299 2300/7954/2300 2314/7955/2314
f 2299/7953/2299 2314/7955/2314 2313/7956/2313
f 2300/7957/2300 2301/7958/2301 2315/7959/2315
f 2300/7957/2300 2315/7959/2315 2314/7960/2314
f 2301/7961/2301 2302/7962/2302 2316/7963/2316
f 2301/7961/2301 2316/7963/2316 2315/7964/2315
f 2302/7965/2302 2289/7966/2289 2303/7967/2303
f 2302/7965/2302 2303/7967/2303 2316/7968/2316
f 2303/7969/2303 2304/7970/2304 2318/7971/2318
f 2303/7969/2303 2318/7971/2318 2317/7972/2317
f 2304/7973/2304 2305/7974/2305 2319/7975/2319
f 2304/7973/2304 2319/7975/2319 2318/7976/2318
f 2305/7977/2305 2306/7978/2306 2320/7979/2320
f 2305/7977/2305 2320/7979/2320 2319/7980/2319
f 2306/7981/2306 2307/7982/2307 2321/7983/2321
f 2306/7981/2306 2321/7983/2321 2320/7984/2320
f 2307/7985/2307 2308/7986/2308 2322/7987/2322
f 2307/7985/2307 2322/7987/2322 2321/7988/2321
f 2308/7989/2308 2309/7990/2309 2323/7991/2323
f 2308/7989/2308 2323/7991/2323 2322/7992/2322
f 2309/7993/2309 2310/7994/2310 2324/7995/2324
f 2309/7993/2309 2324/7995/2324 2323/7996/2323
f 2310/7997/2310 2311/7998/2311 2325/7999/2325
f 2310/7997/2310 2325/7999/2325 2324/8000/2324
f 2311/8001/2311 2312/8002/2312 2326/8003/2326
f 2311/8001/2311 2326/8003/2326 2325/8004/2325
f 2312/8005/2312 2313/8006/2313 2327/8007/2327
f 2312/8005/2312 2327/8007/2327 2326/8008/2326
f 2313/8009/2313 2314/8010/2314 2328/8011/2328
f 2313/8009/2313 2328/8011/2328 2327/8012/2327
f 2314/8013/2314 2315/8014/2315 2329/8015/2329
f 2314/8013/2314 2329/8015/2329 2328/8016/2328
f 2315/8017/2315 2316/8018/2316 2330/8019/2330
f 2315/8017/2315 2330/8019/2330 2329/8020/2329
f 2316/8021/2316 2303/8022/2303 2317/8023/2317
f 2316/8021/2316 2317/8023/2317 2330/8024/2330
f 2317/8025/2317 2318/8026/2318 2332/8027/2332
f 2317/8025/2317 2332/8027/2332 2331/8028/2331
f 2318/8029/2318 2319/8030/2319 2333/8031/2333
f 2318/8029/2318 2333/8031/2333 2332/8032/2332
f 2319/8033/2319 2320/8034/2320 2334/8035/2334
f 2319/8033/2319 2334/8035/2334 2333/8036/2333
f 2320/8037/2320 2321/8038/2321 2335/8039/2335
f 2320/8037/2320 2335/8039/2335 2334/8040/2334
f 2321/8041/2321 2322/8042/2322 2336/8043/2336
f 2321/8041/2321 2336/8043/2336 2335/8044/2335
f 2322/8045/2322 2323/8046/2323 2337/8047/2337
f 2322/8045/2322 2337/8047/2337 2336/8048/2336
f 2323/8049/2323 2324/8050/2324 2338/8051/2338
f 2323/8049/2323 2338/8051/2338 2337/8052/2337
f 2324/8053/2324 2325/8054/2325 2339/8055/2339
f 2324/8053/2324 2339/8055/2339 2338/8056/2338
f 2325/8057/2325 2326/8058/2326 2340/8059/2340
f 2325/8057/2325 2340/8059/2340 2339/8060/2339
f 2326/8061/2326 2327/8062/2327 2341/8063/2341
f 2326/8061/2326 2341/8063/2341 2340/8064/2340
f 2327/8065/2327 2328/8066/2328 2342/8067/2342
f 2327/8065/2327 2342/8067/2342 2341/8068/2341
f 2328/8069/2328 2329/8070/2329 2343/8071/2343
f 2328/8069/2328 2343/8071/2343 2342/8072/2342
f 2329/8073/2329 2330/8074/2330 2344/8075/2344
f 2329/8073/2329 2344/8075/2344 2343/8076/2343
f 2330/8077/2330 2317/8078/2317 2331/8079/2331
f 2330/8077/2330 2331/8079/2331 2344/8080/2344

g pants
usemtl pants
s 1
f 1439/5009/1439 1441/5010/1441 1442/5011/1442
f 1439/5009/1439 1442/5011/1442 1440/5012/1440
f 1441/5013/1441 1443/5014/1443 1444/5015/1444
f 1441/5013/1441 1444/5015/1444 1442/5016/1442
f 1443/5017/1443 1445/5018/1445 1446/5019/1446
f 1443/5017/1443 1446/5019/1446 1444/5020/1444
f 1445/5021/1445 1447/5022/1447 1448/5023/1448
f 1445/5021/1445 1448/5023/1448 1446/5024/1446
f 1447/5025/1447 1449/5026/1449 1450/5027/1450
f 1447/5025/1447 1450/5027/1450 1448/5028/1448
f 1449/5029/1449 1451/5030/1451 1452/5031/1452
f 1449/5029/1449 1452/5031/1452 1450/5032/1450
f 1451/5033/1451 1453/5034/1453 1454/5035/1454
f 1451/5033/1451 1454/5035/1454 1452/5036/1452
f 1453/5037/1453 1455/5038/1455 1456/5039/1456
f 1453/5037/1453 1456/5039/1456 1454/5040/1454
f 1455/5041/1455 1457/5042/1457 1458/5043/1458
f 1455/5041/1455 1458/5043/1458 1456/5044/1456
f 1457/5045/1457 1459/5046/1459 1460/5047/1460
f 1457/5045/1457 1460/5047/1460 1458/5048/1458
f 1459/5049/1459 1461/5050/1461 1462/5051/1462
f 1459/5049/1459 1462/5051/1462 1460/5052/1460
f 1461/5053/1461 1463/5054/1463 1464/5055/1464
f 1461/5053/1461 1464/5055/1464 1462/5056/1462
f 1463/5057/1463 1465/5058/1465 1466/5059/1466
f 1463/5057/1463 1466/5059/1466 1464/5060/1464
f 1465/5061/1465 1467/5062/1467 1468/5063/1468
f 1465/5061/1465 1468/5063/1468 1466/5064/1466
f 1467/5065/1467 1469/5066/1469 1470/5067/1470
f 1467/5065/1467 1470/5067/1470 1468/5068/1468
f 1469/5069/1469 1471/5070/1471 1472/5071/1472
f 1469/5069/1469 1472/5071/1472 1470/5072/1470
f 1471/5073/1471 1473/5074/1473 1474/5075/1474
f 1471/5073/1471 1474/5075/1474 1472/5076/1472
f 1473/5077/1473 1475/5078/1475 1476/5079/1476
f 1473/5077/1473 1476/5079/1476 1474/5080/1474
f 1475/5081/1475 1477/5082/1477 1478/5083/1478
f 1475/5081/1475 1478/5083/1478 1476/5084/1476
f 1477/5085/1477 1439/5086/1439 1440/5087/1440
f 1477/5085/1477 1440/5087/1440 1478/5088/1478
f 1479/5089/1479 1480/5090/1480 1494/5091/1494
f 1479/5089/1479 1494/5091/1494 1493/5092/1493
f 1480/5093/1480 1481/5094/1481 1495/5095/1495
f 1480/5093/1480 1495/5095/1495 1494/5096/1494
f 1481/5097/1481 1482/5098/1482 1496/5099/1496
f 1481/5097/1481 1496/5099/1496 1495/5100/1495
f 1482/5101/1482 1483/5102/1483 1497/5103/1497
f 1482/5101/1482 1497/5103/1497 1496/5104/1496
f 1483/5105/1483 1484/5106/1484 1498/5107/1498
f 1483/5105/1483 1498/5107/1498 1497/5108/1497
f 1484/5109/1484 1485/5110/1485 1499/5111/1499
f 1484/5109/1484 1499/5111/1499 1498/5112/1498
f 1485/5113/1485 1486/5114/1486 1500/5115/1500
f 1485/5113/1485 1500/5115/1500 1499/5116/1499
f 1486/5117/1486 1487/5118/1487 1501/5119/1501
f 1486/5117/1486 1501/5119/1501 1500/5120/1500
f 1487/5121/1487 1488/5122/1488 1502/5123/1502
f 1487/5121/1487 1502/5123/1502 1501/5124/1501
f 1488/5125/1488 1489/5126/1489 1503/5127/1503
f 1488/5125/1488 1503/5127/1503 1502/5128/1502
f 1489/5129/1489 1490/5130/1490 1504/5131/1504
f 1489/5129/1489 1504/5131/1504 1503/5132/1503
f 1490/5133/1490 1491/5134/1491 1505/5135/1505
f 1490/5133/1490 1505/5135/1505 1504/5136/1504
f 1491/5137/1491 1492/5138/1492 1506/5139/1506
f 1491/5137/1491 1506/5139/1506 1505/5140/1505
f 1492/5141/1492 1479/5142/1479 1493/5143/1493
f 1492/5141/1492 1493/5143/1493 1506/5144/1506
f 1493/5145/1493 1494/5146/1494 1508/5147/1508
f 1493/5145/1493 1508/5147/1508 1507/5148/1507
f 1494/5149/1494 1495/5150/1495 1509/5151/1509
f 1494/5149/1494 1509/5151/1509 1508/5152/1508
f 1495/5153/1495 1496/5154/1496 1510/5155/1510
f 1495/5153/1495 1510/5155/1510 1509/5156/1509
f 1496/5157/1496 1497/5158/1497 1511/5159/1511
f 1496/5157/1496 1511/5159/1511 1510/5160/1510
f 1497/5161/1497 1498/5162/1498 1512/5163/1512
f 1497/5161/1497 1512/5163/1512 1511/5164/1511
f 1498/5165/1498 1499/5166/1499 1513/5167/1513
f 1498/5165/1498 1513/5167/1513 1512/5168/1512
f 1499/5169/1499 1500/5170/1500 1514/5171/1514
f 1499/5169/1499 1514/5171/1514 1513/5172/1513
f 1500/5173/1500 1501/5174/1501 1515/5175/1515
f 1500/5173/1500 1515/5175/1515 1514/5176/1514
f 1501/5177/1501 1502/5178/1502 1516/5179/1516
f 1501/5177/1501 1516/5179/1516 1515/5180/1515
f 1502/5181/1502 1503/5182/1503 1517/5183/1517
f 1502/5181/1502 1517/5183/1517 1516/5184/1516
f 1503/5185/1503 1504/5186/1504 1518/5187/1518
f 1503/5185/1503 1518/5187/1518 1517/5188/1517
f 1504/5189/1504 1505/5190/1505 1519/5191/1519
f 1504/5189/1504 1519/5191/1519 1518/5192/1518
f 1505/5193/1505 1506/5194/1506 1520/5195/1520
f 1505/5193/1505 1520/5195/1520 1519/5196/1519
f 1506/5197/1506 1493/5198/1493 1507/5199/1507
f 1506/5197/1506 1507/5199/1507 1520/5200/1520
f 1507/5201/1507 1508/5202/1508 1522/5203/1522
f 1507/5201/1507 1522/5203/1522 1521/5204/1521
f 1508/5205/1508 1509/5206/1509 1523/5207/1523
f 1508/5205/1508 1523/5207/1523 1522/5208/1522
f 1509/5209/1509 1510/5210/1510 1524/5211/1524
f 1509/5209/1509 1524/5211/1524 1523/5212/1523
f 1510/5213/1510 1511/5214/1511 1525/5215/1525
f 1510/5213/1510 1525/5215/1525 1524/5216/1524
f 1511/5217/1511 1512/5218/1512 1526/5219/1526
f 1511/5217/1511 1526/5219/1526 1525/5220/1525
f 1512/5221/1512 1513/5222/1513 1527/5223/1527
f 1512/5221/1512 1527/5223/1527 1526/5224/1526
f 1513/5225/1513 1514/5226/1514 1528/5227/1528
f 1513/5225/1513 1528/5227/1528 1527/5228/1527
f 1514/5229/1514 1515/5230/1515 1529/5231/1529
f 1514/5229/1514 1529/5231/1529 1528/5232/1528
f 1515/5233/1515 1516/5234/1516 1530/5235/1530
f 1515/5233/1515 1530/5235/1530 1529/5236/1529
f 1516/5237/1516 1517/5238/1517 1531/5239/1531
f 1516/5237/1516 1531/5239/1531 1530/5240/1530
f 1517/5241/1517 1518/5242/1518 1532/5243/1532
f 1517/5241/1517 1532/5243/1532 1531/5244/1531
f 1518/5245/1518 1519/5246/1519 1533/5247/1533
f 1518/5245/1518 1533/5247/1533 1532/5248/1532
f 1519/5249/1519 1520/5250/1520 1534/5251/1534
f 1519/5249/1519 1534/5251/1534 1533/5252/1533
f 1520/5253/1520 1507/5254/1507 1521/5255/1521
f 1520/5253/1520 1521/5255/1521 1534/5256/1534
f 1521/5257/1521 1522/5258/1522 1536/5259/1536
f 1521/5257/1521 1536/5259/1536 1535/5260/1535
f 1522/5261/1522 1523/5262/1523 1537/5263/1537
f 1522/5261/1522 1537/5263/1537 1536/5264/1536
f 1523/5265/1523 1524/5266/1524 1538/5267/1538
f 1523/5265/1523 1538/5267/1538 1537/5268/1537
f 1524/5269/1524 1525/5270/1525 1539/5271/1539
f 1524/5269/1524 1539/5271/1539 1538/5272/1538
f 1525/5273/1525 1526/5274/1526 1540/5275/1540
f 1525/5273/1525 1540/5275/1540 1539/5276/1539
f 1526/5277/1526 1527/5278/1527 1541/5279/1541
f 1526/5277/1526 1541/5279/1541 1540/5280/1540
f 1527/5281/1527 1528/5282/1528 1542/5283/1542
f 1527/5281/1527 1542/5283/1542 1541/5284/1541
f 1528/5285/1528 1529/5286/1529 1543/5287/1543
f 1528/5285/1528 1543/5287/1543 1542/5288/1542
f 1529/5289/1529 1530/5290/1530 1544/5291/1544
f 1529/5289/1529 1544/5291/1544 1543/5292/1543
f 1530/5293/1530 1531/5294/1531 1545/5295/1545
f 1530/5293/1530 1545/5295/1545 1544/5296/1544
f 1531/5297/1531 1532/5298/1532 1546/5299/1546
f 1531/5297/1531 1546/5299/1546 1545/5300/1545
f 1532/5301/1532 1533/5302/1533 1547/5303/1547
f 1532/5301/1532 1547/5303/1547 1546/5304/1546
f 1533/5305/1533 1534/5306/1534 1548/5307/1548
f 1533/5305/1533 1548/5307/1548 1547/5308/1547
f 1534/5309/1534 1521/5310/1521 1535/5311/1535
f 1534/5309/1534 1535/5311/1535 1548/5312/1548
f 1535/5313/1535 1536/5314/1536 1550/5315/1550
f 1535/5313/1535 1550/5315/1550 1549/5316/1549
f 1536/5317/1536 1537/5318/1537 1551/5319/1551
f 1536/5317/1536 1551/5319/1551 1550/5320/1550
f 1537/5321/1537 1538/5322/1538 1552/5323/1552
f 1537/5321/1537 1552/5323/1552 1551/5324/1551
f 1538/5325/1538 1539/5326/1539 1553/5327/1553
f 1538/5325/1538 1553/5327/1553 1552/5328/1552
f 1539/5329/1539 1540/5330/1540 1554/5331/1554
f 1539/5329/1539 1554/5331/1554 1553/5332/1553
f 1540/5333/1540 1541/5334/1541 1555/5335/1555
f 1540/5333/1540 1555/5335/1555 1554/5336/1554
f 1541/5337/1541 1542/5338/1542 1556/5339/1556
f 1541/5337/1541 1556/5339/1556 1555/5340/1555
f 1542/5341/1542 1543/5342/1543 1557/5343/1557
f 1542/5341/1542 1557/5343/1557 1556/5344/1556
f 1543/5345/1543 1544/5346/1544 1558/5347/1558
f 1543/5345/1543 1558/5347/1558 1557/5348/1557
f 1544/5349/1544 1545/5350/1545 1559/5351/1559
f 1544/5349/1544 1559/5351/1559 1558/5352/1558
f 1545/5353/1545 1546/5354/1546 1560/5355/1560
f 1545/5353/1545 1560/5355/1560 1559/5356/1559
f 1546/5357/1546 1547/5358/1547 1561/5359/1561
f 1546/5357/1546 1561/5359/1561 1560/5360/1560
f 1547/5361/1547 1548/5362/1548 1562/5363/1562
f 1547/5361/1547 1562/5363/1562 1561/5364/1561
f 1548/5365/1548 1535/5366/1535 1549/5367/1549
f 1548/5365/1548 1549/5367/1549 1562/5368/1562
f 1549/5369/1549 1550/5370/1550 1564/5371/1564
f 1549/5369/1549 1564/5371/1564 1563/5372/1563
f 1550/5373/1550 1551/5374/1551 1565/5375/1565
f 1550/5373/1550 1565/5375/1565 1564/5376/1564
f 1551/5377/1551 1552/5378/1552 1566/5379/1566
f 1551/5377/1551 1566/5379/1566 1565/5380/1565
f 1552/5381/1552 1553/5382/1553 1567/5383/1567
f 1552/5381/1552 1567/5383/1567 1566/5384/1566
f 1553/5385/1553 1554/5386/1554 1568/5387/1568
f 1553/5385/1553 1568/5387/1568 1567/5388/1567
f 1554/5389/1554 1555/5390/1555 1569/5391/1569
f 1554/5389/1554 1569/5391/1569 1568/5392/1568
f 1555/5393/1555 1556/5394/1556 1570/5395/1570
f 1555/5393/1555 1570/5395/1570 1569/5396/1569
f 1556/5397/1556 1557/5398/1557 1571/5399/1571
f 1556/5397/1556 1571/5399/1571 1570/5400/1570
f 1557/5401/1557 1558/5402/1558 1572/5403/1572
f 1557/5401/1557 1572/5403/1572 1571/5404/1571
f 1558/5405/1558 1559/5406/1559 1573/5407/1573
f 1558/5405/1558 1573/5407/1573 1572/5408/1572
f 1559/5409/1559 1560/5410/1560 1574/5411/1574
f 1559/5409/1559 1574/5411/1574 1573/5412/1573
f 1560/5413/1560 1561/5414/1561 1575/5415/1575
f 1560/5413/1560 1575/5415/1575 1574/5416/1574
f 1561/5417/1561 1562/5418/1562 1576/5419/1576
f 1561/5417/1561 1576/5419/1576 1575/5420/1575
f 1562/5421/1562 1549/5422/1549 1563/5423/1563
f 1562/5421/1562 1563/5423/1563 1576/5424/1576
f 1563/5425/1563 1564/5426/1564 1578/5427/1578
f 1563/5425/1563 1578/5427/1578 1577/5428/1577
f 1564/5429/1564 1565/5430/1565 1579/5431/1579
f 1564/5429/1564 1579/5431/1579 1578/5432/1578
f 1565/5433/1565 1566/5434/1566 1580/5435/1580
f 1565/5433/1565 1580/5435/1580 1579/5436/1579
f 1566/5437/1566 1567/5438/1567 1581/5439/1581
f 1566/5437/1566 1581/5439/1581 1580/5440/1580
f 1567/5441/1567 1568/5442/1568 1582/5443/1582
f 1567/5441/1567 1582/5443/1582 1581/5444/1581
f 1568/5445/1568 1569/5446/1569 1583/5447/1583
f 1568/5445/1568 1583/5447/1583 1582/5448/1582
f 1569/5449/1569 1570/5450/1570 1584/5451/1584
f 1569/5449/1569 1584/5451/1584 1583/5452/1583
f 1570/5453/1570 1571/5454/1571 1585/5455/1585
f 1570/5453/1570 1585/5455/1585 1584/5456/1584
f 1571/5457/1571 1572/5458/1572 1586/5459/1586
f 1571/5457/1571 1586/5459/1586 1585/5460/1585
f 1572/5461/1572 1573/5462/1573 1587/5463/1587
f 1572/5461/1572 1587/5463/1587 1586/5464/1586
f 1573/5465/1573 1574/5466/1574 1588/5467/1588
f 1573/5465/1573 1588/5467/1588 1587/5468/1587
f 1574/5469/1574 1575/5470/1575 1589/5471/1589
f 1574/5469/1574 1589/5471/1589 1588/5472/1588
f 1575/5473/1575 1576/5474/1576 1590/5475/1590
f 1575/5473/1575 1590/5475/1590 1589/5476/1589
f 1576/5477/1576 1563/5478/1563 1577/5479/1577
f 1576/5477/1576 1577/5479/1577 1590/5480/1590
f 1577/5481/1577 1578/5482/1578 1592/5483/1592
f 1577/5481/1577 1592/5483/1592 1591/5484/1591
f 1578/5485/1578 1579/5486/1579 1593/5487/1593
f 1578/5485/1578 1593/5487/1593 1592/5488/1592
f 1579/5489/1579 1580/5490/1580 1594/5491/1594
f 1579/5489/1579 1594/5491/1594 1593/5492/1593
f 1580/5493/1580 1581/5494/1581 1595/5495/1595
f 1580/5493/1580 1595/5495/1595 1594/5496/1594
f 1581/5497/1581 1582/5498/1582 1596/5499/1596
f 1581/5497/1581 1596/5499/1596 1595/5500/1595
f 1582/5501/1582 1583/5502/1583 1597/5503/1597
f 1582/5501/1582 1597/5503/1597 1596/5504/1596
f 1583/5505/1583 1584/5506/1584 1598/5507/1598
f 1583/5505/1583 1598/5507/1598 1597/5508/1597
f 1584/5509/1584 1585/5510/1585 1599/5511/1599
f 1584/5509/1584 1599/5511/1599 1598/5512/1598
f 1585/5513/1585 1586/5514/1586 1600/5515/1600
f 1585/5513/1585 1600/5515/1600 1599/5516/1599
f 1586/5517/1586 1587/5518/1587 1601/5519/1601
f 1586/5517/1586 1601/5519/1601 1600/5520/1600
f 1587/5521/1587 1588/5522/1588 1602/5523/1602
f 1587/5521/1587 1602/5523/1602 1601/5524/1601
f 1588/5525/1588 1589/5526/1589 1603/5527/1603
f 1588/5525/1588 1603/5527/1603 1602/5528/1602
f 1589/5529/1589 1590/5530/1590 1604/5531/1604
f 1589/5529/1589 1604/5531/1604 1603/5532/1603
f 1590/5533/1590 1577/5534/1577 1591/5535/1591
f 1590/5533/1590 1591/5535/1591 1604/5536/1604
f 1605/5537/1605 1606/5538/1606 1620/5539/1620
f 1605/5537/1605 1620/5539/1620 1619/5540/1619
f 1606/5541/1606 1607/5542/1607 1621/5543/1621
f 1606/5541/1606 1621/5543/1621 1620/5544/1620
f 1607/5545/1607 1608/5546/1608 1622/5547/1622
f 1607/5545/1607 1622/5547/1622 1621/5548/1621
f 1608/5549/1608 1609/5550/1609 1623/5551/1623
f 1608/5549/1608 1623/5551/1623 1622/5552/1622
f 1609/5553/1609 1610/5554/1610 1624/5555/1624
f 1609/5553/1609 1624/5555/1624 1623/5556/1623
f 1610/5557/1610 1611/5558/1611 1625/5559/1625
f 1610/5557/1610 1625/5559/1625 1624/5560/1624
f 1611/5561/1611 1612/5562/1612 1626/5563/1626
f 1611/5561/1611 1626/5563/1626 1625/5564/1625
f 1612/5565/1612 1613/5566/1613 1627/5567/1627
f 1612/5565/1612 1627/5567/1627 1626/5568/1626
f 1613/5569/1613 1614/5570/1614 1628/5571/1628
f 1613/5569/1613 1628/5571/1628 1627/5572/1627
f 1614/5573/1614 1615/5574/1615 1629/5575/1629
f 1614/5573/1614 1629/5575/1629 1628/5576/1628
f 1615/5577/1615 1616/5578/1616 1630/5579/1630
f 1615/5577/1615 1630/5579/1630 1629/5580/1629
f 1616/5581/1616 1617/5582/1617 1631/5583/1631
f 1616/5581/1616 1631/5583/1631 1630/5584/1630
f 1617/5585/1617 1618/5586/1618 1632/5587/1632
f 1617/5585/1617 1632/5587/1632 1631/5588/1631
f 1618/5589/1618 1605/5590/1605 1619/5591/1619
f 1618/5589/1618 1619/5591/1619 1632/5592/1632
f 1619/5593/1619 1620/5594/1620 1634/5595/1634
f 1619/5593/1619 1634/5595/1634 1633/5596/1633
f 1620/5597/1620 1621/5598/1621 1635/5599/1635
f 1620/5597/1620 1635/5599/1635 1634/5600/1634
f 1621/5601/1621 1622/5602/1622 1636/5603/1636
f 1621/5601/1621 1636/5603/1636 1635/5604/1635
f 1622/5605/1622 1623/5606/1623 1637/5607/1637
f 1622/5605/1622 1637/5607/1637 1636/5608/1636
f 1623/5609/1623 1624/5610/1624 1638/5611/1638
f 1623/5609/1623 1638/5611/1638 1637/5612/1637
f 1624/5613/1624 1625/5614/1625 1639/5615/1639
f 1624/5613/1624 1639/5615/1639 1638/5616/1638
f 1625/5617/1625 1626/5618/1626 1640/5619/1640
f 1625/5617/1625 1640/5619/1640 1639/5620/1639
f 1626/5621/1626 1627/5622/1627 1641/5623/1641
f 1626/5621/1626 1641/5623/1641 1640/5624/1640
f 1627/5625/1627 1628/5626/1628 1642/5627/1642
f 1627/5625/1627 1642/5627/1642 1641/5628/1641
f 1628/5629/1628 1629/5630/1629 1643/5631/1643
f 1628/5629/1628 1643/5631/1643 1642/5632/1642
f 1629/5633/1629 1630/5634/1630 1644/5635/1644
f 1629/5633/1629 1644/5635/1644 1643/5636/1643
f 1630/5637/1630 1631/5638/1631 1645/5639/1645
f 1630/5637/1630 1645/5639/1645 1644/5640/1644
f 1631/5641/1631 1632/5642/1632 1646/5643/1646
f 1631/5641/1631 1646/5643/1646 1645/5644/1645
f 1632/5645/1632 1619/5646/1619 1633/5647/1633
f 1632/5645/1632 1633/5647/1633 1646/5648/1646
f 1633/5649/1633 1634/5650/1634 1648/5651/1648
f 1633/5649/1633 1648/5651/1648 1647/5652/1647
f 1634/5653/1634 1635/5654/1635 1649/5655/1649
f 1634/5653/1634 1649/5655/1649 1648/5656/1648
f 1635/5657/1635 1636/5658/1636 1650/5659/1650
f 1635/5657/1635 1650/5659/1650 1649/5660/1649
f 1636/5661/1636 1637/5662/1637 1651/5663/1651
f 1636/5661/1636 1651/5663/1651 1650/5664/1650
f 1637/5665/1637 1638/5666/1638 1652/5667/1652
f 1637/5665/1637 1652/5667/1652 1651/5668/1651
f 1638/5669/1638 1639/5670/1639 1653/5671/1653
f 1638/5669/1638 1653/5671/1653 1652/5672/1652
f 1639/5673/1639 1640/5674/1640 1654/5675/1654
f 1639/5673/1639 1654/5675/1654 1653/5676/1653
f 1640/5677/1640 1641/5678/1641 1655/5679/1655
f 1640/5677/1640 1655/5679/1655 1654/5680/1654
f 1641/5681/1641 1642/5682/1642 1656/5683/1656
f 1641/5681/1641 1656/5683/1656 1655/5684/1655
f 1642/5685/1642 1643/5686/1643 1657/5687/1657
f 1642/5685/1642 1657/5687/1657 1656/5688/1656
f 1643/5689/1643 1644/5690/1644 1658/5691/1658
f 1643/5689/1643 1658/5691/1658 1657/5692/1657
f 1644/5693/1644 1645/5694/1645 1659/5695/1659
f 1644/5693/1644 1659/5695/1659 1658/5696/1658
f 1645/5697/1645 1646/5698/1646 1660/5699/1660
f 1645/5697/1645 1660/5699/1660 1659/5700/1659
f 1646/5701/1646 1633/5702/1633 1647/5703/1647
f 1646/5701/1646 1647/5703/1647 1660/5704/1660
f 1647/5705/1647 1648/5706/1648 1662/5707/1662
f 1647/5705/1647 1662/5707/1662 1661/5708/1661
f 1648/5709/1648 1649/5710/1649 1663/5711/1663
f 1648/5709/1648 1663/5711/1663 1662/5712/1662
f 1649/5713/1649 1650/5714/1650 1664/5715/1664
f 1649/5713/1649 1664/5715/1664 1663/5716/1663
f 1650/5717/1650 1651/5718/1651 1665/5719/1665
f 1650/5717/1650 1665/5719/1665 1664/5720/1664
f 1651/5721/1651 1652/5722/1652 1666/5723/1666
f 1651/5721/1651 1666/5723/1666 1665/5724/1665
f 1652/5725/1652 1653/5726/1653 1667/5727/1667
f 1652/5725/1652 1667/5727/1667 1666/5728/1666
f 1653/5729/1653 1654/5730/1654 1668/5731/1668
f 1653/5729/1653 1668/5731/1668 1667/5732/1667
f 1654/5733/1654 1655/5734/1655 1669/5735/1669
f 1654/5733/1654 1669/5735/1669 1668/5736/1668
f 1655/5737/1655 1656/5738/1656 1670/5739/1670
f 1655/5737/1655 1670/5739/1670 1669/5740/1669
f 1656/5741/1656 1657/5742/1657 1671/5743/1671
f 1656/5741/1656 1671/5743/1671 1670/5744/1670
f 1657/5745/1657 1658/5746/1658 1672/5747/1672
f 1657/5745/1657 1672/5747/1672 1671/5748/1671
f 1658/5749/1658 1659/5750/1659 1673/5751/1673
f 1658/5749/1658 1673/5751/1673 1672/5752/1672
f 1659/5753/1659 1660/5754/1660 1674/5755/1674
f 1659/5753/1659 1674/5755/1674 1673/5756/1673
f 1660/5757/1660 1647/5758/1647 1661/5759/1661
f 1660/5757/1660 1661/5759/1661 1674/5760/1674
f 1661/5761/1661 1662/5762/1662 1676/5763/1676
f 1661/5761/1661 1676/5763/1676 1675/5764/1675
f 1662/5765/1662 1663/5766/1663 1677/5767/1677
f 1662/5765/1662 1677/5767/1677 1676/5768/1676
f 1663/5769/1663 1664/5770/1664 1678/5771/1678
f 1663/5769/1663 1678/5771/1678 1677/5772/1677
f 1664/5773/1664 1665/5774/1665 1679/5775/1679
f 1664/5773/1664 1679/5775/1679 1678/5776/1678
f 1665/5777/1665 1666/5778/1666 1680/5779/1680
f 1665/5777/1665 1680/5779/1680 1679/5780/1679
f 1666/5781/1666 1667/5782/1667 1681/5783/1681
f 1666/5781/1666 1681/5783/1681 1680/5784/1680
f 1667/5785/1667 1668/5786/1668 1682/5787/1682
f 1667/5785/1667 1682/5787/1682 1681/5788/1681
f 1668/5789/1668 1669/5790/1669 1683/5791/1683
f 1668/5789/1668 1683/5791/1683 1682/5792/1682
f 1669/5793/1669 1670/5794/1670 1684/5795/1684
f 1669/5793/1669 1684/5795/1684 1683/5796/1683
f 1670/5797/1670 1671/5798/1671 1685/5799/1685
f 1670/5797/1670 1685/5799/1685 1684/5800/1684
f 1671/5801/1671 1672/5802/1672 1686/5803/1686
f 1671/5801/1671 1686/5803/1686 1685/5804/1685
f 1672/5805/1672 1673/5806/1673 1687/5807/1687
f 1672/5805/1672 1687/5807/1687 1686/5808/1686
f 1673/5809/1673 1674/5810/1674 1688/5811/1688
f 1673/5809/1673 1688/5811/1688 1687/5812/1687
f 1674/5813/1674 1661/5814/1661 1675/5815/1675
f 1674/5813/1674 1675/5815/1675 1688/5816/1688
f 1675/5817/1675 1676/5818/1676 1690/5819/1690
f 1675/5817/1675 1690/5819/1690 1689/5820/1689
f 1676/5821/1676 1677/5822/1677 1691/5823/1691
f 1676/5821/1676 1691/5823/1691 1690/5824/1690
f 1677/5825/1677 1678/5826/1678 1692/5827/1692
f 1677/5825/1677 1692/5827/1692 1691/5828/1691
f 1678/5829/1678 1679/5830/1679 1693/5831/1693
f 1678/5829/1678 1693/5831/1693 1692/5832/1692
f 1679/5833/1679 1680/5834/1680 1694/5835/1694
f 1679/5833/1679 1694/5835/1694 1693/5836/1693
f 1680/5837/1680 1681/5838/1681 1695/5839/1695
f 1680/5837/1680 1695/5839/1695 1694/5840/1694
f 1681/5841/1681 1682/5842/1682 1696/5843/1696
f 1681/5841/1681 1696/5843/1696 1695/5844/1695
f 1682/5845/1682 1683/5846/1683 1697/5847/1697
f 1682/5845/1682 1697/5847/1697 1696/5848/1696
f 1683/5849/1683 1684/5850/1684 1698/5851/1698
f 1683/5849/1683 1698/5851/1698 1697/5852/1697
f 1684/5853/1684 1685/5854/1685 1699/5855/1699
f 1684/5853/1684 1699/5855/1699 1698/5856/1698
f 1685/5857/1685 1686/5858/1686 1700/5859/1700
f 1685/5857/1685 1700/5859/1700 1699/5860/1699
f 1686/5861/1686 1687/5862/1687 1701/5863/1701
f 1686/5861/1686 1701/5863/1701 1700/5864/1700
f 1687/5865/1687 1688/5866/1688 1702/5867/1702
f 1687/5865/1687 1702/5867/1702 1701/5868/1701
f 1688/5869/1688 1675/5870/1675 1689/5871/1689
f 1688/5869/1688 1689/5871/1689 1702/5872/1702
f 1689/5873/1689 1690/5874/1690 1704/5875/1704
f 1689/5873/1689 1704/5875/1704 1703/5876/1703
f 1690/5877/1690 1691/5878/1691 1705/5879/1705
f 1690/5877/1690 1705/5879/1705 1704/5880/1704
f 1691/5881/1691 1692/5882/1692 1706/5883/1706
f 1691/5881/1691 1706/5883/1706 1705/5884/1705
f 1692/5885/1692 1693/5886/1693 1707/5887/1707
f 1692/5885/1692 1707/5887/1707 1706/5888/1706
f 1693/5889/1693 1694/5890/1694 1708/5891/1708
f 1693/5889/1693 1708/5891/1708 1707/5892/1707
f 1694/5893/1694 1695/5894/1695 1709/5895/1709
f 1694/5893/1694 1709/5895/1709 1708/5896/1708
f 1695/5897/1695 1696/5898/1696 1710/5899/1710
f 1695/5897/1695 1710/5899/1710 1709/5900/1709
f 1696/5901/1696 1697/5902/1697 1711/5903/1711
f 1696/5901/1696 1711/5903/1711 1710/5904/1710
f 1697/5905/1697 1698/5906/1698 1712/5907/1712
f 1697/5905/1697 1712/5907/1712 1711/5908/1711
f 1698/5909/1698 1699/5910/1699 1713/5911/1713
f 1698/5909/1698 1713/5911/1713 1712/5912/1712
f 1699/5913/1699 1700/5914/1700 1714/5915/1714
f 1699/5913/1699 1714/5915/1714 1713/5916/1713
f 1700/5917/1700 1701/5918/1701 1715/5919/1715
f 1700/5917/1700 1715/5919/1715 1714/5920/1714
f 1701/5921/1701 1702/5922/1702 1716/5923/1716
f 1701/5921/1701 1716/5923/1716 1715/5924/1715
f 1702/5925/1702 1689/5926/1689 1703/5927/1703
f 1702/5925/1702 1703/5927/1703 1716/5928/1716
f 1703/5929/1703 1704/5930/1704 1718/5931/1718
f 1703/5929/1703 1718/5931/1718 1717/5932/1717
f 1704/5933/1704 1705/5934/1705 1719/5935/1719
f 1704/5933/1704 1719/5935/1719 1718/5936/1718
f 1705/5937/1705 1706/5938/1706 1720/5939/1720
f 1705/5937/1705 1720/5939/1720 1719/5940/1719
f 1706/5941/1706 1707/5942/1707 1721/5943/1721
f 1706/5941/1706 1721/5943/1721 1720/5944/1720
f 1707/5945/1707 1708/5946/1708 1722/5947/1722
f 1707/5945/1707 1722/5947/1722 1721/5948/1721
f 1708/5949/1708 1709/5950/1709 1723/5951/1723
f 1708/5949/1708 1723/5951/1723 1722/5952/1722
f 1709/5953/1709 1710/5954/1710 1724/5955/1724
f 1709/5953/1709 1724/5955/1724 1723/5956/1723
f 1710/5957/1710 1711/5958/1711 1725/5959/1725
f 1710/5957/1710 1725/5959/1725 1724/5960/1724
f 1711/5961/1711 1712/5962/1712 1726/5963/1726
f 1711/5961/1711 1726/5963/1726 1725/5964/1725
f 1712/5965/1712 1713/5966/1713 1727/5967/1727
f 1712/5965/1712 1727/5967/1727 1726/5968/1726
f 1713/5969/1713 1714/5970/1714 1728/5971/1728
f 1713/5969/1713 1728/5971/1728 1727/5972/1727
f 1714/5973/1714 1715/5974/1715 1729/5975/1729
f 1714/5973/1714 1729/5975/1729 1728/5976/1728
f 1715/5977/1715 1716/5978/1716 1730/5979/1730
f 1715/5977/1715 1730/5979/1730 1729/5980/1729
f 1716/5981/1716 1703/5982/1703 1717/5983/1717
f 1716/5981/1716 1717/5983/1717 1730/5984/1730
f 2707/9281/2707 2708/9282/2708 2722/9283/2722
f 2707/9281/2707 2722/9283/2722 2721/9284/2721
f 2708/9285/2708 2709/9286/2709 2723/9287/2723
f 2708/9285/2708 2723/9287/2723 2722/9288/2722
f 2709/9289/2709 2710/9290/2710 2724/9291/2724
f 2709/9289/2709 2724/9291/2724 2723/9292/2723
f 2710/9293/2710 2711/9294/2711 2725/9295/2725
f 2710/9293/2710 2725/9295/2725 2724/9296/2724
f 2711/9297/2711 2712/9298/2712 2726/9299/2726
f 2711/9297/2711 2726/9299/2726 2725/9300/2725
f 2712/9301/2712 2713/9302/2713 2727/9303/2727
f 2712/9301/2712 2727/9303/2727 2726/9304/2726
f 2713/9305/2713 2714/9306/2714 2728/9307/2728
f 2713/9305/2713 2728/9307/2728 2727/9308/2727
f 2714/9309/2714 2715/9310/2715 2729/9311/2729
f 2714/9309/2714 2729/9311/2729 2728/9312/2728
f 2715/9313/2715 2716/9314/2716 2730/9315/2730
f 2715/9313/2715 2730/9315/2730 2729/9316/2729
f 2716/9317/2716 2717/9318/2717 2731/9319/2731
f 2716/9317/2716 2731/9319/2731 2730/9320/2730
f 2717/9321/2717 2718/9322/2718 2732/9323/2732
f 2717/9321/2717 2732/9323/2732 2731/9324/2731
f 2718/9325/2718 2719/9326/2719 2733/9327/2733
f 2718/9325/2718 2733/9327/2733 2732/9328/2732
f 2719/9329/2719 2720/9330/2720 2734/9331/2734
f 2719/9329/2719 2734/9331/2734 2733/9332/2733
f 2720/9333/2720 2707/9334/2707 2721/9335/2721
f 2720/9333/2720 2721/9335/2721 2734/9336/2734
f 2721/9337/2721 2722/9338/2722 2736/9339/2736
f 2721/9337/2721 2736/9339/2736 2735/9340/2735
f 2722/9341/2722 2723/9342/2723 2737/9343/2737
f 2722/9341/2722 2737/9343/2737 2736/9344/2736
f 2723/9345/2723 2724/9346/2724 2738/9347/2738
f 2723/9345/2723 2738/9347/2738 2737/9348/2737
f 2724/9349/2724 2725/9350/2725 2739/9351/2739
f 2724/9349/2724 2739/9351/2739 2738/9352/2738
f 2725/9353/2725 2726/9354/2726 2740/9355/2740
f 2725/9353/2725 2740/9355/2740 2739/9356/2739
f 2726/9357/2726 2727/9358/2727 2741/9359/2741
f 2726/9357/2726 2741/9359/2741 2740/9360/2740
f 2727/9361/2727 2728/9362/2728 2742/9363/2742
f 2727/9361/2727 2742/9363/2742 2741/9364/2741
f 2728/9365/2728 2729/9366/2729 2743/9367/2743
f 2728/9365/2728 2743/9367/2743 2742/9368/2742
f 2729/9369/2729 2730/9370/2730 2744/9371/2744
f 2729/9369/2729 2744/9371/2744 2743/9372/2743
f 2730/9373/2730 2731/9374/2731 2745/9375/2745
f 2730/9373/2730 2745/9375/2745 2744/9376/2744
f 2731/9377/2731 2732/9378/2732 2746/9379/2746
f 2731/9377/2731 2746/9379/2746 2745/9380/2745
f 2732/9381/2732 2733/9382/2733 2747/9383/2747
f 2732/9381/2732 2747/9383/2747 2746/9384/2746
f 2733/9385/2733 2734/9386/2734 2748/9387/2748
f 2733/9385/2733 2748/9387/2748 2747/9388/2747
f 2734/9389/2734 2721/9390/2721 2735/9391/2735
f 2734/9389/2734 2735/9391/2735 2748/9392/2748
f 2735/9393/2735 2736/9394/2736 2750/9395/2750
f 2735/9393/2735 2750/9395/2750 2749/9396/2749
f 2736/9397/2736 2737/9398/2737 2751/9399/2751
f 2736/9397/2736 2751/9399/2751 2750/9400/2750
f 2737/9401/2737 2738/9402/2738 2752/9403/2752
f 2737/9401/2737 2752/9403/2752 2751/9404/2751
f 2738/9405/2738 2739/9406/2739 2753/9407/2753
f 2738/9405/2738 2753/9407/2753 2752/9408/2752
f 2739/9409/2739 2740/9410/2740 2754/9411/2754
f 2739/9409/2739 2754/9411/2754 2753/9412/2753
f 2740/9413/2740 2741/9414/2741 2755/9415/2755
f 2740/9413/2740 2755/9415/2755 2754/9416/2754
f 2741/9417/2741 2742/9418/2742 2756/9419/2756
f 2741/9417/2741 2756/9419/2756 2755/9420/2755
f 2742/9421/2742 2743/9422/2743 2757/9423/2757
f 2742/9421/2742 2757/9423/2757 2756/9424/2756
f 2743/9425/2743 2744/9426/2744 2758/9427/2758
f 2743/9425/2743 2758/9427/2758 2757/9428/2757
f 2744/9429/2744 2745/9430/2745 2759/9431/2759
f 2744/9429/2744 2759/9431/2759 2758/9432/2758
f 2745/9433/2745 2746/9434/2746 2760/9435/2760
f 2745/9433/2745 2760/9435/2760 2759/9436/2759
f 2746/9437/2746 2747/9438/2747 2761/9439/2761
f 2746/9437/2746 2761/9439/2761 2760/9440/2760
f 2747/9441/2747 2748/9442/2748 2762/9443/2762
f 2747/9441/2747 2762/9443/2762 2761/9444/2761
f 2748/9445/2748 2735/9446/2735 2749/9447/2749
f 2748/9445/2748 2749/9447/2749 2762/9448/2762
f 2749/9449/2749 2750/9450/2750 2764/9451/2764
f 2749/9449/2749 2764/9451/2764 2763/9452/2763
f 2750/9453/2750 2751/9454/2751 2765/9455/2765
f 2750/9453/2750 2765/9455/2765 2764/9456/2764
f 2751/9457/2751 2752/9458/2752 2766/9459/2766
f 2751/9457/2751 2766/9459/2766 2765/9460/2765
f 2752/9461/2752 2753/9462/2753 2767/9463/2767
f 2752/9461/2752 2767/9463/2767 2766/9464/2766
f 2753/9465/2753 2754/9466/2754 2768/9467/2768
f 2753/9465/2753 2768/9467/2768 2767/9468/2767
f 2754/9469/2754 2755/9470/2755 2769/9471/2769
f 2754/9469/2754 2769/9471/2769 2768/9472/2768
f 2755/9473/2755 2756/9474/2756 2770/9475/2770
f 2755/9473/2755 2770/9475/2770 2769/9476/2769
f 2756/9477/2756 2757/9478/2757 2771/9479/2771
f 2756/9477/2756 2771/9479/2771 2770/9480/2770
f 2757/9481/2757 2758/9482/2758 2772/9483/2772
f 2757/9481/2757 2772/9483/2772 2771/9484/2771
f 2758/9485/2758 2759/9486/2759 2773/9487/2773
f 2758/9485/2758 2773/9487/2773 2772/9488/2772
f 2759/9489/2759 2760/9490/2760 2774/9491/2774
f 2759/9489/2759 2774/9491/2774 2773/9492/2773
f 2760/9493/2760 2761/9494/2761 2775/9495/2775
f 2760/9493/2760 2775/9495/2775 2774/9496/2774
f 2761/9497/2761 2762/9498/2762 2776/9499/2776
f 2761/9497/2761 2776/9499/2776 2775/9500/2775
f 2762/9501/2762 2749/9502/2749 2763/9503/2763
f 2762/9501/2762 2763/9503/2763 2776/9504/2776
f 2763/9505/2763 2764/9506/2764 2778/9507/2778
f 2763/9505/2763 2778/9507/2778 2777/9508/2777
f 2764/9509/2764 2765/9510/2765 2779/9511/2779
f 2764/9509/2764 2779/9511/2779 2778/9512/2778
f 2765/9513/2765 2766/9514/2766 2780/9515/2780
f 2765/9513/2765 2780/9515/2780 2779/9516/2779
f 2766/9517/2766 2767/9518/2767 2781/9519/2781
f 2766/9517/2766 2781/9519/2781 2780/9520/2780
f 2767/9521/2767 2768/9522/2768 2782/9523/2782
f 2767/9521/2767 2782/9523/2782 2781/9524/2781
f 2768/9525/2768 2769/9526/2769 2783/9527/2783
f 2768/9525/2768 2783/9527/2783 2782/9528/2782
f 2769/9529/2769 2770/9530/2770 2784/9531/2784
f 2769/9529/2769 2784/9531/2784 2783/9532/2783
f 2770/9533/2770 2771/9534/2771 2785/9535/2785
f 2770/9533/2770 2785/9535/2785 2784/9536/2784
f 2771/9537/2771 2772/9538/2772 2786/9539/2786
f 2771/9537/2771 2786/9539/2786 2785/9540/2785
f 2772/9541/2772 2773/9542/2773 2787/9543/2787
f 2772/9541/2772 2787/9543/2787 2786/9544/2786
f 2773/9545/2773 2774/9546/2774 2788/9547/2788
f 2773/9545/2773 2788/9547/2788 2787/9548/2787
f 2774/9549/2774 2775/9550/2775 2789/9551/2789
f 2774/9549/2774 2789/9551/2789 2788/9552/2788
f 2775/9553/2775 2776/9554/2776 2790/9555/2790
f 2775/9553/2775 2790/9555/2790 2789/9556/2789
f 2776/9557/2776 2763/9558/2763 2777/9559/2777
f 2776/9557/2776 2777/9559/2777 2790/9560/2790
f 2777/9561/2777 2778/9562/2778 2792/9563/2792
f 2777/9561/2777 2792/9563/2792 2791/9564/2791
f 2778/9565/2778 2779/9566/2779 2793/9567/2793
f 2778/9565/2778 2793/9567/2793 2792/9568/2792
f 2779/9569/2779 2780/9570/2780 2794/9571/2794
f 2779/9569/2779 2794/9571/2794 2793/9572/2793
f 2780/9573/2780 2781/9574/2781 2795/9575/2795
f 2780/9573/2780 2795/9575/2795 2794/9576/2794
f 2781/9577/2781 2782/9578/2782 2796/9579/2796
f 2781/9577/2781 2796/9579/2796 2795/9580/2795
f 2782/9581/2782 2783/9582/2783 2797/9583/2797
f 2782/9581/2782 2797/9583/2797 2796/9584/2796
f 2783/9585/2783 2784/9586/2784 2798/9587/2798
f 2783/9585/2783 2798/9587/2798 2797/9588/2797
f 2784/9589/2784 2785/9590/2785 2799/9591/2799
f 2784/9589/2784 2799/9591/2799 2798/9592/2798
f 2785/9593/2785 2786/9594/2786 2800/9595/2800
f 2785/9593/2785 2800/9595/2800 2799/9596/2799
f 2786/9597/2786 2787/9598/2787 2801/9599/2801
f 2786/9597/2786 2801/9599/2801 2800/9600/2800
f 2787/9601/2787 2788/9602/2788 2802/9603/2802
f 2787/9601/2787 2802/9603/2802 2801/9604/2801
f 2788/9605/2788 2789/9606/2789 2803/9607/2803
f 2788/9605/2788 2803/9607/2803 2802/9608/2802
f 2789/9609/2789 2790/9610/2790 2804/9611/2804
f 2789/9609/2789 2804/9611/2804 2803/9612/2803
f 2790/9613/2790 2777/9614/2777 2791/9615/2791
f 2790/9613/2790 2791/9615/2791 2804/9616/2804
f 2805/9617/2805 2806/9618/2806 2818/9619/2818
f 2805/9617/2805 2818/9619/2818 2817/9620/2817
f 2806/9621/2806 2807/9622/2807 2819/9623/2819
f 2806/9621/2806 2819/9623/2819 2818/9624/2818
f 2807/9625/2807 2808/9626/2808 2820/9627/2820
f 2807/9625/2807 2820/9627/2820 2819/9628/2819
f 2808/9629/2808 2809/9630/2809 2821/9631/2821
f 2808/9629/2808 2821/9631/2821 2820/9632/2820
f 2809/9633/2809 2810/9634/2810 2822/9635/2822
f 2809/9633/2809 2822/9635/2822 2821/9636/2821
f 2810/9637/2810 2811/9638/2811 2823/9639/2823
f 2810/9637/2810 2823/9639/2823 2822/9640/2822
f 2811/9641/2811 2812/9642/2812 2824/9643/2824
f 2811/9641/2811 2824/9643/2824 2823/9644/2823
f 2812/9645/2812 2813/9646/2813 2825/9647/2825
f 2812/9645/2812 2825/9647/2825 2824/9648/2824
f 2813/9649/2813 2814/9650/2814 2826/9651/2826
f 2813/9649/2813 2826/9651/2826 2825/9652/2825
f 2814/9653/2814 2815/9654/2815 2827/9655/2827
f 2814/9653/2814 2827/9655/2827 2826/9656/2826
f 2815/9657/2815 2816/9658/2816 2828/9659/2828
f 2815/9657/2815 2828/9659/2828 2827/9660/2827
f 2816/9661/2816 2805/9662/2805 2817/9663/2817
f 2816/9661/2816 2817/9663/2817 2828/9664/2828
f 2817/9665/2817 2818/9666/2818 2830/9667/2830
f 2817/9665/2817 2830/9667/2830 2829/9668/2829
f 2818/9669/2818 2819/9670/2819 2831/9671/2831
f 2818/9669/2818 2831/9671/2831 2830/9672/2830
f 2819/9673/2819 2820/9674/2820 2832/9675/2832
f 2819/9673/2819 2832/9675/2832 2831/9676/2831
f 2820/9677/2820 2821/9678/2821 2833/9679/2833
f 2820/9677/2820 2833/9679/2833 2832/9680/2832
f 2821/9681/2821 2822/9682/2822 2834/9683/2834
f 2821/9681/2821 2834/9683/2834 2833/9684/2833
f 2822/9685/2822 2823/9686/2823 2835/9687/2835
f 2822/9685/2822 2835/9687/2835 2834/9688/2834
f 2823/9689/2823 2824/9690/2824 2836/9691/2836
f 2823/9689/2823 2836/9691/2836 2835/9692/2835
f 2824/9693/2824 2825/9694/2825 2837/9695/2837
f 2824/9693/2824 2837/9695/2837 2836/9696/2836
f 2825/9697/2825 2826/9698/2826 2838/9699/2838
f 2825/9697/2825 2838/9699/2838 2837/9700/2837
f 2826/9701/2826 2827/9702/2827 2839/9703/2839
f 2826/9701/2826 2839/9703/2839 2838/9704/2838
f 2827/9705/2827 2828/9706/2828 2840/9707/2840
f 2827/9705/2827 2840/9707/2840 2839/9708/2839
f 2828/9709/2828 2817/9710/2817 2829/9711/2829
f 2828/9709/2828 2829/9711/2829 2840/9712/2840
f 2829/9713/2829 2830/9714/2830 2842/9715/2842
f 2829/9713/2829 2842/9715/2842 2841/9716/2841
f 2830/9717/2830 2831/9718/2831 2843/9719/2843
f 2830/9717/2830 2843/9719/2843 2842/9720/2842
f 2831/9721/2831 2832/9722/2832 2844/9723/2844
f 2831/9721/2831 2844/9723/2844 2843/9724/2843
f 2832/9725/2832 2833/9726/2833 2845/9727/2845
f 2832/9725/2832 2845/9727/2845 2844/9728/2844
f 2833/9729/2833 2834/9730/2834 2846/9731/2846
f 2833/9729/2833 2846/9731/2846 2845/9732/2845
f 2834/9733/2834 2835/9734/2835 2847/9735/2847
f 2834/9733/2834 2847/9735/2847 2846/9736/2846
f 2835/9737/2835 2836/9738/2836 2848/9739/2848
f 2835/9737/2835 2848/9739/2848 2847/9740/2847
f 2836/9741/2836 2837/9742/2837 2849/9743/2849
f 2836/9741/2836 2849/9743/2849 2848/9744/2848
f 2837/9745/2837 2838/9746/2838 2850/9747/2850
f 2837/9745/2837 2850/9747/2850 2849/9748/2849
f 2838/9749/2838 2839/9750/2839 2851/9751/2851
f 2838/9749/2838 2851/9751/2851 2850/9752/2850
f 2839/9753/2839 2840/9754/2840 2852/9755/2852
f 2839/9753/2839 2852/9755/2852 2851/9756/2851
f 2840/9757/2840 2829/9758/2829 2841/9759/2841
f 2840/9757/2840 2841/9759/2841 2852/9760/2852
f 2841/9761/2841 2842/9762/2842 2854/9763/2854
f 2841/9761/2841 2854/9763/2854 2853/9764/2853
f 2842/9765/2842 2843/9766/2843 2855/9767/2855
f 2842/9765/2842 2855/9767/2855 2854/9768/2854
f 2843/9769/2843 2844/9770/2844 2856/9771/2856
f 2843/9769/2843 2856/9771/2856 2855/9772/2855
f 2844/9773/2844 2845/9774/2845 2857/9775/2857
f 2844/9773/2844 2857/9775/2857 2856/9776/2856
f 2845/9777/2845 2846/9778/2846 2858/9779/2858
f 2845/9777/2845 2858/9779/2858 2857/9780/2857
f 2846/9781/2846 2847/9782/2847 2859/9783/2859
f 2846/9781/2846 2859/9783/2859 2858/9784/2858
f 2847/9785/2847 2848/9786/2848 2860/9787/2860
f 2847/9785/2847 2860/9787/2860 2859/9788/2859
f 2848/9789/2848 2849/9790/2849 2861/9791/2861
f 2848/9789/2848 2861/9791/2861 2860/9792/2860
f 2849/9793/2849 2850/9794/2850 2862/9795/2862
f 2849/9793/2849 2862/9795/2862 2861/9796/2861
f 2850/9797/2850 2851/9798/2851 2863/9799/2863
f 2850/9797/2850 2863/9799/2863 2862/9800/2862
f 2851/9801/2851 2852/9802/2852 2864/9803/2864
f 2851/9801/2851 2864/9803/2864 2863/9804/2863
f 2852/9805/2852 2841/9806/2841 2853/9807/2853
f 2852/9805/2852 2853/9807/2853 2864/9808/2864
f 2853/9809/2853 2854/9810/2854 2866/9811/2866
f 2853/9809/2853 2866/9811/2866 2865/9812/2865
f 2854/9813/2854 2855/9814/2855 2867/9815/2867
f 2854/9813/2854 2867/9815/2867 2866/9816/2866
f 2855/9817/2855 2856/9818/2856 2868/9819/2868
f 2855/9817/2855 2868/9819/2868 2867/9820/2867
f 2856/9821/2856 2857/9822/2857 2869/9823/2869
f 2856/9821/2856 2869/9823/2869 2868/9824/2868
f 2857/9825/2857 2858/9826/2858 2870/9827/2870
f 2857/9825/2857 2870/9827/2870 2869/9828/2869
f 2858/9829/2858 2859/9830/2859 2871/9831/2871
f 2858/9829/2858 2871/9831/2871 2870/9832/2870
f 2859/9833/2859 2860/9834/2860 2872/9835/2872
f 2859/9833/2859 2872/9835/2872 2871/9836/2871
f 2860/9837/2860 2861/9838/2861 2873/9839/2873
f 2860/9837/2860 2873/9839/2873 2872/9840/2872
f 2861/9841/2861 2862/9842/2862 2874/9843/2874
f 2861/9841/2861 2874/9843/2874 2873/9844/2873
f 2862/9845/2862 2863/9846/2863 2875/9847/2875
f 2862/9845/2862 2875/9847/2875 2874/9848/2874
f 2863/9849/2863 2864/9850/2864 2876/9851/2876
f 2863/9849/2863 2876/9851/2876 2875/9852/2875
f 2864/9853/2864 2853/9854/2853 2865/9855/2865
f 2864/9853/2864 2865/9855/2865 2876/9856/2876
f 2865/9857/2865 2866/9858/2866 2878/9859/2878
f 2865/9857/2865 2878/9859/2878 2877/9860/2877
f 2866/9861/2866 2867/9862/2867 2879/9863/2879
f 2866/9861/2866 2879/9863/2879 2878/9864/2878
f 2867/9865/2867 2868/9866/2868 2880/9867/2880
f 2867/9865/2867 2880/9867/2880 2879/9868/2879
f 2868/9869/2868 2869/9870/2869 2881/9871/2881
f 2868/9869/2868 2881/9871/2881 2880/9872/2880
f 2869/9873/2869 2870/9874/2870 2882/9875/2882
f 2869/9873/2869 2882/9875/2882 2881/9876/2881
f 2870/9877/2870 2871/9878/2871 2883/9879/2883
f 2870/9877/2870 2883/9879/2883 2882/9880/2882
f 2871/9881/2871 2872/9882/2872 2884/9883/2884
f 2871/9881/2871 2884/9883/2884 2883/9884/2883
f 2872/9885/2872 2873/9886/2873 2885/9887/2885
f 2872/9885/2872 2885/9887/2885 2884/9888/2884
f 2873/9889/2873 2874/9890/2874 2886/9891/2886
f 2873/9889/2873 2886/9891/2886 2885/9892/2885
f 2874/9893/2874 2875/9894/2875 2887/9895/2887
f 2874/9893/2874 2887/9895/2887 2886/9896/2886
f 2875/9897/2875 2876/9898/2876 2888/9899/2888
f 2875/9897/2875 2888/9899/2888 2887/9900/2887
f 2876/9901/2876 2865/9902/2865 2877/9903/2877
f 2876/9901/2876 2877/9903/2877 2888/9904/2888
f 2877/9905/2877 2878/9906/2878 2890/9907/2890
f 2877/9905/2877 2890/9907/2890 2889/9908/2889
f 2878/9909/2878 2879/9910/2879 2891/9911/2891
f 2878/9909/2878 2891/9911/2891 2890/9912/2890
f 2879/9913/2879 2880/9914/2880 2892/9915/2892
f 2879/9913/2879 2892/9915/2892 2891/9916/2891
f 2880/9917/2880 2881/9918/2881 2893/9919/2893
f 2880/9917/2880 2893/9919/2893 2892/9920/2892
f 2881/9921/2881 2882/9922/2882 2894/9923/2894
f 2881/9921/2881 2894/9923/2894 2893/9924/2893
f 2882/9925/2882 2883/9926/2883 2895/9927/2895
f 2882/9925/2882 2895/9927/2895 2894/9928/2894
f 2883/9929/2883 2884/9930/2884 2896/9931/2896
f 2883/9929/2883 2896/9931/2896 2895/9932/2895
f 2884/9933/2884 2885/9934/2885 2897/9935/2897
f 2884/9933/2884 2897/9935/2897 2896/9936/2896
f 2885/9937/2885 2886/9938/2886 2898/9939/2898
f 2885/9937/2885 2898/9939/2898 2897/9940/2897
f 2886/9941/2886 2887/9942/2887 2899/9943/2899
f 2886/9941/2886 2899/9943/2899 2898/9944/2898
f 2887/9945/2887 2888/9946/2888 2900/9947/2900
f 2887/9945/2887 2900/9947/2900 2899/9948/2899
f 2888/9949/2888 2877/9950/2877 2889/9951/2889
f 2888/9949/2888 2889/9951/2889 2900/9952/2900
f 3155/10817/3155 3156/10818/3156 3170/10819/3170
f 3155/10817/3155 3170/10819/3170 3169/10820/3169
f 3156/10821/3156 3157/10822/3157 3171/10823/3171
f 3156/10821/3156 3171/10823/3171 3170/10824/3170
f 3157/10825/3157 3158/10826/3158 3172/10827/3172
f 3157/10825/3157 3172/10827/3172 3171/10828/3171
f 3158/10829/3158 3159/10830/3159 3173/10831/3173
f 3158/10829/3158 3173/10831/3173 3172/10832/3172
f 3159/10833/3159 3160/10834/3160 3174/10835/3174
f 3159/10833/3159 3174/10835/3174 3173/10836/3173
f 3160/10837/3160 3161/10838/3161 3175/10839/3175
f 3160/10837/3160 3175/10839/3175 3174/10840/3174
f 3161/10841/3161 3162/10842/3162 3176/10843/3176
f 3161/10841/3161 3176/10843/3176 3175/10844/3175
f 3162/10845/3162 3163/10846/3163 3177/10847/3177
f 3162/10845/3162 3177/10847/3177 3176/10848/3176
f 3163/10849/3163 3164/10850/3164 3178/10851/3178
f 3163/10849/3163 3178/10851/3178 3177/10852/3177
f 3164/10853/3164 3165/10854/3165 3179/10855/3179
f 3164/10853/3164 3179/10855/3179 3178/10856/3178
f 3165/10857/3165 3166/10858/3166 3180/10859/3180
f 3165/10857/3165 3180/10859/3180 3179/10860/3179
f 3166/10861/3166 3167/10862/3167 3181/10863/3181
f 3166/10861/3166 3181/10863/3181 3180/10864/3180
f 3167/10865/3167 3168/10866/3168 3182/10867/3182
f 3167/10865/3167 3182/10867/3182 3181/10868/3181
f 3168/10869/3168 3155/10870/3155 3169/10871/3169
f 3168/10869/3168 3169/10871/3169 3182/10872/3182
f 3169/10873/3169 3170/10874/3170 3184/10875/3184
f 3169/10873/3169 3184/10875/3184 3183/10876/3183
f 3170/10877/3170 3171/10878/3171 3185/10879/3185
f 3170/10877/3170 3185/10879/3185 3184/10880/3184
f 3171/10881/3171 3172/10882/3172 3186/10883/3186
f 3171/10881/3171 3186/10883/3186 3185/10884/3185
f 3172/10885/3172 3173/10886/3173 3187/10887/3187
f 3172/10885/3172 3187/10887/3187 3186/10888/3186
f 3173/10889/3173 3174/10890/3174 3188/10891/3188
f 3173/10889/3173 3188/10891/3188 3187/10892/3187
f 3174/10893/3174 3175/10894/3175 3189/10895/3189
f 3174/10893/3174 3189/10895/3189 3188/10896/3188
f 3175/10897/3175 3176/10898/3176 3190/10899/3190
f 3175/10897/3175 3190/10899/3190 3189/10900/3189
f 3176/10901/3176 3177/10902/3177 3191/10903/3191
f 3176/10901/3176 3191/10903/3191 3190/10904/3190
f 3177/10905/3177 3178/10906/3178 3192/10907/3192
f 3177/10905/3177 3192/10907/3192 3191/10908/3191
f 3178/10909/3178 3179/10910/3179 3193/10911/3193
f 3178/10909/3178 3193/10911/3193 3192/10912/3192
f 3179/10913/3179 3180/10914/3180 3194/10915/3194
f 3179/10913/3179 3194/10915/3194 3193/10916/3193
f 3180/10917/3180 3181/10918/3181 3195/10919/3195
f 3180/10917/3180 3195/10919/3195 3194/10920/3194
f 3181/10921/3181 3182/10922/3182 3196/10923/3196
f 3181/10921/3181 3196/10923/3196 3195/10924/3195
f 3182/10925/3182 3169/10926/3169 3183/10927/3183
f 3182/10925/3182 3183/10927/3183 3196/10928/3196
f 3183/10929/3183 3184/10930/3184 3198/10931/3198
f 3183/10929/3183 3198/10931/3198 3197/10932/3197
f 3184/10933/3184 3185/10934/3185 3199/10935/3199
f 3184/10933/3184 3199/10935/3199 3198/10936/3198
f 3185/10937/3185 3186/10938/3186 3200/10939/3200
f 3185/10937/3185 3200/10939/3200 3199/10940/3199
f 3186/10941/3186 3187/10942/3187 3201/10943/3201
f 3186/10941/3186 3201/10943/3201 3200/10944/3200
f 3187/10945/3187 3188/10946/3188 3202/10947/3202
f 3187/10945/3187 3202/10947/3202 3201/10948/3201
f 3188/10949/3188 3189/10950/3189 3203/10951/3203
f 3188/10949/3188 3203/10951/3203 3202/10952/3202
f 3189/10953/3189 3190/10954/3190 3204/10955/3204
f 3189/10953/3189 3204/10955/3204 3203/10956/3203
f 3190/10957/3190 3191/10958/3191 3205/10959/3205
f 3190/10957/3190 3205/10959/3205 3204/10960/3204
f 3191/10961/3191 3192/10962/3192 3206/10963/3206
f 3191/10961/3191 3206/10963/3206 3205/10964/3205
f 3192/10965/3192 3193/10966/3193 3207/10967/3207
f 3192/10965/3192 3207/10967/3207 3206/10968/3206
f 3193/10969/3193 3194/10970/3194 3208/10971/3208
f 3193/10969/3193 3208/10971/3208 3207/10972/3207
f 3194/10973/3194 3195/10974/3195 3209/10975/3209
f 3194/10973/3194 3209/10975/3209 3208/10976/3208
f 3195/10977/3195 3196/10978/3196 3210/10979/3210
f 3195/10977/3195 3210/10979/3210 3209/10980/3209
f 3196/10981/3196 3183/10982/3183 3197/10983/3197
f 3196/10981/3196 3197/10983/3197 3210/10984/3210
f 3197/10985/3197 3198/10986/3198 3212/10987/3212
f 3197/10985/3197 3212/10987/3212 3211/10988/3211
f 3198/10989/3198 3199/10990/3199 3213/10991/3213
f 3198/10989/3198 3213/10991/3213 3212/10992/3212
f 3199/10993/3199 3200/10994/3200 3214/10995/3214
f 3199/10993/3199 3214/10995/3214 3213/10996/3213
f 3200/10997/3200 3201/10998/3201 3215/10999/3215
f 3200/10997/3200 3215/10999/3215 3214/11000/3214
f 3201/11001/3201 3202/11002/3202 3216/11003/3216
f 3201/11001/3201 3216/11003/3216 3215/11004/3215
f 3202/11005/3202 3203/11006/3203 3217/11007/3217
f 3202/11005/3202 3217/11007/3217 3216/11008/3216
f 3203/11009/3203 3204/11010/3204 3218/11011/3218
f 3203/11009/3203 3218/11011/3218 3217/11012/3217
f 3204/11013/3204 3205/11014/3205 3219/11015/3219
f 3204/11013/3204 3219/11015/3219 3218/11016/3218
f 3205/11017/3205 3206/11018/3206 3220/11019/3220
f 3205/11017/3205 3220/11019/3220 3219/11020/3219
f 3206/11021/3206 3207/11022/3207 3221/11023/3221
f 3206/11021/3206 3221/11023/3221 3220/11024/3220
f 3207/11025/3207 3208/11026/3208 3222/11027/3222
f 3207/11025/3207 3222/11027/3222 3221/11028/3221
f 3208/11029/3208 3209/11030/3209 3223/11031/3223
f 3208/11029/3208 3223/11031/3223 3222/11032/3222
f 3209/11033/3209 3210/11034/3210 3224/11035/3224
f 3209/11033/3209 3224/11035/3224 3223/11036/3223
f 3210/11037/3210 3197/11038/3197 3211/11039/3211
f 3210/11037/3210 3211/11039/3211 3224/11040/3224
f 3211/11041/3211 3212/11042/3212 3226/11043/3226
f 3211/11041/3211 3226/11043/3226 3225/11044/3225
f 3212/11045/3212 3213/11046/3213 3227/11047/3227
f 3212/11045/3212 3227/11047/3227 3226/11048/3226
f 3213/11049/3213 3214/11050/3214 3228/11051/3228
f 3213/11049/3213 3228/11051/3228 3227/11052/3227
f 3214/11053/3214 3215/11054/3215 3229/11055/3229
f 3214/11053/3214 3229/11055/3229 3228/11056/3228
f 3215/11057/3215 3216/11058/3216 3230/11059/3230
f 3215/11057/3215 3230/11059/3230 3229/11060/3229
f 3216/11061/3216 3217/11062/3217 3231/11063/3231
f 3216/11061/3216 3231/11063/3231 3230/11064/3230
f 3217/11065/3217 3218/11066/3218 3232/11067/3232
f 3217/11065/3217 3232/11067/3232 3231/11068/3231
f 3218/11069/3218 3219/11070/3219 3233/11071/3233
f 3218/11069/3218 3233/11071/3233 3232/11072/3232
f 3219/11073/3219 3220/11074/3220 3234/11075/3234
f 3219/11073/3219 3234/11075/3234 3233/11076/3233
f 3220/11077/3220 3221/11078/3221 3235/11079/3235
f 3220/11077/3220 3235/11079/3235 3234/11080/3234
f 3221/11081/3221 3222/11082/3222 3236/11083/3236
f 3221/11081/3221 3236/11083/3236 3235/11084/3235
f 3222/11085/3222 3223/11086/3223 3237/11087/3237
f 3222/11085/3222 3237/11087/3237 3236/11088/3236
f 3223/11089/3223 3224/11090/3224 3238/11091/3238
f 3223/11089/3223 3238/11091/3238 3237/11092/3237
f 3224/11093/3224 3211/11094/3211 3225/11095/3225
f 3224/11093/3224 3225/11095/3225 3238/11096/3238
f 3225/11097/3225 3226/11098/3226 3240/11099/3240
f 3225/11097/3225 3240/11099/3240 3239/11100/3239
f 3226/11101/3226 3227/11102/3227 3241/11103/3241
f 3226/11101/3226 3241/11103/3241 3240/11104/3240
f 3227/11105/3227 3228/11106/3228 3242/11107/3242
f 3227/11105/3227 3242/11107/3242 3241/11108/3241
f 3228/11109/3228 3229/11110/3229 3243/11111/3243
f 3228/11109/3228 3243/11111/3243 3242/11112/3242
f 3229/11113/3229 3230/11114/3230 3244/11115/3244
f 3229/11113/3229 3244/11115/3244 3243/11116/3243
f 3230/11117/3230 3231/11118/3231 3245/11119/3245
f 3230/11117/3230 3245/11119/3245 3244/11120/3244
f 3231/11121/3231 3232/11122/3232 3246/11123/3246
f 3231/11121/3231 3246/11123/3246 3245/11124/3245
f 3232/11125/3232 3233/11126/3233 3247/11127/3247
f 3232/11125/3232 3247/11127/3247 3246/11128/3246
f 3233/11129/3233 3234/11130/3234 3248/11131/3248
f 3233/11129/3233 3248/11131/3248 3247/11132/3247
f 3234/11133/3234 3235/11134/3235 3249/11135/3249
f 3234/11133/3234 3249/11135/3249 3248/11136/3248
f 3235/11137/3235 3236/11138/3236 3250/11139/3250
f 3235/11137/3235 3250/11139/3250 3249/11140/3249
f 3236/11141/3236 3237/11142/3237 3251/11143/3251
f 3236/11141/3236 3251/11143/3251 3250/11144/3250
f 3237/11145/3237 3238/11146/3238 3252/11147/3252
f 3237/11145/3237 3252/11147/3252 3251/11148/3251
f 3238/11149/3238 3225/11150/3225 3239/11151/3239
f 3238/11149/3238 3239/11151/3239 3252/11152/3252
f 3253/11153/3253 3254/11154/3254 3266/11155/3266
f 3253/11153/3253 3266/11155/3266 3265/11156/3265
f 3254/11157/3254 3255/11158/3255 3267/11159/3267
f 3254/11157/3254 3267/11159/3267 3266/11160/3266
f 3255/11161/3255 3256/11162/3256 3268/11163/3268
f 3255/11161/3255 3268/11163/3268 3267/11164/3267
f 3256/11165/3256 3257/11166/3257 3269/11167/3269
f 3256/11165/3256 3269/11167/3269 3268/11168/3268
f 3257/11169/3257 3258/11170/3258 3270/11171/3270
f 3257/11169/3257 3270/11171/3270 3269/11172/3269
f 3258/11173/3258 3259/11174/3259 3271/11175/3271
f 3258/11173/3258 3271/11175/3271 3270/11176/3270
f 3259/11177/3259 3260/11178/3260 3272/11179/3272
f 3259/11177/3259 3272/11179/3272 3271/11180/3271
f 3260/11181/3260 3261/11182/3261 3273/11183/3273
f 3260/11181/3260 3273/11183/3273 3272/11184/3272
f 3261/11185/3261 3262/11186/3262 3274/11187/3274
f 3261/11185/3261 3274/11187/3274 3273/11188/3273
f 3262/11189/3262 3263/11190/3263 3275/11191/3275
f 3262/11189/3262 3275/11191/3275 3274/11192/3274
f 3263/11193/3263 3264/11194/3264 3276/11195/3276
f 3263/11193/3263 3276/11195/3276 3275/11196/3275
f 3264/11197/3264 3253/11198/3253 3265/11199/3265
f 3264/11197/3264 3265/11199/3265 3276/11200/3276
f 3265/11201/3265 3266/11202/3266 3278/11203/3278
f 3265/11201/3265 3278/11203/3278 3277/11204/3277
f 3266/11205/3266 3267/11206/3267 3279/11207/3279
f 3266/11205/3266 3279/11207/3279 3278/11208/3278
f 3267/11209/3267 3268/11210/3268 3280/11211/3280
f 3267/11209/3267 3280/11211/3280 3279/11212/3279
f 3268/11213/3268 3269/11214/3269 3281/11215/3281
f 3268/11213/3268 3281/11215/3281 3280/11216/3280
f 3269/11217/3269 3270/11218/3270 3282/11219/3282
f 3269/11217/3269 3282/11219/3282 3281/11220/3281
f 3270/11221/3270 3271/11222/3271 3283/11223/3283
f 3270/11221/3270 3283/11223/3283 3282/11224/3282
f 3271/11225/3271 3272/11226/3272 3284/11227/3284
f 3271/11225/3271 3284/11227/3284 3283/11228/3283
f 3272/11229/3272 3273/11230/3273 3285/11231/3285
f 3272/11229/3272 3285/11231/3285 3284/11232/3284
f 3273/11233/3273 3274/11234/3274 3286/11235/3286
f 3273/11233/3273 3286/11235/3286 3285/11236/3285
f 3274/11237/3274 3275/11238/3275 3287/11239/3287
f 3274/11237/3274 3287/11239/3287 3286/11240/3286
f 3275/11241/3275 3276/11242/3276 3288/11243/3288
f 3275/11241/3275 3288/11243/3288 3287/11244/3287
f 3276/11245/3276 3265/11246/3265 3277/11247/3277
f 3276/11245/3276 3277/11247/3277 3288/11248/3288
f 3277/11249/3277 3278/11250/3278 3290/11251/3290
f 3277/11249/3277 3290/11251/3290 3289/11252/3289
f 3278/11253/3278 3279/11254/3279 3291/11255/3291
f 3278/11253/3278 3291/11255/3291 3290/11256/3290
f 3279/11257/3279 3280/11258/3280 3292/11259/3292
f 3279/11257/3279 3292/11259/3292 3291/11260/3291
f 3280/11261/3280 3281/11262/3281 3293/11263/3293
f 3280/11261/3280 3293/11263/3293 3292/11264/3292
f 3281/11265/3281 3282/11266/3282 3294/11267/3294
f 3281/11265/3281 3294/11267/3294 3293/11268/3293
f 3282/11269/3282 3283/11270/3283 3295/11271/3295
f 3282/11269/3282 3295/11271/3295 3294/11272/3294
f 3283/11273/3283 3284/11274/3284 3296/11275/3296
f 3283/11273/3283 3296/11275/3296 3295/11276/3295
f 3284/11277/3284 3285/11278/3285 3297/11279/3297
f 3284/11277/3284 3297/11279/3297 3296/11280/3296
f 3285/11281/3285 3286/11282/3286 3298/11283/3298
f 3285/11281/3285 3298/11283/3298 3297/11284/3297
f 3286/11285/3286 3287/11286/3287 3299/11287/3299
f 3286/11285/3286 3299/11287/3299 3298/11288/3298
f 3287/11289/3287 3288/11290/3288 3300/11291/3300
f 3287/11289/3287 3300/11291/3300 3299/11292/3299
f 3288/11293/3288 3277/11294/3277 3289/11295/3289
f 3288/11293/3288 3289/11295/3289 3300/11296/3300
f 3289/11297/3289 3290/11298/3290 3302/11299/3302
f 3289/11297/3289 3302/11299/3302 3301/11300/3301
f 3290/11301/3290 3291/11302/3291 3303/11303/3303
f 3290/11301/3290 3303/11303/3303 3302/11304/3302
f 3291/11305/3291 3292/11306/3292 3304/11307/3304
f 3291/11305/3291 3304/11307/3304 3303/11308/3303
f 3292/11309/3292 3293/11310/3293 3305/11311/3305
f 3292/11309/3292 3305/11311/3305 3304/11312/3304
f 3293/11313/3293 3294/11314/3294 3306/11315/3306
f 3293/11313/3293 3306/11315/3306 3305/11316/3305
f 3294/11317/3294 3295/11318/3295 3307/11319/3307
f 3294/11317/3294 3307/11319/3307 3306/11320/3306
f 3295/11321/3295 3296/11322/3296 3308/11323/3308
f 3295/11321/3295 3308/11323/3308 3307/11324/3307
f 3296/11325/3296 3297/11326/3297 3309/11327/3309
f 3296/11325/3296 3309/11327/3309 3308/11328/3308
f 3297/11329/3297 3298/11330/3298 3310/11331/3310
f 3297/11329/3297 3310/11331/3310 3309/11332/3309
f 3298/11333/3298 3299/11334/3299 3311/11335/3311
f 3298/11333/3298 3311/11335/3311 3310/11336/3310
f 3299/11337/3299 3300/11338/3300 3312/11339/3312
f 3299/11337/3299 3312/11339/3312 3311/11340/3311
f 3300/11341/3300 3289/11342/3289 3301/11343/3301
f 3300/11341/3300 3301/11343/3301 3312/11344/3312
f 3301/11345/3301 3302/11346/3302 3314/11347/3314
f 3301/11345/3301 3314/11347/3314 3313/11348/3313
f 3302/11349/3302 3303/11350/3303 3315/11351/3315
f 3302/11349/3302 3315/11351/3315 3314/11352/3314
f 3303/11353/3303 3304/11354/3304 3316/11355/3316
f 3303/11353/3303 3316/11355/3316 3315/11356/3315
f 3304/11357/3304 3305/11358/3305 3317/11359/3317
f 3304/11357/3304 3317/11359/3317 3316/11360/3316
f 3305/11361/3305 3306/11362/3306 3318/11363/3318
f 3305/11361/3305 3318/11363/3318 3317/11364/3317
f 3306/11365/3306 3307/11366/3307 3319/11367/3319
f 3306/11365/3306 3319/11367/3319 3318/11368/3318
f 3307/11369/3307 3308/11370/3308 3320/11371/3320
f 3307/11369/3307 3320/11371/3320 3319/11372/3319
f 3308/11373/3308 3309/11374/3309 3321/11375/3321
f 3308/11373/3308 3321/11375/3321 3320/11376/3320
f 3309/11377/3309 3310/11378/3310 3322/11379/3322
f 3309/11377/3309 3322/11379/3322 3321/11380/3321
f 3310/11381/3310 3311/11382/3311 3323/11383/3323
f 3310/11381/3310 3323/11383/3323 3322/11384/3322
f 3311/11385/3311 3312/11386/3312 3324/11387/3324
f 3311/11385/3311 3324/11387/3324 3323/11388/3323
f 3312/11389/3312 3301/11390/3301 3313/11391/3313
f 3312/11389/3312 3313/11391/3313 3324/11392/3324
f 3313/11393/3313 3314/11394/3314 3326/11395/3326
f 3313/11393/3313 3326/11395/3326 3325/11396/3325
f 3314/11397/3314 3315/11398/3315 3327/11399/3327
f 3314/11397/3314 3327/11399/3327 3326/11400/3326
f 3315/11401/3315 3316/11402/3316 3328/11403/3328
f 3315/11401/3315 3328/11403/3328 3327/11404/3327
f 3316/11405/3316 3317/11406/3317 3329/11407/3329
f 3316/11405/3316 3329/11407/3329 3328/11408/3328
f 3317/11409/3317 3318/11410/3318 3330/11411/3330
f 3317/11409/3317 3330/11411/3330 3329/11412/3329
f 3318/11413/3318 3319/11414/3319 3331/11415/3331
f 3318/11413/3318 3331/11415/3331 3330/11416/3330
f 3319/11417/3319 3320/11418/3320 3332/11419/3332
f 3319/11417/3319 3332/11419/3332 3331/11420/3331
f 3320/11421/3320 3321/11422/3321 3333/11423/3333
f 3320/11421/3320 3333/11423/3333 3332/11424/3332
f 3321/11425/3321 3322/11426/3322 3334/11427/3334
f 3321/11425/3321 3334/11427/3334 3333/11428/3333
f 3322/11429/3322 3323/11430/3323 3335/11431/3335
f 3322/11429/3322 3335/11431/3335 3334/11432/3334
f 3323/11433/3323 3324/11434/3324 3336/11435/3336
f 3323/11433/3323 3336/11435/3336 3335/11436/3335
f 3324/11437/3324 3313/11438/3313 3325/11439/3325
f 3324/11437/3324 3325/11439/3325 3336/11440/3336
f 3325/11441/3325 3326/11442/3326 3338/11443/3338
f 3325/11441/3325 3338/11443/3338 3337/11444/3337
f 3326/11445/3326 3327/11446/3327 3339/11447/3339
f 3326/11445/3326 3339/11447/3339 3338/11448/3338
f 3327/11449/3327 3328/11450/3328 3340/11451/3340
f 3327/11449/3327 3340/11451/3340 3339/11452/3339
f 3328/11453/3328 3329/11454/3329 3341/11455/3341
f 3328/11453/3328 3341/11455/3341 3340/11456/3340
f 3329/11457/3329 3330/11458/3330 3342/11459/3342
f 3329/11457/3329 3342/11459/3342 3341/11460/3341
f 3330/11461/3330 3331/11462/3331 3343/11463/3343
f 3330/11461/3330 3343/11463/3343 3342/11464/3342
f 3331/11465/3331 3332/11466/3332 3344/11467/3344
f 3331/11465/3331 3344/11467/3344 3343/11468/3343
f 3332/11469/3332 3333/11470/3333 3345/11471/3345
f 3332/11469/3332 3345/11471/3345 3344/11472/3344
f 3333/11473/3333 3334/11474/3334 3346/11475/3346
f 3333/11473/3333 3346/11475/3346 3345/11476/3345
f 3334/11477/3334 3335/11478/3335 3347/11479/3347
f 3334/11477/3334 3347/11479/3347 3346/11480/3346
f 3335/11481/3335 3336/11482/3336 3348/11483/3348
f 3335/11481/3335 3348/11483/3348 3347/11484/3347
f 3336/11485/3336 3325/11486/3325 3337/11487/3337
f 3336/11485/3336 3337/11487/3337 3348/11488/3348

g shoes
usemtl shoes
s 1
f 2999/10289/2999 3000/10290/3000 3012/10291/3012
f 2999/10289/2999 3012/10291/3012 3011/10292/3011
f 3000/10293/3000 3001/10294/3001 3013/10295/3013
f 3000/10293/3000 3013/10295/3013 3012/10296/3012
f 3001/10297/3001 3002/10298/3002 3014/10299/3014
f 3001/10297/3001 3014/10299/3014 3013/10300/3013
f 3002/10301/3002 3003/10302/3003 3015/10303/3015
f 3002/10301/3002 3015/10303/3015 3014/10304/3014
f 3003/10305/3003 3004/10306/3004 3016/10307/3016
f 3003/10305/3003 3016/10307/3016 3015/10308/3015
f 3004/10309/3004 3005/10310/3005 3017/10311/3017
f 3004/10309/3004 3017/10311/3017 3016/10312/3016
f 3005/10313/3005 3006/10314/3006 3018/10315/3018
f 3005/10313/3005 3018/10315/3018 3017/10316/3017
f 3006/10317/3006 3007/10318/3007 3019/10319/3019
f 3006/10317/3006 3019/10319/3019 3018/10320/3018
f 3007/10321/3007 3008/10322/3008 3020/10323/3020
f 3007/10321/3007 3020/10323/3020 3019/10324/3019
f 3008/10325/3008 3009/10326/3009 3021/10327/3021
f 3008/10325/3008 3021/10327/3021 3020/10328/3020
f 3009/10329/3009 3010/10330/3010 3022/10331/3022
f 3009/10329/3009 3022/10331/3022 3021/10332/3021
f 3010/10333/3010 2999/10334/2999 3011/10335/3011
f 3010/10333/3010 3011/10335/3011 3022/10336/3022
f 3011/10337/3011 3012/10338/3012 3024/10339/3024
f 3011/10337/3011 3024/10339/3024 3023/10340/3023
f 3012/10341/3012 3013/10342/3013 3025/10343/3025
f 3012/10341/3012 3025/10343/3025 3024/10344/3024
f 3013/10345/3013 3014/10346/3014 3026/10347/3026
f 3013/10345/3013 3026/10347/3026 3025/10348/3025
f 3014/10349/3014 3015/10350/3015 3027/10351/3027
f 3014/10349/3014 3027/10351/3027 3026/10352/3026
f 3015/10353/3015 3016/10354/3016 3028/10355/3028
f 3015/10353/3015 3028/10355/3028 3027/10356/3027
f 3016/10357/3016 3017/10358/3017 3029/10359/3029
f 3016/10357/3016 3029/10359/3029 3028/10360/3028
f 3017/10361/3017 3018/10362/3018 3030/10363/3030
f 3017/10361/3017 3030/10363/3030 3029/10364/3029
f 3018/10365/3018 3019/10366/3019 3031/10367/3031
f 3018/10365/3018 3031/10367/3031 3030/10368/3030
f 3019/10369/3019 3020/10370/3020 3032/10371/3032
f 3019/10369/3019 3032/10371/3032 3031/10372/3031
f 3020/10373/3020 3021/10374/3021 3033/10375/3033
f 3020/10373/3020 3033/10375/3033 3032/10376/3032
f 3021/10377/3021 3022/10378/3022 3034/10379/3034
f 3021/10377/3021 3034/10379/3034 3033/10380/3033
f 3022/10381/3022 3011/10382/3011 3023/10383/3023
f 3022/10381/3022 3023/10383/3023 3034/10384/3034
f 3023/10385/3023 3024/10386/3024 3036/10387/3036
f 3023/10385/3023 3036/10387/3036 3035/10388/3035
f 3024/10389/3024 3025/10390/3025 3037/10391/3037
f 3024/10389/3024 3037/10391/3037 3036/10392/3036
f 3025/10393/3025 3026/10394/3026 3038/10395/3038
f 3025/10393/3025 3038/10395/3038 3037/10396/3037
f 3026/10397/3026 3027/10398/3027 3039/10399/3039
f 3026/10397/3026 3039/10399/3039 3038/10400/3038
f 3027/10401/3027 3028/10402/3028 3040/10403/3040
f 3027/10401/3027 3040/10403/3040 3039/10404/3039
f 3028/10405/3028 3029/10406/3029 3041/10407/3041
f 3028/10405/3028 3041/10407/3041 3040/10408/3040
f 3029/10409/3029 3030/10410/3030 3042/10411/3042
f 3029/10409/3029 3042/10411/3042 3041/10412/3041
f 3030/10413/3030 3031/10414/3031 3043/10415/3043
f 3030/10413/3030 3043/10415/3043 3042/10416/3042
f 3031/10417/3031 3032/10418/3032 3044/10419/3044
f 3031/10417/3031 3044/10419/3044 3043/10420/3043
f 3032/10421/3032 3033/10422/3033 3045/10423/3045
f 3032/10421/3032 3045/10423/3045 3044/10424/3044
f 3033/10425/3033 3034/10426/3034 3046/10427/3046
f 3033/10425/3033 3046/10427/3046 3045/10428/3045
f 3034/10429/3034 3023/10430/3023 3035/10431/3035
f 3034/10429/3034 3035/10431/3035 3046/10432/3046
f 3035/10433/3035 3036/10434/3036 3048/10435/3048
f 3035/10433/3035 3048/10435/3048 3047/10436/3047
f 3036/10437/3036 3037/10438/3037 3049/10439/3049
f 3036/10437/3036 3049/10439/3049 3048/10440/3048
f 3037/10441/3037 3038/10442/3038 3050/10443/3050
f 3037/10441/3037 3050/10443/3050 3049/10444/3049
f 3038/10445/3038 3039/10446/3039 3051/10447/3051
f 3038/10445/3038 3051/10447/3051 3050/10448/3050
f 3039/10449/3039 3040/10450/3040 3052/10451/3052
f 3039/10449/3039 3052/10451/3052 3051/10452/3051
f 3040/10453/3040 3041/10454/3041 3053/10455/3053
f 3040/10453/3040 3053/10455/3053 3052/10456/3052
f 3041/10457/3041 3042/10458/3042 3054/10459/3054
f 3041/10457/3041 3054/10459/3054 3053/10460/3053
f 3042/10461/3042 3043/10462/3043 3055/10463/3055
f 3042/10461/3042 3055/10463/3055 3054/10464/3054
f 3043/10465/3043 3044/10466/3044 3056/10467/3056
f 3043/10465/3043 3056/10467/3056 3055/10468/3055
f 3044/10469/3044 3045/10470/3045 3057/10471/3057
f 3044/10469/3044 3057/10471/3057 3056/10472/3056
f 3045/10473/3045 3046/10474/3046 3058/10475/3058
f 3045/10473/3045 3058/10475/3058 3057/10476/3057
f 3046/10477/3046 3035/10478/3035 3047/10479/3047
f 3046/10477/3046 3047/10479/3047 3058/10480/3058
f 3047/10481/3047 3048/10482/3048 3060/10483/3060
f 3047/10481/3047 3060/10483/3060 3059/10484/3059
f 3048/10485/3048 3049/10486/3049 3061/10487/3061
f 3048/10485/3048 3061/10487/3061 3060/10488/3060
f 3049/10489/3049 3050/10490/3050 3062/10491/3062
f 3049/10489/3049 3062/10491/3062 3061/10492/3061
f 3050/10493/3050 3051/10494/3051 3063/10495/3063
f 3050/10493/3050 3063/10495/3063 3062/10496/3062
f 3051/10497/3051 3052/10498/3052 3064/10499/3064
f 3051/10497/3051 3064/10499/3064 3063/10500/3063
f 3052/10501/3052 3053/10502/3053 3065/10503/3065
f 3052/10501/3052 3065/10503/3065 3064/10504/3064
f 3053/10505/3053 3054/10506/3054 3066/10507/3066
f 3053/10505/3053 3066/10507/3066 3065/10508/3065
f 3054/10509/3054 3055/10510/3055 3067/10511/3067
f 3054/10509/3054 3067/10511/3067 3066/10512/3066
f 3055/10513/3055 3056/10514/3056 3068/10515/3068
f 3055/10513/3055 3068/10515/3068 3067/10516/3067
f 3056/10517/3056 3057/10518/3057 3069/10519/3069
f 3056/10517/3056 3069/10519/3069 3068/10520/3068
f 3057/10521/3057 3058/10522/3058 3070/10523/3070
f 3057/10521/3057 3070/10523/3070 3069/10524/3069
f 3058/10525/3058 3047/10526/3047 3059/10527/3059
f 3058/10525/3058 3059/10527/3059 3070/10528/3070
f 3071/10529/3071 3072/10530/3072 3084/10531/3084
f 3071/10529/3071 3084/10531/3084 3083/10532/3083
f 3072/10533/3072 3073/10534/3073 3085/10535/3085
f 3072/10533/3072 3085/10535/3085 3084/10536/3084
f 3073/10537/3073 3074/10538/3074 3086/10539/3086
f 3073/10537/3073 3086/10539/3086 3085/10540/3085
f 3074/10541/3074 3075/10542/3075 3087/10543/3087
f 3074/10541/3074 3087/10543/3087 3086/10544/3086
f 3075/10545/3075 3076/10546/3076 3088/10547/3088
f 3075/10545/3075 3088/10547/3088 3087/10548/3087
f 3076/10549/3076 3077/10550/3077 3089/10551/3089
f 3076/10549/3076 3089/10551/3089 3088/10552/3088
f 3077/10553/3077 3078/10554/3078 3090/10555/3090
f 3077/10553/3077 3090/10555/3090 3089/10556/3089
f 3078/10557/3078 3079/10558/3079 3091/10559/3091
f 3078/10557/3078 3091/10559/3091 3090/10560/3090
f 3079/10561/3079 3080/10562/3080 3092/10563/3092
f 3079/10561/3079 3092/10563/3092 3091/10564/3091
f 3080/10565/3080 3081/10566/3081 3093/10567/3093
f 3080/10565/3080 3093/10567/3093 3092/10568/3092
f 3081/10569/3081 3082/10570/3082 3094/10571/3094
f 3081/10569/3081 3094/10571/3094 3093/10572/3093
f 3082/10573/3082 3071/10574/3071 3083/10575/3083
f 3082/10573/3082 3083/10575/3083 3094/10576/3094
f 3083/10577/3083 3084/10578/3084 3096/10579/3096
f 3083/10577/3083 3096/10579/3096 3095/10580/3095
f 3084/10581/3084 3085/10582/3085 3097/10583/3097
f 3084/10581/3084 3097/10583/3097 3096/10584/3096
f 3085/10585/3085 3086/10586/3086 3098/10587/3098
f 3085/10585/3085 3098/10587/3098 3097/10588/3097
f 3086/10589/3086 3087/10590/3087 3099/10591/3099
f 3086/10589/3086 3099/10591/3099 3098/10592/3098
f 3087/10593/3087 3088/10594/3088 3100/10595/3100
f 3087/10593/3087 3100/10595/3100 3099/10596/3099
f 3088/10597/3088 3089/10598/3089 3101/10599/3101
f 3088/10597/3088 3101/10599/3101 3100/10600/3100
f 3089/10601/3089 3090/10602/3090 3102/10603/3102
f 3089/10601/3089 3102/10603/3102 3101/10604/3101
f 3090/10605/3090 3091/10606/3091 3103/10607/3103
f 3090/10605/3090 3103/10607/3103 3102/10608/3102
f 3091/10609/3091 3092/10610/3092 3104/10611/3104
f 3091/10609/3091 3104/10611/3104 3103/10612/3103
f 3092/10613/3092 3093/10614/3093 3105/10615/3105
f 3092/10613/3092 3105/10615/3105 3104/10616/3104
f 3093/10617/3093 3094/10618/3094 3106/10619/3106
f 3093/10617/3093 3106/10619/3106 3105/10620/3105
f 3094/10621/3094 3083/10622/3083 3095/10623/3095
f 3094/10621/3094 3095/10623/3095 3106/10624/3106
f 3095/10625/3095 3096/10626/3096 3108/10627/3108
f 3095/10625/3095 3108/10627/3108 3107/10628/3107
f 3096/10629/3096 3097/10630/3097 3109/10631/3109
f 3096/10629/3096 3109/10631/3109 3108/10632/3108
f 3097/10633/3097 3098/10634/3098 3110/10635/3110
f 3097/10633/3097 3110/10635/3110 3109/10636/3109
f 3098/10637/3098 3099/10638/3099 3111/10639/3111
f 3098/10637/3098 3111/10639/3111 3110/10640/3110
f 3099/10641/3099 3100/10642/3100 3112/10643/3112
f 3099/10641/3099 3112/10643/3112 3111/10644/3111
f 3100/10645/3100 3101/10646/3101 3113/10647/3113
f 3100/10645/3100 3113/10647/3113 3112/10648/3112
f 3101/10649/3101 3102/10650/3102 3114/10651/3114
f 3101/10649/3101 3114/10651/3114 3113/10652/3113
f 3102/10653/3102 3103/10654/3103 3115/10655/3115
f 3102/10653/3102 3115/10655/3115 3114/10656/3114
f 3103/10657/3103 3104/10658/3104 3116/10659/3116
f 3103/10657/3103 3116/10659/3116 3115/10660/3115
f 3104/10661/3104 3105/10662/3105 3117/10663/3117
f 3104/10661/3104 3117/10663/3117 3116/10664/3116
f 3105/10665/3105 3106/10666/3106 3118/10667/3118
f 3105/10665/3105 3118/10667/3118 3117/10668/3117
f 3106/10669/3106 3095/10670/3095 3107/10671/3107
f 3106/10669/3106 3107/10671/3107 3118/10672/3118
f 3107/10673/3107 3108/10674/3108 3120/10675/3120
f 3107/10673/3107 3120/10675/3120 3119/10676/3119
f 3108/10677/3108 3109/10678/3109 3121/10679/3121
f 3108/10677/3108 3121/10679/3121 3120/10680/3120
f 3109/10681/3109 3110/10682/3110 3122/10683/3122
f 3109/10681/3109 3122/10683/3122 3121/10684/3121
f 3110/10685/3110 3111/10686/3111 3123/10687/3123
f 3110/10685/3110 3123/10687/3123 3122/10688/3122
f 3111/10689/3111 3112/10690/3112 3124/10691/3124
f 3111/10689/3111 3124/10691/3124 3123/10692/3123
f 3112/10693/3112 3113/10694/3113 3125/10695/3125
f 3112/10693/3112 3125/10695/3125 3124/10696/3124
f 3113/10697/3113 3114/10698/3114 3126/10699/3126
f 3113/10697/3113 3126/10699/3126 3125/10700/3125
f 3114/10701/3114 3115/10702/3115 3127/10703/3127
f 3114/10701/3114 3127/10703/3127 3126/10704/3126
f 3115/10705/3115 3116/10706/3116 3128/10707/3128
f 3115/10705/3115 3128/10707/3128 3127/10708/3127
f 3116/10709/3116 3117/10710/3117 3129/10711/3129
f 3116/10709/3116 3129/10711/3129 3128/10712/3128
f 3117/10713/3117 3118/10714/3118 3130/10715/3130
f 3117/10713/3117 3130/10715/3130 3129/10716/3129
f 3118/10717/3118 3107/10718/3107 3119/10719/3119
f 3118/10717/3118 3119/10719/3119 3130/10720/3130
f 3119/10721/3119 3120/10722/3120 3132/10723/3132
f 3119/10721/3119 3132/10723/3132 3131/10724/3131
f 3120/10725/3120 3121/10726/3121 3133/10727/3133
f 3120/10725/3120 3133/10727/3133 3132/10728/3132
f 3121/10729/3121 3122/10730/3122 3134/10731/3134
f 3121/10729/3121 3134/10731/3134 3133/10732/3133
f 3122/10733/3122 3123/10734/3123 3135/10735/3135
f 3122/10733/3122 3135/10735/3135 3134/10736/3134
f 3123/10737/3123 3124/10738/3124 3136/10739/3136
f 3123/10737/3123 3136/10739/3136 3135/10740/3135
f 3124/10741/3124 3125/10742/3125 3137/10743/3137
f 3124/10741/3124 3137/10743/3137 3136/10744/3136
f 3125/10745/3125 3126/10746/3126 3138/10747/3138
f 3125/10745/3125 3138/10747/3138 3137/10748/3137
f 3126/10749/3126 3127/10750/3127 3139/10751/3139
f 3126/10749/3126 3139/10751/3139 3138/10752/3138
f 3127/10753/3127 3128/10754/3128 3140/10755/3140
f 3127/10753/3127 3140/10755/3140 3139/10756/3139
f 3128/10757/3128 3129/10758/3129 3141/10759/3141
f 3128/10757/3128 3141/10759/3141 3140/10760/3140
f 3129/10761/3129 3130/10762/3130 3142/10763/3142
f 3129/10761/3129 3142/10763/3142 3141/10764/3141
f 3130/10765/3130 3119/10766/3119 3131/10767/3131
f 3130/10765/3130 3131/10767/3131 3142/10768/3142
f 3131/10769/3131 3132/10770/3132 3144/10771/3144
f 3131/10769/3131 3144/10771/3144 3143/10772/3143
f 3132/10773/3132 3133/10774/3133 3145/10775/3145
f 3132/10773/3132 3145/10775/3145 3144/10776/3144
f 3133/10777/3133 3134/10778/3134 3146/10779/3146
f 3133/10777/3133 3146/10779/3146 3145/10780/3145
f 3134/10781/3134 3135/10782/3135 3147/10783/3147
f 3134/10781/3134 3147/10783/3147 3146/10784/3146
f 3135/10785/3135 3136/10786/3136 3148/10787/3148
f 3135/10785/3135 3148/10787/3148 3147/10788/3147
f 3136/10789/3136 3137/10790/3137 3149/10791/3149
f 3136/10789/3136 3149/10791/3149 3148/10792/3148
f 3137/10793/3137 3138/10794/3138 3150/10795/3150
f 3137/10793/3137 3150/10795/3150 3149/10796/3149
f 3138/10797/3138 3139/10798/3139 3151/10799/3151
f 3138/10797/3138 3151/10799/3151 3150/10800/3150
f 3139/10801/3139 3140/10802/3140 3152/10803/3152
f 3139/10801/3139 3152/10803/3152 3151/10804/3151
f 3140/10805/3140 3141/10806/3141 3153/10807/3153
f 3140/10805/3140 3153/10807/3153 3152/10808/3152
f 3141/10809/3141 3142/10810/3142 3154/10811/3154
f 3141/10809/3141 3154/10811/3154 3153/10812/3153
f 3142/10813/3142 3131/10814/3131 3143/10815/3143
f 3142/10813/3142 3143/10815/3143 3154/10816/3154
f 3447/11825/3447 3448/11826/3448 3460/11827/3460
f 3447/11825/3447 3460/11827/3460 3459/11828/3459
f 3448/11829/3448 3449/11830/3449 3461/11831/3461
f 3448/11829/3448 3461/11831/3461 3460/11832/3460
f 3449/11833/3449 3450/11834/3450 3462/11835/3462
f 3449/11833/3449 3462/11835/3462 3461/11836/3461
f 3450/11837/3450 3451/11838/3451 3463/11839/3463
f 3450/11837/3450 3463/11839/3463 3462/11840/3462
f 3451/11841/3451 3452/11842/3452 3464/11843/3464
f 3451/11841/3451 3464/11843/3464 3463/11844/3463
f 3452/11845/3452 3453/11846/3453 3465/11847/3465
f 3452/11845/3452 3465/11847/3465 3464/11848/3464
f 3453/11849/3453 3454/11850/3454 3466/11851/3466
f 3453/11849/3453 3466/11851/3466 3465/11852/3465
f 3454/11853/3454 3455/11854/3455 3467/11855/3467
f 3454/11853/3454 3467/11855/3467 3466/11856/3466
f 3455/11857/3455 3456/11858/3456 3468/11859/3468
f 3455/11857/3455 3468/11859/3468 3467/11860/3467
f 3456/11861/3456 3457/11862/3457 3469/11863/3469
f 3456/11861/3456 3469/11863/3469 3468/11864/3468
f 3457/11865/3457 3458/11866/3458 3470/11867/3470
f 3457/11865/3457 3470/11867/3470 3469/11868/3469
f 3458/11869/3458 3447/11870/3447 3459/11871/3459
f 3458/11869/3458 3459/11871/3459 3470/11872/3470
f 3459/11873/3459 3460/11874/3460 3472/11875/3472
f 3459/11873/3459 3472/11875/3472 3471/11876/3471
f 3460/11877/3460 3461/11878/3461 3473/11879/3473
f 3460/11877/3460 3473/11879/3473 3472/11880/3472
f 3461/11881/3461 3462/11882/3462 3474/11883/3474
f 3461/11881/3461 3474/11883/3474 3473/11884/3473
f 3462/11885/3462 3463/11886/3463 3475/11887/3475
f 3462/11885/3462 3475/11887/3475 3474/11888/3474
f 3463/11889/3463 3464/11890/3464 3476/11891/3476
f 3463/11889/3463 3476/11891/3476 3475/11892/3475
f 3464/11893/3464 3465/11894/3465 3477/11895/3477
f 3464/11893/3464 3477/11895/3477 3476/11896/3476
f 3465/11897/3465 3466/11898/3466 3478/11899/3478
f 3465/11897/3465 3478/11899/3478 3477/11900/3477
f 3466/11901/3466 3467/11902/3467 3479/11903/3479
f 3466/11901/3466 3479/11903/3479 3478/11904/3478
f 3467/11905/3467 3468/11906/3468 3480/11907/3480
f 3467/11905/3467 3480/11907/3480 3479/11908/3479
f 3468/11909/3468 3469/11910/3469 3481/11911/3481
f 3468/11909/3468 3481/11911/3481 3480/11912/3480
f 3469/11913/3469 3470/11914/3470 3482/11915/3482
f 3469/11913/3469 3482/11915/3482 3481/11916/3481
f 3470/11917/3470 3459/11918/3459 3471/11919/3471
f 3470/11917/3470 3471/11919/3471 3482/11920/3482
f 3471/11921/3471 3472/11922/3472 3484/11923/3484
f 3471/11921/3471 3484/11923/3484 3483/11924/3483
f 3472/11925/3472 3473/11926/3473 3485/11927/3485
f 3472/11925/3472 3485/11927/3485 3484/11928/3484
f 3473/11929/3473 3474/11930/3474 3486/11931/3486
f 3473/11929/3473 3486/11931/3486 3485/11932/3485
f 3474/11933/3474 3475/11934/3475 3487/11935/3487
f 3474/11933/3474 3487/11935/3487 3486/11936/3486
f 3475/11937/3475 3476/11938/3476 3488/11939/3488
f 3475/11937/3475 3488/11939/3488 3487/11940/3487
f 3476/11941/3476 3477/11942/3477 3489/11943/3489
f 3476/11941/3476 3489/11943/3489 3488/11944/3488
f 3477/11945/3477 3478/11946/3478 3490/11947/3490
f 3477/11945/3477 3490/11947/3490 3489/11948/3489
f 3478/11949/3478 3479/11950/3479 3491/11951/3491
f 3478/11949/3478 3491/11951/3491 3490/11952/3490
f 3479/11953/3479 3480/11954/3480 3492/11955/3492
f 3479/11953/3479 3492/11955/3492 3491/11956/3491
f 3480/11957/3480 3481/11958/3481 3493/11959/3493
f 3480/11957/3480 3493/11959/3493 3492/11960/3492
f 3481/11961/3481 3482/11962/3482 3494/11963/3494
f 3481/11961/3481 3494/11963/3494 3493/11964/3493
f 3482/11965/3482 3471/11966/3471 3483/11967/3483
f 3482/11965/3482 3483/11967/3483 3494/11968/3494
f 3483/11969/3483 3484/11970/3484 3496/11971/3496
f 3483/11969/3483 3496/11971/3496 3495/11972/3495
f 3484/11973/3484 3485/11974/3485 3497/11975/3497
f 3484/11973/3484 3497/11975/3497 3496/11976/3496
f 3485/11977/3485 3486/11978/3486 3498/11979/3498
f 3485/11977/3485 3498/11979/3498 3497/11980/3497
f 3486/11981/3486 3487/11982/3487 3499/11983/3499
f 3486/11981/3486 3499/11983/3499 3498/11984/3498
f 3487/11985/3487 3488/11986/3488 3500/11987/3500
f 3487/11985/3487 3500/11987/3500 3499/11988/3499
f 3488/11989/3488 3489/11990/3489 3501/11991/3501
f 3488/11989/3488 3501/11991/3501 3500/11992/3500
f 3489/11993/3489 3490/11994/3490 3502/11995/3502
f 3489/11993/3489 3502/11995/3502 3501/11996/3501
f 3490/11997/3490 3491/11998/3491 3503/11999/3503
f 3490/11997/3490 3503/11999/3503 3502/12000/3502
f 3491/12001/3491 3492/12002/3492 3504/12003/3504
f 3491/12001/3491 3504/12003/3504 3503/12004/3503
f 3492/12005/3492 3493/12006/3493 3505/12007/3505
f 3492/12005/3492 3505/12007/3505 3504/12008/3504
f 3493/12009/3493 3494/12010/3494 3506/12011/3506
f 3493/12009/3493 3506/12011/3506 3505/12012/3505
f 3494/12013/3494 3483/12014/3483 3495/12015/3495
f 3494/12013/3494 3495/12015/3495 3506/12016/3506
f 3495/12017/3495 3496/12018/3496 3508/12019/3508
f 3495/12017/3495 3508/12019/3508 3507/12020/3507
f 3496/12021/3496 3497/12022/3497 3509/12023/3509
f 3496/12021/3496 3509/12023/3509 3508/12024/3508
f 3497/12025/3497 3498/12026/3498 3510/12027/3510
f 3497/12025/3497 3510/12027/3510 3509/12028/3509
f 3498/12029/3498 3499/12030/3499 3511/12031/3511
f 3498/12029/3498 3511/12031/3511 3510/12032/3510
f 3499/12033/3499 3500/12034/3500 3512/12035/3512
f 3499/12033/3499 3512/12035/3512 3511/12036/3511
f 3500/12037/3500 3501/12038/3501 3513/12039/3513
f 3500/12037/3500 3513/12039/3513 3512/12040/3512
f 3501/12041/3501 3502/12042/3502 3514/12043/3514
f 3501/12041/3501 3514/12043/3514 3513/12044/3513
f 3502/12045/3502 3503/12046/3503 3515/12047/3515
f 3502/12045/3502 3515/12047/3515 3514/12048/3514
f 3503/12049/3503 3504/12050/3504 3516/12051/3516
f 3503/12049/3503 3516/12051/3516 3515/12052/3515
f 3504/12053/3504 3505/12054/3505 3517/12055/3517
f 3504/12053/3504 3517/12055/3517 3516/12056/3516
f 3505/12057/3505 3506/12058/3506 3518/12059/3518
f 3505/12057/3505 3518/12059/3518 3517/12060/3517
f 3506/12061/3506 3495/12062/3495 3507/12063/3507
f 3506/12061/3506 3507/12063/3507 3518/12064/3518
f 3519/12065/3519 3520/12066/3520 3532/12067/3532
f 3519/12065/3519 3532/12067/3532 3531/12068/3531
f 3520/12069/3520 3521/12070/3521 3533/12071/3533
f 3520/12069/3520 3533/12071/3533 3532/12072/3532
f 3521/12073/3521 3522/12074/3522 3534/12075/3534
f 3521/12073/3521 3534/12075/3534 3533/12076/3533
f 3522/12077/3522 3523/12078/3523 3535/12079/3535
f 3522/12077/3522 3535/12079/3535 3534/12080/3534
f 3523/12081/3523 3524/12082/3524 3536/12083/3536
f 3523/12081/3523 3536/12083/3536 3535/12084/3535
f 3524/12085/3524 3525/12086/3525 3537/12087/3537
f 3524/12085/3524 3537/12087/3537 3536/12088/3536
f 3525/12089/3525 3526/12090/3526 3538/12091/3538
f 3525/12089/3525 3538/12091/3538 3537/12092/3537
f 3526/12093/3526 3527/12094/3527 3539/12095/3539
f 3526/12093/3526 3539/12095/3539 3538/12096/3538
f 3527/12097/3527 3528/12098/3528 3540/12099/3540
f 3527/12097/3527 3540/12099/3540 3539/12100/3539
f 3528/12101/3528 3529/12102/3529 3541/12103/3541
f 3528/12101/3528 3541/12103/3541 3540/12104/3540
f 3529/12105/3529 3530/12106/3530 3542/12107/3542
f 3529/12105/3529 3542/12107/3542 3541/12108/3541
f 3530/12109/3530 3519/12110/3519 3531/12111/3531
f 3530/12109/3530 3531/12111/3531 3542/12112/3542
f 3531/12113/3531 3532/12114/3532 3544/12115/3544
f 3531/12113/3531 3544/12115/3544 3543/12116/3543
f 3532/12117/3532 3533/12118/3533 3545/12119/3545
f 3532/12117/3532 3545/12119/3545 3544/12120/3544
f 3533/12121/3533 3534/12122/3534 3546/12123/3546
f 3533/12121/3533 3546/12123/3546 3545/12124/3545
f 3534/12125/3534 3535/12126/3535 3547/12127/3547
f 3534/12125/3534 3547/12127/3547 3546/12128/3546
f 3535/12129/3535 3536/12130/3536 3548/12131/3548
f 3535/12129/3535 3548/12131/3548 3547/12132/3547
f 3536/12133/3536 3537/12134/3537 3549/12135/3549
f 3536/12133/3536 3549/12135/3549 3548/12136/3548
f 3537/12137/3537 3538/12138/3538 3550/12139/3550
f 3537/12137/3537 3550/12139/3550 3549/12140/3549
f 3538/12141/3538 3539/12142/3539 3551/12143/3551
f 3538/12141/3538 3551/12143/3551 3550/12144/3550
f 3539/12145/3539 3540/12146/3540 3552/12147/3552
f 3539/12145/3539 3552/12147/3552 3551/12148/3551
f 3540/12149/3540 3541/12150/3541 3553/12151/3553
f 3540/12149/3540 3553/12151/3553 3552/12152/3552
f 3541/12153/3541 3542/12154/3542 3554/12155/3554
f 3541/12153/3541 3554/12155/3554 3553/12156/3553
f 3542/12157/3542 3531/12158/3531 3543/12159/3543
f 3542/12157/3542 3543/12159/3543 3554/12160/3554
f 3543/12161/3543 3544/12162/3544 3556/12163/3556
f 3543/12161/3543 3556/12163/3556 3555/12164/3555
f 3544/12165/3544 3545/12166/3545 3557/12167/3557
f 3544/12165/3544 3557/12167/3557 3556/12168/3556
f 3545/12169/3545 3546/12170/3546 3558/12171/3558
f 3545/12169/3545 3558/12171/3558 3557/12172/3557
f 3546/12173/3546 3547/12174/3547 3559/12175/3559
f 3546/12173/3546 3559/12175/3559 3558/12176/3558
f 3547/12177/3547 3548/12178/3548 3560/12179/3560
f 3547/12177/3547 3560/12179/3560 3559/12180/3559
f 3548/12181/3548 3549/12182/3549 3561/12183/3561
f 3548/12181/3548 3561/12183/3561 3560/12184/3560
f 3549/12185/3549 3550/12186/3550 3562/12187/3562
f 3549/12185/3549 3562/12187/3562 3561/12188/3561
f 3550/12189/3550 3551/12190/3551 3563/12191/3563
f 3550/12189/3550 3563/12191/3563 3562/12192/3562
f 3551/12193/3551 3552/12194/3552 3564/12195/3564
f 3551/12193/3551 3564/12195/3564 3563/12196/3563
f 3552/12197/3552 3553/12198/3553 3565/12199/3565
f 3552/12197/3552 3565/12199/3565 3564/12200/3564
f 3553/12201/3553 3554/12202/3554 3566/12203/3566
f 3553/12201/3553 3566/12203/3566 3565/12204/3565
f 3554/12205/3554 3543/12206/3543 3555/12207/3555
f 3554/12205/3554 3555/12207/3555 3566/12208/3566
f 3555/12209/3555 3556/12210/3556 3568/12211/3568
f 3555/12209/3555 3568/12211/3568 3567/12212/3567
f 3556/12213/3556 3557/12214/3557 3569/12215/3569
f 3556/12213/3556 3569/12215/3569 3568/12216/3568
f 3557/12217/3557 3558/12218/3558 3570/12219/3570
f 3557/12217/3557 3570/12219/3570 3569/12220/3569
f 3558/12221/3558 3559/12222/3559 3571/12223/3571
f 3558/12221/3558 3571/12223/3571 3570/12224/3570
f 3559/12225/3559 3560/12226/3560 3572/12227/3572
f 3559/12225/3559 3572/12227/3572 3571/12228/3571
f 3560/12229/3560 3561/12230/3561 3573/12231/3573
f 3560/12229/3560 3573/12231/3573 3572/12232/3572
f 3561/12233/3561 3562/12234/3562 3574/12235/3574
f 3561/12233/3561 3574/12235/3574 3573/12236/3573
f 3562/12237/3562 3563/12238/3563 3575/12239/3575
f 3562/12237/3562 3575/12239/3575 3574/12240/3574
f 3563/12241/3563 3564/12242/3564 3576/12243/3576
f 3563/12241/3563 3576/12243/3576 3575/12244/3575
f 3564/12245/3564 3565/12246/3565 3577/12247/3577
f 3564/12245/3564 3577/12247/3577 3576/12248/3576
f 3565/12249/3565 3566/12250/3566 3578/12251/3578
f 3565/12249/3565 3578/12251/3578 3577/12252/3577
f 3566/12253/3566 3555/12254/3555 3567/12255/3567
f 3566/12253/3566 3567/12255/3567 3578/12256/3578
f 3567/12257/3567 3568/12258/3568 3580/12259/3580
f 3567/12257/3567 3580/12259/3580 3579/12260/3579
f 3568/12261/3568 3569/12262/3569 3581/12263/3581
f 3568/12261/3568 3581/12263/3581 3580/12264/3580
f 3569/12265/3569 3570/12266/3570 3582/12267/3582
f 3569/12265/3569 3582/12267/3582 3581/12268/3581
f 3570/12269/3570 3571/12270/3571 3583/12271/3583
f 3570/12269/3570 3583/12271/3583 3582/12272/3582
f 3571/12273/3571 3572/12274/3572 3584/12275/3584
f 3571/12273/3571 3584/12275/3584 3583/12276/3583
f 3572/12277/3572 3573/12278/3573 3585/12279/3585
f 3572/12277/3572 3585/12279/3585 3584/12280/3584
f 3573/12281/3573 3574/12282/3574 3586/12283/3586
f 3573/12281/3573 3586/12283/3586 3585/12284/3585
f 3574/12285/3574 3575/12286/3575 3587/12287/3587
f 3574/12285/3574 3587/12287/3587 3586/12288/3586
f 3575/12289/3575 3576/12290/3576 3588/12291/3588
f 3575/12289/3575 3588/12291/3588 3587/12292/3587
f 3576/12293/3576 3577/12294/3577 3589/12295/3589
f 3576/12293/3576 3589/12295/3589 3588/12296/3588
f 3577/12297/3577 3578/12298/3578 3590/12299/3590
f 3577/12297/3577 3590/12299/3590 3589/12300/3589
f 3578/12301/3578 3567/12302/3567 3579/12303/3579
f 3578/12301/3578 3579/12303/3579 3590/12304/3590
f 3579/12305/3579 3580/12306/3580 3592/12307/3592
f 3579/12305/3579 3592/12307/3592 3591/12308/3591
f 3580/12309/3580 3581/12310/3581 3593/12311/3593
f 3580/12309/3580 3593/12311/3593 3592/12312/3592
f 3581/12313/3581 3582/12314/3582 3594/12315/3594
f 3581/12313/3581 3594/12315/3594 3593/12316/3593
f 3582/12317/3582 3583/12318/3583 3595/12319/3595
f 3582/12317/3582 3595/12319/3595 3594/12320/3594
f 3583/12321/3583 3584/12322/3584 3596/12323/3596
f 3583/12321/3583 3596/12323/3596 3595/12324/3595
f 3584/12325/3584 3585/12326/3585 3597/12327/3597
f 3584/12325/3584 3597/12327/3597 3596/12328/3596
f 3585/12329/3585 3586/12330/3586 3598/12331/3598
f 3585/12329/3585 3598/12331/3598 3597/12332/3597
f 3586/12333/3586 3587/12334/3587 3599/12335/3599
f 3586/12333/3586 3599/12335/3599 3598/12336/3598
f 3587/12337/3587 3588/12338/3588 3600/12339/3600
f 3587/12337/3587 3600/12339/3600 3599/12340/3599
f 3588/12341/3588 3589/12342/3589 3601/12343/3601
f 3588/12341/3588 3601/12343/3601 3600/12344/3600
f 3589/12345/3589 3590/12346/3590 3602/12347/3602
f 3589/12345/3589 3602/12347/3602 3601/12348/3601
f 3590/12349/3590 3579/12350/3579 3591/12351/3591
f 3590/12349/3590 3591/12351/3591 3602/12352/3602
